Step,Vehicle_ID,Speed_MPH,TTI,Override_Triggered
53,oncoming_sedans.0,45.0,1.99,1
54,oncoming_sedans.0,43.0,2.08,1
55,oncoming_sedans.0,41.0,2.18,1
73,oncoming_trucks.0,27.4,3.27,1
74,oncoming_trucks.0,26.5,3.37,1
75,oncoming_trucks.0,25.6,3.49,1
76,oncoming_trucks.0,24.8,3.61,1
77,oncoming_trucks.0,23.9,3.75,1
78,oncoming_trucks.0,23.0,3.89,1
153,oncoming_sedans.1,25.9,3.46,1
154,oncoming_sedans.1,25.2,3.55,1
155,oncoming_sedans.1,24.5,3.65,1
156,oncoming_sedans.1,23.8,3.76,1
157,oncoming_sedans.1,23.1,3.88,1
171,school_buses.0,21.5,4.16,1
172,school_buses.0,20.8,4.3,1
173,school_buses.0,20.1,4.46,1
174,school_buses.0,19.3,4.64,0
175,school_buses.0,18.5,4.83,0
176,school_buses.0,17.8,5.03,0
177,school_buses.0,17.0,5.26,0
178,school_buses.0,16.2,5.51,0
179,school_buses.0,15.5,5.78,0
180,school_buses.0,14.7,6.08,0
181,school_buses.0,14.0,6.41,0
182,school_buses.0,13.2,6.77,0
183,school_buses.0,12.5,7.17,0
184,school_buses.0,11.7,7.62,0
185,school_buses.0,11.0,8.1,0
185,school_buses.0,11.0,8.1,0
186,school_buses.0,11.0,8.1,0
187,school_buses.0,11.0,8.11,0
188,school_buses.0,11.0,8.13,0
189,school_buses.0,10.9,8.18,0
246,oncoming_sedans.2,21.0,4.27,1
247,oncoming_sedans.2,20.2,4.43,1
248,oncoming_sedans.2,19.4,4.61,0
249,oncoming_sedans.2,18.6,4.8,0
250,oncoming_sedans.2,17.9,5.01,0
251,oncoming_sedans.2,17.1,5.24,0
329,oncoming_trucks.1,14.0,6.37,0
330,oncoming_trucks.1,13.4,6.67,0
331,oncoming_trucks.1,12.8,7.0,0
332,oncoming_trucks.1,12.1,7.37,0
333,oncoming_trucks.1,11.5,7.77,0
334,oncoming_trucks.1,10.9,8.22,0
335,oncoming_trucks.1,10.3,8.71,0
336,oncoming_trucks.1,9.7,9.27,0
337,oncoming_trucks.1,9.0,9.89,0
338,oncoming_trucks.1,8.5,10.59,0
339,oncoming_trucks.1,7.9,11.37,0
340,oncoming_trucks.1,7.3,12.26,0
341,oncoming_trucks.1,6.7,13.27,0
342,oncoming_trucks.1,6.2,14.41,0
342,oncoming_sedans.3,12.9,6.91,0
343,oncoming_trucks.1,5.7,15.73,0
343,oncoming_sedans.3,12.2,7.33,0
344,oncoming_sedans.3,11.5,7.8,0
345,oncoming_sedans.3,10.8,8.32,0
346,oncoming_sedans.3,10.1,8.9,0
347,oncoming_sedans.3,9.4,9.55,0
348,oncoming_sedans.3,8.7,10.28,0
349,oncoming_sedans.3,8.1,11.09,0
350,oncoming_sedans.3,7.5,12.01,0
351,oncoming_sedans.3,6.9,13.04,0
352,oncoming_sedans.3,6.3,14.21,0
353,oncoming_sedans.3,5.8,15.55,0
354,oncoming_sedans.3,5.2,17.07,0
3169,oncoming_sedans.4,2.0,45.22,0
3170,oncoming_sedans.4,2.1,41.83,0
3171,oncoming_sedans.4,2.3,38.89,0
3172,oncoming_sedans.4,2.5,36.33,0
3173,oncoming_sedans.4,2.6,34.09,0
3174,oncoming_sedans.4,2.8,32.13,0
3175,oncoming_sedans.4,2.9,30.41,0
3176,oncoming_sedans.4,3.1,28.89,0
3177,oncoming_sedans.4,3.2,27.56,0
3178,oncoming_sedans.4,3.4,26.38,0
3179,oncoming_sedans.4,3.5,25.35,0
3180,oncoming_sedans.4,3.7,24.45,0
3181,oncoming_sedans.4,3.8,23.67,0
3182,oncoming_sedans.4,3.9,22.99,0
3183,oncoming_sedans.4,4.0,22.42,0
3184,oncoming_sedans.4,4.1,21.94,0
3185,oncoming_sedans.4,4.2,21.55,0
3186,oncoming_sedans.4,4.2,21.25,0
3187,oncoming_sedans.4,4.3,21.04,0
3188,oncoming_sedans.4,4.3,20.91,0
3189,oncoming_sedans.4,4.3,20.87,0
3190,oncoming_sedans.4,4.3,20.92,0
3191,oncoming_sedans.4,4.3,21.05,0
3192,oncoming_sedans.4,4.2,21.28,0
3193,oncoming_sedans.4,4.1,21.61,0
3193,oncoming_sedans.5,1.9,46.85,0
3194,oncoming_sedans.4,4.1,22.04,0
3194,oncoming_sedans.5,2.1,42.8,0
3195,oncoming_sedans.4,4.0,22.58,0
3195,oncoming_sedans.5,2.3,39.33,0
3196,oncoming_sedans.4,3.8,23.25,0
3196,oncoming_sedans.5,2.5,36.34,0
3197,oncoming_sedans.4,3.7,24.05,0
3197,oncoming_sedans.5,2.7,33.75,0
3198,oncoming_sedans.4,3.6,25.0,0
3198,oncoming_sedans.5,2.8,31.49,0
3199,oncoming_sedans.4,3.4,26.12,0
3199,oncoming_sedans.5,3.0,29.53,0
3200,oncoming_sedans.5,3.2,27.81,0
3201,oncoming_sedans.5,3.4,26.3,0
3202,oncoming_sedans.5,3.6,24.98,0
3203,oncoming_sedans.5,3.8,23.83,0
3204,oncoming_sedans.5,3.9,22.83,0
3205,oncoming_sedans.5,4.1,21.96,0
3206,oncoming_sedans.5,4.2,21.21,0
3207,oncoming_sedans.5,4.3,20.58,0
3208,oncoming_sedans.5,4.5,20.05,0
3209,oncoming_sedans.5,4.6,19.62,0
3210,oncoming_sedans.5,4.6,19.28,0
3211,oncoming_sedans.5,4.7,19.03,0
3212,oncoming_sedans.5,4.7,18.88,0
3213,oncoming_sedans.5,4.8,18.81,0
3214,oncoming_sedans.5,4.8,18.82,0
3215,oncoming_sedans.5,4.7,18.93,0
3216,oncoming_sedans.5,4.7,19.12,0
3217,oncoming_sedans.5,4.6,19.41,0
3218,oncoming_sedans.5,4.5,19.79,0
3219,oncoming_sedans.5,4.4,20.28,0
3220,oncoming_sedans.5,4.3,20.87,0
3255,oncoming_trucks.2,1.2,73.98,0
3256,oncoming_trucks.2,1.1,85.14,0
3257,oncoming_trucks.2,0.9,99.23,0
3258,oncoming_trucks.2,0.8,117.38,0
3259,oncoming_trucks.2,0.6,141.38,0
3260,oncoming_trucks.2,0.5,174.25,0
3261,oncoming_trucks.2,0.4,221.41,0
3262,oncoming_trucks.2,0.3,293.77,0
6240,reckless_actor.0,1.8,50.16,0
6241,reckless_actor.0,1.9,46.35,0
6242,reckless_actor.0,2.1,43.04,0
6243,reckless_actor.0,2.2,40.14,0
6244,reckless_actor.0,2.4,37.61,0
6245,reckless_actor.0,2.5,35.37,0
6246,reckless_actor.0,2.7,33.39,0
6247,reckless_actor.0,2.8,31.64,0
6248,reckless_actor.0,3.0,30.08,0
6249,reckless_actor.0,3.1,28.7,0
6250,reckless_actor.0,3.3,27.46,0
6251,reckless_actor.0,3.4,26.36,0
6252,reckless_actor.0,3.5,25.38,0
6253,reckless_actor.0,3.6,24.52,0
6254,reckless_actor.0,3.8,23.75,0
6255,reckless_actor.0,3.9,23.08,0
6256,reckless_actor.0,4.0,22.5,0
6257,reckless_actor.0,4.1,22.0,0
6258,reckless_actor.0,4.1,21.58,0
6259,reckless_actor.0,4.2,21.24,0
6260,reckless_actor.0,4.3,20.97,0
6261,reckless_actor.0,4.3,20.78,0
6262,reckless_actor.0,4.3,20.66,0
6263,reckless_actor.0,4.3,20.63,0
6264,reckless_actor.0,4.3,20.67,0
6265,reckless_actor.0,4.3,20.79,0
6265,oncoming_trucks.2,0.2,366.76,0
6266,reckless_actor.0,4.3,21.01,0
6266,oncoming_trucks.2,0.3,266.12,0
6267,reckless_actor.0,4.2,21.32,0
6267,oncoming_trucks.2,0.4,202.41,0
6268,reckless_actor.0,4.1,21.74,0
6268,oncoming_trucks.2,0.6,159.55,0
6269,reckless_actor.0,4.0,22.27,0
6269,oncoming_trucks.2,0.7,129.34,0
6270,reckless_actor.0,3.9,22.92,0
6270,oncoming_trucks.2,0.8,107.24,0
6271,reckless_actor.0,3.8,23.72,0
6271,oncoming_trucks.2,1.0,90.59,0
6272,reckless_actor.0,3.6,24.68,0
6272,oncoming_trucks.2,1.2,77.73,0
6273,reckless_actor.0,3.5,25.83,0
6273,oncoming_trucks.2,1.3,67.59,0
6274,reckless_actor.0,3.3,27.18,0
6274,oncoming_trucks.2,1.5,59.44,0
6275,reckless_actor.0,3.1,28.77,0
6275,oncoming_trucks.2,1.7,52.8,0
6276,reckless_actor.0,2.9,30.64,0
6276,oncoming_trucks.2,1.9,47.32,0
6277,reckless_actor.0,2.7,32.85,0
6277,oncoming_trucks.2,2.1,42.73,0
6278,oncoming_trucks.2,2.3,38.86,0
6279,oncoming_trucks.2,2.5,35.55,0
6280,oncoming_trucks.2,2.7,32.71,0
6281,oncoming_trucks.2,3.0,30.25,0
6282,oncoming_trucks.2,3.2,28.11,0
6283,oncoming_trucks.2,3.4,26.23,0
6284,oncoming_trucks.2,3.6,24.57,0
6285,oncoming_trucks.2,3.9,23.1,0
6286,oncoming_trucks.2,4.1,21.79,0
6287,oncoming_trucks.2,4.3,20.62,0
6288,oncoming_trucks.2,4.6,19.57,0
6289,oncoming_trucks.2,4.8,18.63,0
6290,oncoming_trucks.2,5.0,17.78,0
6291,oncoming_trucks.2,5.3,17.01,0
6292,oncoming_trucks.2,5.5,16.32,0
6293,oncoming_trucks.2,5.7,15.69,0
6294,oncoming_trucks.2,5.9,15.12,0
6295,oncoming_trucks.2,6.1,14.61,0
6296,oncoming_trucks.2,6.3,14.15,0
6297,oncoming_trucks.2,6.5,13.73,0
6298,oncoming_trucks.2,6.7,13.35,0
6299,oncoming_trucks.2,6.9,13.01,0
6300,oncoming_trucks.2,7.0,12.72,0
6301,oncoming_trucks.2,7.2,12.45,0
6319,oncoming_sedans.6,7.5,11.97,0
6320,oncoming_sedans.6,7.5,11.98,0
6321,oncoming_sedans.6,7.4,12.03,0
6322,oncoming_sedans.6,7.4,12.13,0
6323,oncoming_sedans.6,7.3,12.27,0
6324,oncoming_sedans.6,7.2,12.46,0
6325,oncoming_sedans.6,7.0,12.7,0
6326,oncoming_sedans.6,6.9,12.99,0
6327,oncoming_sedans.6,6.7,13.35,0
6328,oncoming_sedans.6,6.5,13.77,0
6329,oncoming_sedans.6,6.3,14.26,0
6330,oncoming_sedans.6,6.0,14.83,0
6331,oncoming_sedans.6,5.8,15.49,0
6332,oncoming_sedans.6,5.5,16.25,0
6333,oncoming_sedans.6,5.2,17.13,0
6334,oncoming_sedans.6,4.9,18.13,0
6335,oncoming_sedans.6,4.6,19.27,0
6336,oncoming_sedans.6,4.3,20.58,0
9316,oncoming_sedans.7,3.0,29.43,0
9317,oncoming_sedans.7,3.2,28.15,0
9318,oncoming_sedans.7,3.3,27.03,0
9319,oncoming_sedans.7,3.4,26.03,0
9320,oncoming_sedans.7,3.6,25.16,0
9321,oncoming_sedans.7,3.7,24.4,0
9322,oncoming_sedans.7,3.8,23.74,0
9323,oncoming_sedans.7,3.9,23.18,0
9324,oncoming_sedans.7,3.9,22.71,0
9325,oncoming_sedans.7,4.0,22.33,0
9326,oncoming_sedans.7,4.1,22.04,0
9327,oncoming_sedans.7,4.1,21.83,0
9328,oncoming_sedans.7,4.1,21.7,0
9329,oncoming_sedans.7,4.1,21.66,0
9330,oncoming_sedans.7,4.1,21.71,0
9331,oncoming_sedans.7,4.1,21.84,0
9332,oncoming_sedans.7,4.1,22.07,0
9333,oncoming_sedans.7,4.0,22.39,0
9334,oncoming_sedans.7,3.9,22.82,0
9335,oncoming_sedans.7,3.8,23.36,0
9336,oncoming_sedans.7,3.7,24.02,0
9337,oncoming_sedans.7,3.6,24.81,0
9338,oncoming_sedans.7,3.5,25.75,0
9339,oncoming_sedans.7,3.3,26.85,0
9340,oncoming_sedans.7,3.2,28.13,0
9341,oncoming_sedans.7,3.0,29.62,0
9342,oncoming_sedans.7,2.9,31.34,0
9343,oncoming_sedans.7,2.7,33.33,0
9344,oncoming_sedans.7,2.5,35.64,0
9345,oncoming_sedans.7,2.3,38.31,0
9346,oncoming_sedans.7,2.2,41.41,0
9347,oncoming_sedans.7,2.0,45.02,0
9373,oncoming_sedans.8,2.0,43.82,0
9374,oncoming_sedans.8,2.2,40.72,0
9375,oncoming_sedans.8,2.4,38.01,0
9376,oncoming_sedans.8,2.5,35.63,0
9377,oncoming_sedans.8,2.7,33.54,0
9378,oncoming_sedans.8,2.8,31.7,0
9379,oncoming_sedans.8,3.0,30.07,0
9380,oncoming_sedans.8,3.1,28.64,0
9381,oncoming_sedans.8,3.3,27.38,0
9382,oncoming_sedans.8,3.4,26.26,0
9383,oncoming_sedans.8,3.5,25.28,0
9384,oncoming_sedans.8,3.7,24.43,0
9385,oncoming_sedans.8,3.8,23.69,0
9386,oncoming_sedans.8,3.9,23.05,0
9387,oncoming_sedans.8,4.0,22.51,0
9388,oncoming_sedans.8,4.1,22.07,0
9389,oncoming_sedans.8,4.1,21.72,0
9390,oncoming_sedans.8,4.2,21.45,0
9391,oncoming_sedans.8,4.2,21.27,0
9392,oncoming_sedans.8,4.2,21.17,0
9393,oncoming_sedans.8,4.2,21.16,0
9394,oncoming_sedans.8,4.2,21.23,0
9395,oncoming_sedans.8,4.2,21.39,0
9396,oncoming_sedans.8,4.1,21.65,0
9397,oncoming_sedans.8,4.1,22.0,0
9398,oncoming_sedans.8,4.0,22.45,0
9399,oncoming_sedans.8,3.9,23.01,0
9400,oncoming_sedans.8,3.8,23.7,0
9401,oncoming_sedans.8,3.7,24.51,0
9402,oncoming_sedans.8,3.5,25.46,0
9403,oncoming_sedans.8,3.4,26.57,0
12398,oncoming_trucks.3,3.3,27.36,0
12399,oncoming_trucks.3,3.4,26.13,0
12400,oncoming_trucks.3,3.6,25.03,0
12401,oncoming_trucks.3,3.7,24.05,0
12402,oncoming_trucks.3,3.9,23.16,0
12403,oncoming_trucks.3,4.0,22.38,0
12404,oncoming_trucks.3,4.1,21.68,0
12405,oncoming_trucks.3,4.2,21.06,0
12406,oncoming_trucks.3,4.4,20.51,0
12407,oncoming_trucks.3,4.5,20.04,0
12408,oncoming_trucks.3,4.6,19.63,0
12409,oncoming_trucks.3,4.6,19.29,0
12410,oncoming_trucks.3,4.7,19.02,0
12411,oncoming_trucks.3,4.8,18.81,0
12412,oncoming_trucks.3,4.8,18.66,0
12413,oncoming_trucks.3,4.8,18.58,0
12414,oncoming_trucks.3,4.8,18.56,0
12415,oncoming_trucks.3,4.8,18.62,0
12416,oncoming_trucks.3,4.8,18.74,0
12417,oncoming_trucks.3,4.7,18.95,0
12418,oncoming_trucks.3,4.6,19.24,0
12419,oncoming_trucks.3,4.6,19.63,0
12420,oncoming_trucks.3,4.4,20.12,0
12421,oncoming_trucks.3,4.3,20.72,0
12422,oncoming_trucks.3,4.2,21.45,0
12423,oncoming_trucks.3,4.0,22.32,0
12424,oncoming_trucks.3,3.8,23.35,0
12425,oncoming_trucks.3,3.6,24.57,0
12426,oncoming_trucks.3,3.4,26.01,0
12427,oncoming_trucks.3,3.2,27.7,0
12428,oncoming_trucks.3,3.0,29.68,0
12429,oncoming_trucks.3,2.8,32.02,0
12440,oncoming_sedans.9,2.1,43.25,0
12441,oncoming_sedans.9,2.2,40.17,0
12442,oncoming_sedans.9,2.4,37.48,0
12443,oncoming_sedans.9,2.5,35.13,0
12444,oncoming_sedans.9,2.7,33.07,0
12445,oncoming_sedans.9,2.9,31.26,0
12446,oncoming_sedans.9,3.0,29.67,0
12447,oncoming_sedans.9,3.2,28.27,0
12448,oncoming_sedans.9,3.3,27.05,0
12449,oncoming_sedans.9,3.4,25.99,0
12450,oncoming_sedans.9,3.6,25.06,0
12451,oncoming_sedans.9,3.7,24.27,0
12452,oncoming_sedans.9,3.8,23.59,0
12453,oncoming_sedans.9,3.9,23.03,0
12454,oncoming_sedans.9,4.0,22.57,0
12455,oncoming_sedans.9,4.0,22.21,0
12456,oncoming_sedans.9,4.1,21.94,0
12457,oncoming_sedans.9,4.1,21.77,0
12458,oncoming_sedans.9,4.1,21.7,0
12459,oncoming_sedans.9,4.1,21.71,0
12460,oncoming_sedans.9,4.1,21.81,0
12461,oncoming_sedans.9,4.1,22.01,0
12462,oncoming_sedans.9,4.0,22.31,0
12463,oncoming_sedans.9,3.9,22.71,0
12464,oncoming_sedans.9,3.9,23.21,0
12465,oncoming_sedans.9,3.8,23.83,0
12466,oncoming_sedans.9,3.6,24.56,0
12467,oncoming_sedans.9,3.5,25.43,0
12468,oncoming_sedans.9,3.4,26.43,0
12469,oncoming_sedans.9,3.2,27.59,0
12470,oncoming_sedans.9,3.1,28.91,0
12471,oncoming_sedans.9,2.9,30.42,0
15470,oncoming_sedans.10,3.0,29.54,0
15471,oncoming_sedans.10,3.2,28.25,0
15472,oncoming_sedans.10,3.3,27.11,0
15473,oncoming_sedans.10,3.4,26.11,0
15474,oncoming_sedans.10,3.5,25.23,0
15475,oncoming_sedans.10,3.7,24.46,0
15476,oncoming_sedans.10,3.8,23.8,0
15477,oncoming_sedans.10,3.9,23.23,0
15478,oncoming_sedans.10,3.9,22.76,0
15479,oncoming_sedans.10,4.0,22.38,0
15480,oncoming_sedans.10,4.1,22.08,0
15481,oncoming_sedans.10,4.1,21.87,0
15482,oncoming_sedans.10,4.1,21.74,0
15483,oncoming_sedans.10,4.1,21.69,0
15484,oncoming_sedans.10,4.1,21.74,0
15485,oncoming_sedans.10,4.1,21.87,0
15486,oncoming_sedans.10,4.1,22.09,0
15487,oncoming_sedans.10,4.0,22.41,0
15488,oncoming_sedans.10,3.9,22.84,0
15489,oncoming_sedans.10,3.8,23.38,0
15490,oncoming_sedans.10,3.7,24.03,0
15491,oncoming_sedans.10,3.6,24.82,0
15492,oncoming_sedans.10,3.5,25.76,0
15493,oncoming_sedans.10,3.3,26.86,0
15494,oncoming_sedans.10,3.2,28.14,0
15495,oncoming_sedans.10,3.0,29.63,0
15496,oncoming_sedans.10,2.9,31.35,0
15497,oncoming_sedans.10,2.7,33.34,0
15498,oncoming_sedans.10,2.5,35.64,0
15499,oncoming_sedans.10,2.3,38.31,0
15500,oncoming_sedans.10,2.2,41.41,0
15501,oncoming_sedans.10,2.0,45.01,0
15519,oncoming_sedans.11,2.7,33.63,0
15520,oncoming_sedans.11,2.9,31.31,0
15521,oncoming_sedans.11,3.1,29.29,0
15522,oncoming_sedans.11,3.3,27.53,0
15523,oncoming_sedans.11,3.4,25.99,0
15524,oncoming_sedans.11,3.6,24.64,0
15525,oncoming_sedans.11,3.8,23.47,0
15526,oncoming_sedans.11,4.0,22.44,0
15527,oncoming_sedans.11,4.2,21.55,0
15528,oncoming_sedans.11,4.3,20.78,0
15529,oncoming_sedans.11,4.4,20.12,0
15530,oncoming_sedans.11,4.6,19.57,0
15531,oncoming_sedans.11,4.7,19.1,0
15532,oncoming_sedans.11,4.8,18.73,0
15533,oncoming_sedans.11,4.8,18.45,0
15534,oncoming_sedans.11,4.9,18.25,0
15535,oncoming_sedans.11,4.9,18.13,0
15536,oncoming_sedans.11,4.9,18.09,0
15537,oncoming_sedans.11,4.9,18.13,0
15538,oncoming_sedans.11,4.9,18.25,0
15539,oncoming_sedans.11,4.8,18.46,0
15540,oncoming_sedans.11,4.8,18.75,0
15541,oncoming_sedans.11,4.7,19.13,0
15542,oncoming_sedans.11,4.6,19.61,0
15543,oncoming_sedans.11,4.4,20.18,0
15544,oncoming_sedans.11,4.3,20.87,0
18552,oncoming_trucks.4,3.3,27.36,0
18553,oncoming_trucks.4,3.4,26.13,0
18554,oncoming_trucks.4,3.6,25.03,0
18555,oncoming_trucks.4,3.7,24.05,0
18556,oncoming_trucks.4,3.9,23.16,0
18557,oncoming_trucks.4,4.0,22.38,0
18558,oncoming_trucks.4,4.1,21.68,0
18559,oncoming_trucks.4,4.2,21.06,0
18560,oncoming_trucks.4,4.4,20.51,0
18561,oncoming_trucks.4,4.5,20.04,0
18562,oncoming_trucks.4,4.6,19.63,0
18563,oncoming_trucks.4,4.6,19.29,0
18564,oncoming_trucks.4,4.7,19.02,0
18565,oncoming_trucks.4,4.8,18.81,0
18566,oncoming_trucks.4,4.8,18.66,0
18567,oncoming_trucks.4,4.8,18.58,0
18568,oncoming_trucks.4,4.8,18.56,0
18569,oncoming_trucks.4,4.8,18.62,0
18570,oncoming_trucks.4,4.8,18.75,0
18571,oncoming_trucks.4,4.7,18.95,0
18572,oncoming_trucks.4,4.6,19.25,0
18573,oncoming_trucks.4,4.6,19.63,0
18574,oncoming_trucks.4,4.4,20.12,0
18575,oncoming_trucks.4,4.3,20.72,0
18575,oncoming_sedans.12,0.2,368.99,0
18576,oncoming_trucks.4,4.2,21.45,0
18576,oncoming_sedans.12,0.3,288.89,0
18577,oncoming_trucks.4,4.0,22.32,0
18577,oncoming_sedans.12,0.4,231.39,0
18578,oncoming_trucks.4,3.8,23.35,0
18578,oncoming_sedans.12,0.5,188.94,0
18579,oncoming_trucks.4,3.6,24.57,0
18579,oncoming_sedans.12,0.6,156.86,0
18580,oncoming_trucks.4,3.4,26.01,0
18580,oncoming_sedans.12,0.7,132.12,0
18581,oncoming_trucks.4,3.2,27.7,0
18581,oncoming_sedans.12,0.8,112.71,0
18582,oncoming_trucks.4,3.0,29.69,0
18582,oncoming_sedans.12,0.9,97.26,0
18583,oncoming_trucks.4,2.8,32.02,0
18583,oncoming_sedans.12,1.1,84.8,0
18584,oncoming_sedans.12,1.2,74.63,0
18585,oncoming_sedans.12,1.4,66.24,0
18586,oncoming_sedans.12,1.5,59.26,0
18587,oncoming_sedans.12,1.7,53.4,0
18588,oncoming_sedans.12,1.8,48.45,0
18589,oncoming_sedans.12,2.0,44.24,0
18590,oncoming_sedans.12,2.2,40.63,0
18591,oncoming_sedans.12,2.4,37.53,0
18592,oncoming_sedans.12,2.6,34.86,0
18593,oncoming_sedans.12,2.7,32.55,0
18594,oncoming_sedans.12,2.9,30.54,0
18595,oncoming_sedans.12,3.1,28.79,0
18596,oncoming_sedans.12,3.3,27.27,0
18597,oncoming_sedans.12,3.4,25.95,0
18598,oncoming_sedans.12,3.6,24.81,0
18599,oncoming_sedans.12,3.8,23.82,0
18600,oncoming_sedans.12,3.9,22.98,0
18601,oncoming_sedans.12,4.0,22.26,0
18602,oncoming_sedans.12,4.1,21.66,0
18603,oncoming_sedans.12,4.2,21.17,0
18604,oncoming_sedans.12,4.3,20.79,0
18605,oncoming_sedans.12,4.4,20.5,0
18606,oncoming_sedans.12,4.4,20.31,0
18607,oncoming_sedans.12,4.4,20.21,0
18608,oncoming_sedans.12,4.4,20.21,0
18609,oncoming_sedans.12,4.4,20.3,0
18610,oncoming_sedans.12,4.4,20.48,0
18611,oncoming_sedans.12,4.3,20.76,0
18612,oncoming_sedans.12,4.2,21.14,0
18613,oncoming_sedans.12,4.1,21.62,0
18614,oncoming_sedans.12,4.0,22.22,0
18650,oncoming_trucks.5,0.9,94.96,0
18651,oncoming_trucks.5,0.8,111.58,0
18652,oncoming_trucks.5,0.7,133.41,0
18653,oncoming_trucks.5,0.5,163.02,0
18654,oncoming_trucks.5,0.4,205.0,0
18655,oncoming_trucks.5,0.3,268.3,0
18656,oncoming_trucks.5,0.2,373.02,0
21623,oncoming_sedans.13,3.0,29.54,0
21624,oncoming_sedans.13,3.2,28.25,0
21625,oncoming_sedans.13,3.3,27.11,0
21626,oncoming_sedans.13,3.4,26.11,0
21627,oncoming_sedans.13,3.5,25.23,0
21628,oncoming_sedans.13,3.7,24.46,0
21629,oncoming_sedans.13,3.8,23.8,0
21630,oncoming_sedans.13,3.9,23.23,0
21631,oncoming_sedans.13,3.9,22.76,0
21632,oncoming_sedans.13,4.0,22.38,0
21633,oncoming_sedans.13,4.1,22.08,0
21634,oncoming_sedans.13,4.1,21.86,0
21635,oncoming_sedans.13,4.1,21.74,0
21636,oncoming_sedans.13,4.1,21.69,0
21637,oncoming_sedans.13,4.1,21.73,0
21638,oncoming_sedans.13,4.1,21.87,0
21639,oncoming_sedans.13,4.1,22.09,0
21640,oncoming_sedans.13,4.0,22.41,0
21641,oncoming_sedans.13,3.9,22.84,0
21642,oncoming_sedans.13,3.8,23.37,0
21643,oncoming_sedans.13,3.7,24.03,0
21644,oncoming_sedans.13,3.6,24.82,0
21645,oncoming_sedans.13,3.5,25.75,0
21646,oncoming_sedans.13,3.3,26.85,0
21647,oncoming_sedans.13,3.2,28.13,0
21648,oncoming_sedans.13,3.0,29.62,0
21648,oncoming_trucks.5,0.2,386.13,0
21649,oncoming_sedans.13,2.9,31.34,0
21649,oncoming_trucks.5,0.3,289.54,0
21650,oncoming_sedans.13,2.7,33.33,0
21650,oncoming_trucks.5,0.4,225.77,0
21651,oncoming_sedans.13,2.5,35.63,0
21651,oncoming_trucks.5,0.5,181.46,0
21652,oncoming_sedans.13,2.3,38.3,0
21652,oncoming_trucks.5,0.6,149.43,0
21653,oncoming_sedans.13,2.2,41.39,0
21653,oncoming_trucks.5,0.7,125.51,0
21654,oncoming_sedans.13,2.0,45.0,0
21654,oncoming_trucks.5,0.8,107.19,0
21655,oncoming_trucks.5,1.0,92.84,0
21656,oncoming_trucks.5,1.1,81.39,0
21657,oncoming_trucks.5,1.2,72.11,0
21658,oncoming_trucks.5,1.4,64.48,0
21659,oncoming_trucks.5,1.5,58.15,0
21660,oncoming_trucks.5,1.7,52.82,0
21661,oncoming_trucks.5,1.9,48.31,0
21662,oncoming_trucks.5,2.0,44.45,0
21663,oncoming_trucks.5,2.2,41.14,0
21664,oncoming_trucks.5,2.3,38.26,0
21665,oncoming_trucks.5,2.5,35.77,0
21666,oncoming_trucks.5,2.7,33.58,0
21667,oncoming_trucks.5,2.8,31.66,0
21668,oncoming_trucks.5,3.0,29.98,0
21669,oncoming_trucks.5,3.1,28.49,0
21670,oncoming_trucks.5,3.3,27.18,0
21671,oncoming_trucks.5,3.4,26.03,0
21672,oncoming_trucks.5,3.6,25.01,0
21673,oncoming_trucks.5,3.7,24.11,0
21674,oncoming_trucks.5,3.8,23.32,0
21675,oncoming_trucks.5,4.0,22.64,0
21676,oncoming_trucks.5,4.1,22.05,0
21677,oncoming_trucks.5,4.2,21.56,0
21678,oncoming_trucks.5,4.2,21.14,0
21679,oncoming_trucks.5,4.3,20.81,0
21680,oncoming_trucks.5,4.4,20.56,0
21681,oncoming_trucks.5,4.4,20.38,0
21682,oncoming_trucks.5,4.4,20.28,0
21683,oncoming_trucks.5,4.4,20.27,0
21684,oncoming_trucks.5,4.4,20.33,0
21685,oncoming_trucks.5,4.4,20.48,0
21686,oncoming_trucks.5,4.3,20.73,0
21687,oncoming_trucks.5,4.2,21.06,0
21688,oncoming_trucks.5,4.2,21.51,0
21689,oncoming_trucks.5,4.1,22.06,0
21690,oncoming_trucks.5,3.9,22.74,0
21691,oncoming_trucks.5,3.8,23.56,0
21692,oncoming_trucks.5,3.6,24.54,0
24701,oncoming_sedans.14,3.5,25.71,0
24702,oncoming_sedans.14,3.6,24.61,0
24703,oncoming_sedans.14,3.8,23.63,0
24704,oncoming_sedans.14,3.9,22.77,0
24705,oncoming_sedans.14,4.1,22.01,0
24706,oncoming_sedans.14,4.2,21.34,0
24707,oncoming_sedans.14,4.3,20.77,0
24708,oncoming_sedans.14,4.4,20.27,0
24709,oncoming_sedans.14,4.5,19.86,0
24710,oncoming_sedans.14,4.6,19.52,0
24711,oncoming_sedans.14,4.6,19.26,0
24712,oncoming_sedans.14,4.7,19.07,0
24713,oncoming_sedans.14,4.7,18.95,0
24714,oncoming_sedans.14,4.7,18.9,0
24715,oncoming_sedans.14,4.7,18.93,0
24716,oncoming_sedans.14,4.7,19.03,0
24717,oncoming_sedans.14,4.7,19.21,0
24718,oncoming_sedans.14,4.6,19.47,0
24719,oncoming_sedans.14,4.5,19.81,0
24720,oncoming_sedans.14,4.4,20.25,0
24721,oncoming_sedans.14,4.3,20.78,0
24722,oncoming_sedans.14,4.2,21.42,0
24723,oncoming_sedans.14,4.0,22.18,0
24724,oncoming_sedans.14,3.9,23.06,0
24725,oncoming_sedans.14,3.7,24.09,0
24726,oncoming_sedans.14,3.5,25.28,0
24735,school_buses.1,1.8,49.81,0
24736,school_buses.1,1.9,46.05,0
24737,school_buses.1,2.1,42.78,0
24738,school_buses.1,2.2,39.93,0
24739,school_buses.1,2.4,37.42,0
24740,school_buses.1,2.5,35.21,0
24741,school_buses.1,2.7,33.26,0
24742,school_buses.1,2.8,31.52,0
24743,school_buses.1,3.0,29.98,0
24744,school_buses.1,3.1,28.6,0
24745,school_buses.1,3.3,27.37,0
24746,school_buses.1,3.4,26.28,0
24747,school_buses.1,3.5,25.3,0
24748,school_buses.1,3.7,24.43,0
24749,school_buses.1,3.8,23.66,0
24750,school_buses.1,3.9,22.98,0
24751,school_buses.1,4.0,22.39,0
24752,school_buses.1,4.1,21.88,0
24753,school_buses.1,4.2,21.45,0
24754,school_buses.1,4.2,21.09,0
24755,school_buses.1,4.3,20.81,0
24756,school_buses.1,4.3,20.6,0
24757,school_buses.1,4.4,20.47,0
24758,school_buses.1,4.4,20.41,0
24759,school_buses.1,4.4,20.43,0
24760,school_buses.1,4.4,20.53,0
24761,school_buses.1,4.3,20.73,0
24762,school_buses.1,4.3,21.02,0
24763,school_buses.1,4.2,21.41,0
24764,school_buses.1,4.1,21.92,0
24765,school_buses.1,4.0,22.56,0
24766,school_buses.1,3.8,23.35,0
24767,school_buses.1,3.7,24.3,0
24768,school_buses.1,3.5,25.44,0
24769,school_buses.1,3.3,26.81,0
24770,school_buses.1,3.1,28.43,0
24771,school_buses.1,2.9,30.37,0
24772,school_buses.1,2.7,32.69,0
24773,school_buses.1,2.5,35.46,0
24774,school_buses.1,2.3,38.79,0
24775,school_buses.1,2.1,42.77,0
24776,school_buses.1,1.9,47.58,0
24777,school_buses.1,1.7,53.43,0
24778,school_buses.1,1.5,60.62,0
24779,school_buses.1,1.3,69.59,0
24780,school_buses.1,1.1,80.94,0
24781,school_buses.1,0.9,95.64,0
24782,school_buses.1,0.8,115.18,0
24783,school_buses.1,0.6,142.11,0
24784,school_buses.1,0.5,181.1,0
24785,school_buses.1,0.4,241.66,0
24786,school_buses.1,0.3,346.84,0
27765,oncoming_sedans.15,2.1,43.31,0
27766,oncoming_sedans.15,2.2,40.22,0
27767,oncoming_sedans.15,2.4,37.52,0
27768,oncoming_sedans.15,2.5,35.16,0
27769,oncoming_sedans.15,2.7,33.1,0
27770,oncoming_sedans.15,2.9,31.28,0
27771,oncoming_sedans.15,3.0,29.69,0
27772,oncoming_sedans.15,3.2,28.29,0
27773,oncoming_sedans.15,3.3,27.07,0
27774,oncoming_sedans.15,3.4,26.0,0
27775,oncoming_sedans.15,3.6,25.08,0
27776,oncoming_sedans.15,3.7,24.28,0
27777,oncoming_sedans.15,3.8,23.61,0
27778,oncoming_sedans.15,3.9,23.04,0
27779,oncoming_sedans.15,4.0,22.58,0
27780,oncoming_sedans.15,4.0,22.23,0
27780,school_buses.1,0.2,366.92,0
27781,oncoming_sedans.15,4.1,21.96,0
27781,school_buses.1,0.3,274.97,0
27782,oncoming_sedans.15,4.1,21.79,0
27782,school_buses.1,0.4,214.74,0
27783,oncoming_sedans.15,4.1,21.71,0
27783,school_buses.1,0.5,173.1,0
27784,oncoming_sedans.15,4.1,21.73,0
27784,school_buses.1,0.6,143.07,0
27785,oncoming_sedans.15,4.1,21.83,0
27785,school_buses.1,0.7,120.68,0
27786,oncoming_sedans.15,4.1,22.03,0
27786,school_buses.1,0.9,103.53,0
27787,oncoming_sedans.15,4.0,22.33,0
27787,school_buses.1,1.0,90.08,0
27788,oncoming_sedans.15,3.9,22.73,0
27788,school_buses.1,1.1,79.34,0
27789,oncoming_sedans.15,3.9,23.24,0
27789,school_buses.1,1.3,70.61,0
27790,oncoming_sedans.15,3.8,23.85,0
27790,school_buses.1,1.4,63.42,0
27791,oncoming_sedans.15,3.6,24.59,0
27791,school_buses.1,1.6,57.42,0
27792,oncoming_sedans.15,3.5,25.46,0
27792,school_buses.1,1.7,52.37,0
27793,oncoming_sedans.15,3.4,26.46,0
27793,school_buses.1,1.9,48.07,0
27794,oncoming_sedans.15,3.2,27.62,0
27794,school_buses.1,2.0,44.38,0
27795,oncoming_sedans.15,3.1,28.95,0
27795,school_buses.1,2.2,41.19,0
27796,oncoming_sedans.15,2.9,30.46,0
27796,school_buses.1,2.3,38.41,0
27797,school_buses.1,2.5,35.99,0
27798,school_buses.1,2.6,33.86,0
27799,school_buses.1,2.8,31.98,0
27800,school_buses.1,3.0,30.31,0
27801,school_buses.1,3.1,28.84,0
27802,school_buses.1,3.3,27.53,0
27803,school_buses.1,3.4,26.36,0
27804,school_buses.1,3.5,25.33,0
27805,school_buses.1,3.7,24.41,0
27806,school_buses.1,3.8,23.6,0
27807,school_buses.1,3.9,22.88,0
27808,school_buses.1,4.0,22.26,0
27809,school_buses.1,4.1,21.72,0
27810,school_buses.1,4.2,21.26,0
27811,school_buses.1,4.3,20.88,0
27812,school_buses.1,4.3,20.58,0
27813,school_buses.1,4.4,20.35,0
27814,school_buses.1,4.4,20.19,0
27815,school_buses.1,4.4,20.12,0
27816,school_buses.1,4.4,20.12,0
27817,school_buses.1,4.4,20.2,0
27818,school_buses.1,4.4,20.38,0
27819,school_buses.1,4.3,20.65,0
27820,school_buses.1,4.3,21.02,0
27821,school_buses.1,4.2,21.5,0
27822,school_buses.1,4.0,22.11,0
30844,oncoming_sedans.16,2.7,33.63,0
30845,oncoming_sedans.16,2.9,31.31,0
30846,oncoming_sedans.16,3.1,29.29,0
30847,oncoming_sedans.16,3.2,27.53,0
30848,oncoming_sedans.16,3.4,25.99,0
30849,oncoming_sedans.16,3.6,24.64,0
30850,oncoming_sedans.16,3.8,23.47,0
30851,oncoming_sedans.16,4.0,22.44,0
30852,oncoming_sedans.16,4.2,21.55,0
30853,oncoming_sedans.16,4.3,20.78,0
30854,oncoming_sedans.16,4.4,20.12,0
30855,oncoming_sedans.16,4.6,19.57,0
30856,oncoming_sedans.16,4.7,19.11,0
30857,oncoming_sedans.16,4.8,18.74,0
30858,oncoming_sedans.16,4.8,18.45,0
30859,oncoming_sedans.16,4.9,18.25,0
30860,oncoming_sedans.16,4.9,18.13,0
30860,oncoming_trucks.6,1.1,81.92,0
30861,oncoming_sedans.16,4.9,18.09,0
30861,oncoming_trucks.6,1.2,73.1,0
30862,oncoming_sedans.16,4.9,18.13,0
30862,oncoming_trucks.6,1.4,65.79,0
30863,oncoming_sedans.16,4.9,18.25,0
30863,oncoming_trucks.6,1.5,59.66,0
30864,oncoming_sedans.16,4.8,18.46,0
30864,oncoming_trucks.6,1.6,54.47,0
30865,oncoming_sedans.16,4.8,18.75,0
30865,oncoming_trucks.6,1.8,50.04,0
30866,oncoming_sedans.16,4.7,19.13,0
30866,oncoming_trucks.6,1.9,46.22,0
30867,oncoming_sedans.16,4.6,19.61,0
30867,oncoming_trucks.6,2.1,42.91,0
30868,oncoming_sedans.16,4.4,20.19,0
30868,oncoming_trucks.6,2.2,40.03,0
30869,oncoming_sedans.16,4.3,20.87,0
30869,oncoming_trucks.6,2.4,37.51,0
30870,oncoming_trucks.6,2.5,35.28,0
30871,oncoming_trucks.6,2.7,33.32,0
30872,oncoming_trucks.6,2.8,31.58,0
30873,oncoming_trucks.6,3.0,30.04,0
30874,oncoming_trucks.6,3.1,28.67,0
30875,oncoming_trucks.6,3.3,27.45,0
30876,oncoming_trucks.6,3.4,26.36,0
30877,oncoming_trucks.6,3.5,25.4,0
30878,oncoming_trucks.6,3.6,24.55,0
30879,oncoming_trucks.6,3.8,23.8,0
30880,oncoming_trucks.6,3.9,23.14,0
30881,oncoming_trucks.6,4.0,22.58,0
30882,oncoming_trucks.6,4.0,22.09,0
30883,oncoming_trucks.6,4.1,21.69,0
30884,oncoming_trucks.6,4.2,21.37,0
30885,oncoming_trucks.6,4.2,21.13,0
30886,oncoming_trucks.6,4.3,20.96,0
30887,oncoming_trucks.6,4.3,20.88,0
30888,oncoming_trucks.6,4.3,20.88,0
30889,oncoming_trucks.6,4.3,20.96,0
30890,oncoming_trucks.6,4.2,21.13,0
30891,oncoming_trucks.6,4.2,21.41,0
30892,oncoming_trucks.6,4.1,21.78,0
30893,oncoming_trucks.6,4.0,22.28,0
30894,oncoming_trucks.6,3.9,22.9,0
30895,oncoming_trucks.6,3.8,23.66,0
30896,oncoming_trucks.6,3.6,24.59,0
30897,oncoming_trucks.6,3.5,25.71,0
30898,oncoming_trucks.6,3.3,27.05,0
30899,oncoming_trucks.6,3.1,28.64,0
30900,oncoming_trucks.6,2.9,30.53,0
33900,oncoming_sedans.17,0.2,368.92,0
33901,oncoming_sedans.17,0.3,288.85,0
33902,oncoming_sedans.17,0.4,231.36,0
33903,oncoming_sedans.17,0.5,188.92,0
33904,oncoming_sedans.17,0.6,156.84,0
33905,oncoming_sedans.17,0.7,132.11,0
33906,oncoming_sedans.17,0.8,112.71,0
33907,oncoming_sedans.17,0.9,97.26,0
33908,oncoming_sedans.17,1.1,84.8,0
33909,oncoming_sedans.17,1.2,74.62,0
33910,oncoming_sedans.17,1.4,66.24,0
33911,oncoming_sedans.17,1.5,59.25,0
33912,oncoming_sedans.17,1.7,53.4,0
33913,oncoming_sedans.17,1.8,48.45,0
33914,oncoming_sedans.17,2.0,44.23,0
33915,oncoming_sedans.17,2.2,40.63,0
33916,oncoming_sedans.17,2.4,37.53,0
33917,oncoming_sedans.17,2.6,34.86,0
33918,oncoming_sedans.17,2.7,32.55,0
33919,oncoming_sedans.17,2.9,30.54,0
33920,oncoming_sedans.17,3.1,28.79,0
33921,oncoming_sedans.17,3.3,27.27,0
33922,oncoming_sedans.17,3.4,25.95,0
33923,oncoming_sedans.17,3.6,24.81,0
33924,oncoming_sedans.17,3.8,23.82,0
33925,oncoming_sedans.17,3.9,22.98,0
33926,oncoming_sedans.17,4.0,22.26,0
33927,oncoming_sedans.17,4.1,21.66,0
33928,oncoming_sedans.17,4.2,21.17,0
33929,oncoming_sedans.17,4.3,20.79,0
33930,oncoming_sedans.17,4.4,20.5,0
33931,oncoming_sedans.17,4.4,20.31,0
33932,oncoming_sedans.17,4.4,20.21,0
33933,oncoming_sedans.17,4.4,20.21,0
33934,oncoming_sedans.17,4.4,20.3,0
33935,oncoming_sedans.17,4.4,20.48,0
33936,oncoming_sedans.17,4.3,20.76,0
33937,oncoming_sedans.17,4.2,21.14,0
33938,oncoming_sedans.17,4.1,21.62,0
33939,oncoming_sedans.17,4.0,22.22,0
33973,oncoming_trucks.7,8.6,10.46,0
33974,oncoming_trucks.7,8.5,10.5,0
33975,oncoming_trucks.7,8.5,10.57,0
33976,oncoming_trucks.7,8.4,10.68,0
33977,oncoming_trucks.7,8.3,10.83,0
33978,oncoming_trucks.7,8.1,11.02,0
33979,oncoming_trucks.7,7.9,11.27,0
33980,oncoming_trucks.7,7.7,11.57,0
33981,oncoming_trucks.7,7.5,11.93,0
33982,oncoming_trucks.7,7.2,12.37,0
33983,oncoming_trucks.7,6.9,12.88,0
33984,oncoming_trucks.7,6.6,13.48,0
33985,oncoming_trucks.7,6.3,14.19,0
33986,oncoming_trucks.7,6.0,15.01,0
33987,oncoming_trucks.7,5.6,15.98,0
33988,oncoming_trucks.7,5.2,17.11,0
33989,oncoming_trucks.7,4.9,18.42,0
33990,oncoming_trucks.7,4.5,19.94,0
33991,oncoming_trucks.7,4.1,21.72,0
33992,oncoming_trucks.7,3.8,23.81,0
33993,oncoming_trucks.7,3.4,26.27,0
36968,oncoming_sedans.18,0.2,371.65,0
36969,oncoming_sedans.18,0.3,290.72,0
36970,oncoming_sedans.18,0.4,232.69,0
36971,oncoming_sedans.18,0.5,189.88,0
36972,oncoming_sedans.18,0.6,157.55,0
36973,oncoming_sedans.18,0.7,132.64,0
36974,oncoming_sedans.18,0.8,113.11,0
36975,oncoming_sedans.18,0.9,97.57,0
36976,oncoming_sedans.18,1.1,85.04,0
36977,oncoming_sedans.18,1.2,74.81,0
36978,oncoming_sedans.18,1.3,66.39,0
36979,oncoming_sedans.18,1.5,59.38,0
36980,oncoming_sedans.18,1.7,53.5,0
36981,oncoming_sedans.18,1.8,48.53,0
36982,oncoming_sedans.18,2.0,44.3,0
36983,oncoming_sedans.18,2.2,40.68,0
36984,oncoming_sedans.18,2.4,37.58,0
36985,oncoming_sedans.18,2.6,34.9,0
36986,oncoming_sedans.18,2.7,32.57,0
36987,oncoming_sedans.18,2.9,30.56,0
36988,oncoming_sedans.18,3.1,28.81,0
36989,oncoming_sedans.18,3.3,27.28,0
36990,oncoming_sedans.18,3.4,25.96,0
36991,oncoming_sedans.18,3.6,24.81,0
36992,oncoming_sedans.18,3.8,23.83,0
36993,oncoming_sedans.18,3.9,22.98,0
36994,oncoming_sedans.18,4.0,22.26,0
36995,oncoming_sedans.18,4.1,21.66,0
36996,oncoming_sedans.18,4.2,21.17,0
36997,oncoming_sedans.18,4.3,20.78,0
36998,oncoming_sedans.18,4.4,20.49,0
36999,oncoming_sedans.18,4.4,20.3,0
37000,oncoming_sedans.18,4.4,20.2,0
37001,oncoming_sedans.18,4.4,20.19,0
37002,oncoming_sedans.18,4.4,20.28,0
37003,oncoming_sedans.18,4.4,20.46,0
37004,oncoming_sedans.18,4.3,20.73,0
37005,oncoming_sedans.18,4.2,21.11,0
37006,oncoming_sedans.18,4.1,21.59,0
37007,oncoming_sedans.18,4.0,22.18,0
37032,oncoming_sedans.21,3.3,27.04,0
37033,oncoming_sedans.21,3.5,25.47,0
37034,oncoming_sedans.21,3.7,24.06,0
37035,oncoming_sedans.21,3.9,22.79,0
37036,oncoming_sedans.21,4.1,21.64,0
37037,oncoming_sedans.21,4.3,20.6,0
37038,oncoming_sedans.21,4.6,19.65,0
37039,oncoming_sedans.21,4.8,18.79,0
37040,oncoming_sedans.21,5.0,18.01,0
37041,oncoming_sedans.21,5.2,17.3,0
37042,oncoming_sedans.21,5.4,16.65,0
37043,oncoming_sedans.21,5.6,16.05,0
37044,oncoming_sedans.21,5.8,15.52,0
37045,oncoming_sedans.21,6.0,15.03,0
37046,oncoming_sedans.21,6.1,14.58,0
37047,oncoming_sedans.21,6.3,14.18,0
37048,oncoming_sedans.21,6.5,13.83,0
37049,oncoming_sedans.21,6.6,13.51,0
37050,oncoming_sedans.21,6.8,13.23,0
37051,oncoming_sedans.21,6.9,12.99,0
37052,oncoming_sedans.21,7.0,12.78,0
37071,oncoming_sedans.22,6.9,12.92,0
37072,oncoming_sedans.22,6.8,13.07,0
37073,oncoming_sedans.22,6.7,13.26,0
37074,oncoming_sedans.22,6.6,13.5,0
37075,oncoming_sedans.22,6.5,13.8,0
37076,oncoming_sedans.22,6.3,14.16,0
37077,oncoming_sedans.22,6.1,14.57,0
37078,oncoming_sedans.22,5.9,15.06,0
37079,oncoming_sedans.22,5.7,15.62,0
37080,oncoming_sedans.22,5.5,16.27,0
37081,oncoming_sedans.22,5.3,17.01,0
37082,oncoming_sedans.22,5.0,17.84,0
37083,oncoming_sedans.22,4.8,18.8,0
37084,oncoming_sedans.22,4.5,19.88,0
37085,oncoming_sedans.22,4.2,21.11,0
37086,oncoming_sedans.22,4.0,22.5,0
37087,oncoming_sedans.22,3.7,24.09,0
37088,oncoming_sedans.22,3.5,25.89,0
37089,oncoming_sedans.22,3.2,27.95,0
37090,oncoming_sedans.22,3.0,30.3,0
37091,oncoming_sedans.22,2.7,32.98,0
37092,oncoming_sedans.22,2.5,36.07,0
37093,oncoming_sedans.22,2.3,39.62,0
40038,oncoming_sedans.19,0.2,366.49,0
40039,oncoming_sedans.19,0.3,287.41,0
40040,oncoming_sedans.19,0.4,230.48,0
40041,oncoming_sedans.19,0.5,188.37,0
40042,oncoming_sedans.19,0.6,156.49,0
40043,oncoming_sedans.19,0.7,131.88,0
40044,oncoming_sedans.19,0.8,112.56,0
40045,oncoming_sedans.19,0.9,97.16,0
40046,oncoming_sedans.19,1.1,84.73,0
40047,oncoming_sedans.19,1.2,74.58,0
40048,oncoming_sedans.19,1.4,66.21,0
40049,oncoming_sedans.19,1.5,59.24,0
40050,oncoming_sedans.19,1.7,53.38,0
40051,oncoming_sedans.19,1.8,48.44,0
40052,oncoming_sedans.19,2.0,44.23,0
40053,oncoming_sedans.19,2.2,40.63,0
40054,oncoming_sedans.19,2.4,37.53,0
40055,oncoming_sedans.19,2.6,34.86,0
40056,oncoming_sedans.19,2.7,32.55,0
40057,oncoming_sedans.19,2.9,30.54,0
40058,oncoming_sedans.19,3.1,28.79,0
40059,oncoming_sedans.19,3.3,27.27,0
40060,oncoming_sedans.19,3.4,25.95,0
40061,oncoming_sedans.19,3.6,24.81,0
40062,oncoming_sedans.19,3.8,23.83,0
40063,oncoming_sedans.19,3.9,22.98,0
40064,oncoming_sedans.19,4.0,22.26,0
40065,oncoming_sedans.19,4.1,21.66,0
40066,oncoming_sedans.19,4.2,21.18,0
40067,oncoming_sedans.19,4.3,20.79,0
40068,oncoming_sedans.19,4.4,20.51,0
40069,oncoming_sedans.19,4.4,20.31,0
40070,oncoming_sedans.19,4.4,20.22,0
40071,oncoming_sedans.19,4.4,20.21,0
40072,oncoming_sedans.19,4.4,20.3,0
40073,oncoming_sedans.19,4.4,20.48,0
40074,oncoming_sedans.19,4.3,20.76,0
40075,oncoming_sedans.19,4.2,21.14,0
40076,oncoming_sedans.19,4.1,21.62,0
40077,oncoming_sedans.19,4.0,22.22,0
40138,oncoming_sedans.24,3.4,25.98,0
40139,oncoming_sedans.24,3.6,24.84,0
40140,oncoming_sedans.24,3.8,23.85,0
40141,oncoming_sedans.24,3.9,22.98,0
40142,oncoming_sedans.24,4.0,22.22,0
40143,oncoming_sedans.24,4.1,21.57,0
40144,oncoming_sedans.24,4.3,21.01,0
40145,oncoming_sedans.24,4.4,20.55,0
40146,oncoming_sedans.24,4.4,20.17,0
40147,oncoming_sedans.24,4.5,19.88,0
40148,oncoming_sedans.24,4.5,19.67,0
40149,oncoming_sedans.24,4.6,19.54,0
40150,oncoming_sedans.24,4.6,19.49,0
40151,oncoming_sedans.24,4.6,19.52,0
40152,oncoming_sedans.24,4.6,19.63,0
40153,oncoming_sedans.24,4.5,19.82,0
40154,oncoming_sedans.24,4.5,20.1,0
40155,oncoming_sedans.24,4.4,20.46,0
40156,oncoming_sedans.24,4.3,20.92,0
40157,oncoming_sedans.24,4.2,21.48,0
40158,oncoming_sedans.24,4.0,22.14,0
40159,oncoming_sedans.24,3.9,22.92,0
40160,oncoming_sedans.24,3.8,23.82,0
40161,oncoming_sedans.24,3.6,24.86,0
40162,oncoming_sedans.24,3.4,26.04,0
40163,oncoming_sedans.24,3.3,27.39,0
40164,oncoming_sedans.24,3.1,28.91,0
43106,oncoming_sedans.20,0.2,371.47,0
43107,oncoming_sedans.20,0.3,290.6,0
43108,oncoming_sedans.20,0.4,232.61,0
43109,oncoming_sedans.20,0.5,189.83,0
43110,oncoming_sedans.20,0.6,157.51,0
43111,oncoming_sedans.20,0.7,132.61,0
43112,oncoming_sedans.20,0.8,113.09,0
43113,oncoming_sedans.20,0.9,97.55,0
43114,oncoming_sedans.20,1.1,85.03,0
43115,oncoming_sedans.20,1.2,74.81,0
43116,oncoming_sedans.20,1.3,66.38,0
43117,oncoming_sedans.20,1.5,59.37,0
43118,oncoming_sedans.20,1.7,53.49,0
43119,oncoming_sedans.20,1.8,48.52,0
43120,oncoming_sedans.20,2.0,44.3,0
43121,oncoming_sedans.20,2.2,40.68,0
43122,oncoming_sedans.20,2.4,37.57,0
43123,oncoming_sedans.20,2.6,34.89,0
43124,oncoming_sedans.20,2.7,32.57,0
43125,oncoming_sedans.20,2.9,30.56,0
43126,oncoming_sedans.20,3.1,28.81,0
43127,oncoming_sedans.20,3.3,27.28,0
43128,oncoming_sedans.20,3.4,25.96,0
43129,oncoming_sedans.20,3.6,24.81,0
43130,oncoming_sedans.20,3.8,23.82,0
43131,oncoming_sedans.20,3.9,22.98,0
43132,oncoming_sedans.20,4.0,22.26,0
43133,oncoming_sedans.20,4.1,21.66,0
43134,oncoming_sedans.20,4.2,21.17,0
43135,oncoming_sedans.20,4.3,20.78,0
43136,oncoming_sedans.20,4.4,20.49,0
43137,oncoming_sedans.20,4.4,20.3,0
43138,oncoming_sedans.20,4.4,20.2,0
43139,oncoming_sedans.20,4.4,20.19,0
43140,oncoming_sedans.20,4.4,20.28,0
43141,oncoming_sedans.20,4.4,20.46,0
43142,oncoming_sedans.20,4.3,20.73,0
43143,oncoming_sedans.20,4.2,21.11,0
43144,oncoming_sedans.20,4.1,21.59,0
43145,oncoming_sedans.20,4.0,22.18,0
43181,oncoming_trucks.8,0.9,94.45,0
43182,oncoming_trucks.8,0.8,110.85,0
43183,oncoming_trucks.8,0.7,132.31,0
43184,oncoming_trucks.8,0.6,161.33,0
43185,oncoming_trucks.8,0.4,202.25,0
43186,oncoming_trucks.8,0.3,263.49,0
43187,oncoming_trucks.8,0.2,363.69,0
43211,oncoming_sedans.25,2.7,33.66,0
43212,oncoming_sedans.25,2.9,31.34,0
43213,oncoming_sedans.25,3.1,29.32,0
43214,oncoming_sedans.25,3.2,27.55,0
43215,oncoming_sedans.25,3.4,26.0,0
43216,oncoming_sedans.25,3.6,24.65,0
43217,oncoming_sedans.25,3.8,23.47,0
43218,oncoming_sedans.25,4.0,22.45,0
43219,oncoming_sedans.25,4.2,21.55,0
43220,oncoming_sedans.25,4.3,20.78,0
43221,oncoming_sedans.25,4.4,20.12,0
43222,oncoming_sedans.25,4.6,19.56,0
43223,oncoming_sedans.25,4.7,19.1,0
43224,oncoming_sedans.25,4.8,18.73,0
43225,oncoming_sedans.25,4.9,18.45,0
43226,oncoming_sedans.25,4.9,18.24,0
43227,oncoming_sedans.25,4.9,18.12,0
43228,oncoming_sedans.25,4.9,18.08,0
43229,oncoming_sedans.25,4.9,18.12,0
43230,oncoming_sedans.25,4.9,18.24,0
43231,oncoming_sedans.25,4.9,18.45,0
43232,oncoming_sedans.25,4.8,18.74,0
43233,oncoming_sedans.25,4.7,19.12,0
43234,oncoming_sedans.25,4.6,19.59,0
43235,oncoming_sedans.25,4.4,20.17,0
43236,oncoming_sedans.25,4.3,20.85,0
46181,oncoming_trucks.8,0.2,380.4,0
46182,oncoming_trucks.8,0.3,286.0,0
46183,oncoming_trucks.8,0.4,223.46,0
46184,oncoming_trucks.8,0.5,179.88,0
46185,oncoming_trucks.8,0.6,148.31,0
46186,oncoming_trucks.8,0.7,124.7,0
46187,oncoming_trucks.8,0.8,106.58,0
46188,oncoming_trucks.8,1.0,92.37,0
46189,oncoming_trucks.8,1.1,81.03,0
46190,oncoming_trucks.8,1.2,71.83,0
46191,oncoming_trucks.8,1.4,64.26,0
46192,oncoming_trucks.8,1.5,57.96,0
46193,oncoming_trucks.8,1.7,52.67,0
46194,oncoming_trucks.8,1.9,48.19,0
46195,oncoming_trucks.8,2.0,44.35,0
46196,oncoming_trucks.8,2.2,41.05,0
46197,oncoming_trucks.8,2.3,38.19,0
46198,oncoming_trucks.8,2.5,35.71,0
46199,oncoming_trucks.8,2.7,33.53,0
46200,oncoming_trucks.8,2.8,31.62,0
46201,oncoming_trucks.8,3.0,29.94,0
46202,oncoming_trucks.8,3.1,28.46,0
46203,oncoming_trucks.8,3.3,27.16,0
46204,oncoming_trucks.8,3.4,26.01,0
46205,oncoming_trucks.8,3.6,24.99,0
46206,oncoming_trucks.8,3.7,24.1,0
46207,oncoming_trucks.8,3.8,23.32,0
46208,oncoming_trucks.8,4.0,22.64,0
46209,oncoming_trucks.8,4.1,22.05,0
46210,oncoming_trucks.8,4.2,21.55,0
46211,oncoming_trucks.8,4.2,21.14,0
46212,oncoming_trucks.8,4.3,20.81,0
46213,oncoming_trucks.8,4.4,20.56,0
46214,oncoming_trucks.8,4.4,20.39,0
46215,oncoming_trucks.8,4.4,20.3,0
46216,oncoming_trucks.8,4.4,20.28,0
46217,oncoming_trucks.8,4.4,20.35,0
46218,oncoming_trucks.8,4.4,20.5,0
46219,oncoming_trucks.8,4.3,20.75,0
46220,oncoming_trucks.8,4.2,21.09,0
46221,oncoming_trucks.8,4.2,21.54,0
46222,oncoming_trucks.8,4.0,22.1,0
46223,oncoming_trucks.8,3.9,22.78,0
46224,oncoming_trucks.8,3.8,23.61,0
46225,oncoming_trucks.8,3.6,24.59,0
46266,oncoming_sedans.26,0.2,371.89,0
46267,oncoming_sedans.26,0.3,290.75,0
46268,oncoming_sedans.26,0.4,232.62,0
46269,oncoming_sedans.26,0.5,189.78,0
46270,oncoming_sedans.26,0.6,157.44,0
46271,oncoming_sedans.26,0.7,132.54,0
46272,oncoming_sedans.26,0.8,113.02,0
46273,oncoming_sedans.26,0.9,97.49,0
46274,oncoming_sedans.26,1.1,84.97,0
46275,oncoming_sedans.26,1.2,74.76,0
46276,oncoming_sedans.26,1.3,66.34,0
46277,oncoming_sedans.26,1.5,59.33,0
46278,oncoming_sedans.26,1.7,53.46,0
46279,oncoming_sedans.26,1.8,48.49,0
46280,oncoming_sedans.26,2.0,44.27,0
46281,oncoming_sedans.26,2.2,40.66,0
46282,oncoming_sedans.26,2.4,37.56,0
46283,oncoming_sedans.26,2.6,34.88,0
46284,oncoming_sedans.26,2.7,32.56,0
46285,oncoming_sedans.26,2.9,30.55,0
46286,oncoming_sedans.26,3.1,28.8,0
46287,oncoming_sedans.26,3.3,27.28,0
46288,oncoming_sedans.26,3.4,25.95,0
46289,oncoming_sedans.26,3.6,24.81,0
46290,oncoming_sedans.26,3.8,23.82,0
46291,oncoming_sedans.26,3.9,22.97,0
46292,oncoming_sedans.26,4.0,22.26,0
46293,oncoming_sedans.26,4.1,21.66,0
46294,oncoming_sedans.26,4.2,21.17,0
46295,oncoming_sedans.26,4.3,20.78,0
46296,oncoming_sedans.26,4.4,20.49,0
46297,oncoming_sedans.26,4.4,20.3,0
46298,oncoming_sedans.26,4.4,20.2,0
46299,oncoming_sedans.26,4.4,20.2,0
46300,oncoming_sedans.26,4.4,20.28,0
46301,oncoming_sedans.26,4.4,20.46,0
46302,oncoming_sedans.26,4.3,20.74,0
46303,oncoming_sedans.26,4.2,21.12,0
46304,oncoming_sedans.26,4.1,21.6,0
46305,oncoming_sedans.26,4.0,22.2,0
49265,oncoming_sedans.23,2.3,39.44,0
49266,oncoming_sedans.23,2.4,36.82,0
49267,oncoming_sedans.23,2.6,34.53,0
49268,oncoming_sedans.23,2.8,32.52,0
49269,oncoming_sedans.23,2.9,30.75,0
49270,oncoming_sedans.23,3.1,29.19,0
49271,oncoming_sedans.23,3.2,27.81,0
49272,oncoming_sedans.23,3.4,26.59,0
49273,oncoming_sedans.23,3.5,25.52,0
49274,oncoming_sedans.23,3.6,24.58,0
49275,oncoming_sedans.23,3.8,23.75,0
49276,oncoming_sedans.23,3.9,23.04,0
49277,oncoming_sedans.23,4.0,22.42,0
49278,oncoming_sedans.23,4.1,21.9,0
49279,oncoming_sedans.23,4.2,21.47,0
49280,oncoming_sedans.23,4.2,21.13,0
49281,oncoming_sedans.23,4.3,20.87,0
49282,oncoming_sedans.23,4.3,20.69,0
49283,oncoming_sedans.23,4.3,20.6,0
49284,oncoming_sedans.23,4.3,20.59,0
49285,oncoming_sedans.23,4.3,20.67,0
49286,oncoming_sedans.23,4.3,20.83,0
49287,oncoming_sedans.23,4.2,21.09,0
49288,oncoming_sedans.23,4.2,21.44,0
49289,oncoming_sedans.23,4.1,21.9,0
49290,oncoming_sedans.23,4.0,22.47,0
49291,oncoming_sedans.23,3.9,23.17,0
49292,oncoming_sedans.23,3.7,24.0,0
49293,oncoming_sedans.23,3.6,24.98,0
49294,oncoming_sedans.23,3.4,26.13,0
49334,oncoming_sedans.27,0.2,371.79,0
49335,oncoming_sedans.27,0.3,290.81,0
49336,oncoming_sedans.27,0.4,232.75,0
49337,oncoming_sedans.27,0.5,189.92,0
49338,oncoming_sedans.27,0.6,157.58,0
49339,oncoming_sedans.27,0.7,132.66,0
49340,oncoming_sedans.27,0.8,113.12,0
49341,oncoming_sedans.27,0.9,97.58,0
49342,oncoming_sedans.27,1.1,85.04,0
49343,oncoming_sedans.27,1.2,74.82,0
49344,oncoming_sedans.27,1.3,66.39,0
49345,oncoming_sedans.27,1.5,59.38,0
49346,oncoming_sedans.27,1.7,53.5,0
49347,oncoming_sedans.27,1.8,48.53,0
49348,oncoming_sedans.27,2.0,44.3,0
49349,oncoming_sedans.27,2.2,40.68,0
49350,oncoming_sedans.27,2.4,37.58,0
49351,oncoming_sedans.27,2.6,34.89,0
49352,oncoming_sedans.27,2.7,32.57,0
49353,oncoming_sedans.27,2.9,30.56,0
49354,oncoming_sedans.27,3.1,28.81,0
49355,oncoming_sedans.27,3.3,27.28,0
49356,oncoming_sedans.27,3.4,25.96,0
49357,oncoming_sedans.27,3.6,24.81,0
49358,oncoming_sedans.27,3.8,23.82,0
49359,oncoming_sedans.27,3.9,22.98,0
49360,oncoming_sedans.27,4.0,22.26,0
49361,oncoming_sedans.27,4.1,21.66,0
49362,oncoming_sedans.27,4.2,21.16,0
49363,oncoming_sedans.27,4.3,20.78,0
49364,oncoming_sedans.27,4.4,20.49,0
49365,oncoming_sedans.27,4.4,20.3,0
49366,oncoming_sedans.27,4.4,20.2,0
49367,oncoming_sedans.27,4.4,20.19,0
49368,oncoming_sedans.27,4.4,20.28,0
49369,oncoming_sedans.27,4.4,20.46,0
49370,oncoming_sedans.27,4.3,20.73,0
49371,oncoming_sedans.27,4.2,21.11,0
49372,oncoming_sedans.27,4.1,21.59,0
49373,oncoming_sedans.27,4.0,22.18,0
52335,oncoming_trucks.9,1.8,50.19,0
52336,oncoming_trucks.9,1.9,46.37,0
52337,oncoming_trucks.9,2.1,43.05,0
52338,oncoming_trucks.9,2.2,40.16,0
52339,oncoming_trucks.9,2.4,37.62,0
52340,oncoming_trucks.9,2.5,35.38,0
52341,oncoming_trucks.9,2.7,33.4,0
52342,oncoming_trucks.9,2.8,31.65,0
52343,oncoming_trucks.9,3.0,30.09,0
52344,oncoming_trucks.9,3.1,28.7,0
52345,oncoming_trucks.9,3.3,27.46,0
52346,oncoming_trucks.9,3.4,26.37,0
52347,oncoming_trucks.9,3.5,25.39,0
52348,oncoming_trucks.9,3.6,24.52,0
52349,oncoming_trucks.9,3.8,23.76,0
52350,oncoming_trucks.9,3.9,23.08,0
52351,oncoming_trucks.9,4.0,22.5,0
52352,oncoming_trucks.9,4.1,22.0,0
52353,oncoming_trucks.9,4.1,21.58,0
52354,oncoming_trucks.9,4.2,21.24,0
52355,oncoming_trucks.9,4.3,20.97,0
52356,oncoming_trucks.9,4.3,20.78,0
52357,oncoming_trucks.9,4.3,20.66,0
52358,oncoming_trucks.9,4.3,20.62,0
52359,oncoming_trucks.9,4.3,20.67,0
52360,oncoming_trucks.9,4.3,20.79,0
52361,oncoming_trucks.9,4.3,21.01,0
52362,oncoming_trucks.9,4.2,21.32,0
52363,oncoming_trucks.9,4.1,21.73,0
52364,oncoming_trucks.9,4.0,22.26,0
52365,oncoming_trucks.9,3.9,22.92,0
52366,oncoming_trucks.9,3.8,23.72,0
52367,oncoming_trucks.9,3.6,24.68,0
52368,oncoming_trucks.9,3.5,25.82,0
52369,oncoming_trucks.9,3.3,27.17,0
52370,oncoming_trucks.9,3.1,28.76,0
52371,oncoming_trucks.9,2.9,30.63,0
52372,oncoming_trucks.9,2.7,32.84,0
52402,oncoming_sedans.28,0.2,371.78,0
52403,oncoming_sedans.28,0.3,290.8,0
52404,oncoming_sedans.28,0.4,232.74,0
52405,oncoming_sedans.28,0.5,189.91,0
52406,oncoming_sedans.28,0.6,157.57,0
52407,oncoming_sedans.28,0.7,132.65,0
52408,oncoming_sedans.28,0.8,113.12,0
52409,oncoming_sedans.28,0.9,97.58,0
52410,oncoming_sedans.28,1.1,85.04,0
52411,oncoming_sedans.28,1.2,74.82,0
52412,oncoming_sedans.28,1.3,66.39,0
52413,oncoming_sedans.28,1.5,59.38,0
52414,oncoming_sedans.28,1.7,53.5,0
52415,oncoming_sedans.28,1.8,48.53,0
52416,oncoming_sedans.28,2.0,44.3,0
52417,oncoming_sedans.28,2.2,40.68,0
52418,oncoming_sedans.28,2.4,37.58,0
52419,oncoming_sedans.28,2.6,34.89,0
52420,oncoming_sedans.28,2.7,32.57,0
52421,oncoming_sedans.28,2.9,30.56,0
52422,oncoming_sedans.28,3.1,28.81,0
52423,oncoming_sedans.28,3.3,27.28,0
52424,oncoming_sedans.28,3.4,25.96,0
52425,oncoming_sedans.28,3.6,24.81,0
52426,oncoming_sedans.28,3.8,23.82,0
52427,oncoming_sedans.28,3.9,22.98,0
52428,oncoming_sedans.28,4.0,22.26,0
52429,oncoming_sedans.28,4.1,21.66,0
52430,oncoming_sedans.28,4.2,21.17,0
52431,oncoming_sedans.28,4.3,20.78,0
52432,oncoming_sedans.28,4.4,20.49,0
52433,oncoming_sedans.28,4.4,20.3,0
52434,oncoming_sedans.28,4.4,20.2,0
52435,oncoming_sedans.28,4.4,20.19,0
52436,oncoming_sedans.28,4.4,20.28,0
52437,oncoming_sedans.28,4.4,20.46,0
52438,oncoming_sedans.28,4.3,20.73,0
52439,oncoming_sedans.28,4.2,21.11,0
52440,oncoming_sedans.28,4.1,21.59,0
52441,oncoming_sedans.28,4.0,22.18,0
55415,oncoming_trucks.10,2.9,31.12,0
55416,oncoming_trucks.10,3.0,29.67,0
55417,oncoming_trucks.10,3.2,28.38,0
55418,oncoming_trucks.10,3.3,27.23,0
55419,oncoming_trucks.10,3.4,26.21,0
55420,oncoming_trucks.10,3.5,25.3,0
55421,oncoming_trucks.10,3.7,24.49,0
55422,oncoming_trucks.10,3.8,23.78,0
55423,oncoming_trucks.10,3.9,23.17,0
55424,oncoming_trucks.10,4.0,22.64,0
55425,oncoming_trucks.10,4.0,22.19,0
55426,oncoming_trucks.10,4.1,21.82,0
55427,oncoming_trucks.10,4.2,21.52,0
55428,oncoming_trucks.10,4.2,21.31,0
55429,oncoming_trucks.10,4.2,21.17,0
55430,oncoming_trucks.10,4.2,21.12,0
55431,oncoming_trucks.10,4.2,21.14,0
55432,oncoming_trucks.10,4.2,21.26,0
55433,oncoming_trucks.10,4.2,21.46,0
55434,oncoming_trucks.10,4.1,21.76,0
55435,oncoming_trucks.10,4.0,22.18,0
55436,oncoming_trucks.10,3.9,22.71,0
55437,oncoming_trucks.10,3.8,23.37,0
55438,oncoming_trucks.10,3.7,24.18,0
55439,oncoming_trucks.10,3.6,25.16,0
55440,oncoming_trucks.10,3.4,26.33,0
55441,oncoming_trucks.10,3.2,27.72,0
55442,oncoming_trucks.10,3.0,29.38,0
55443,oncoming_trucks.10,2.9,31.34,0
55444,oncoming_trucks.10,2.7,33.68,0
55445,oncoming_trucks.10,2.5,36.46,0
55446,oncoming_trucks.10,2.2,39.8,0
55447,oncoming_trucks.10,2.0,43.81,0
55448,oncoming_trucks.10,1.8,48.67,0
55449,oncoming_trucks.10,1.6,54.56,0
55450,oncoming_trucks.10,1.4,61.78,0
55451,oncoming_trucks.10,1.3,70.74,0
55452,oncoming_trucks.10,1.1,82.01,0
55453,oncoming_trucks.10,0.9,96.49,0
55454,oncoming_trucks.10,0.8,115.54,0
55455,oncoming_trucks.10,0.6,141.41,0
55456,oncoming_trucks.10,0.5,178.07,0
55457,oncoming_trucks.10,0.4,233.28,0
55458,oncoming_trucks.10,0.3,324.36,0
55470,oncoming_sedans.29,0.2,371.77,0
55471,oncoming_sedans.29,0.3,290.8,0
55472,oncoming_sedans.29,0.4,232.74,0
55473,oncoming_sedans.29,0.5,189.91,0
55474,oncoming_sedans.29,0.6,157.57,0
55475,oncoming_sedans.29,0.7,132.65,0
55476,oncoming_sedans.29,0.8,113.12,0
55477,oncoming_sedans.29,0.9,97.58,0
55478,oncoming_sedans.29,1.1,85.04,0
55479,oncoming_sedans.29,1.2,74.82,0
55480,oncoming_sedans.29,1.3,66.39,0
55481,oncoming_sedans.29,1.5,59.38,0
55482,oncoming_sedans.29,1.7,53.5,0
55483,oncoming_sedans.29,1.8,48.53,0
55484,oncoming_sedans.29,2.0,44.3,0
55485,oncoming_sedans.29,2.2,40.68,0
55486,oncoming_sedans.29,2.4,37.58,0
55487,oncoming_sedans.29,2.6,34.89,0
55488,oncoming_sedans.29,2.7,32.57,0
55489,oncoming_sedans.29,2.9,30.56,0
55490,oncoming_sedans.29,3.1,28.81,0
55491,oncoming_sedans.29,3.3,27.28,0
55492,oncoming_sedans.29,3.4,25.96,0
55493,oncoming_sedans.29,3.6,24.81,0
55494,oncoming_sedans.29,3.8,23.82,0
55495,oncoming_sedans.29,3.9,22.98,0
55496,oncoming_sedans.29,4.0,22.26,0
55497,oncoming_sedans.29,4.1,21.66,0
55498,oncoming_sedans.29,4.2,21.17,0
55499,oncoming_sedans.29,4.3,20.78,0
55500,oncoming_sedans.29,4.4,20.49,0
55501,oncoming_sedans.29,4.4,20.3,0
55502,oncoming_sedans.29,4.4,20.2,0
55503,oncoming_sedans.29,4.4,20.19,0
55504,oncoming_sedans.29,4.4,20.28,0
55505,oncoming_sedans.29,4.4,20.46,0
55506,oncoming_sedans.29,4.3,20.73,0
55507,oncoming_sedans.29,4.2,21.11,0
55508,oncoming_sedans.29,4.1,21.59,0
55509,oncoming_sedans.29,4.0,22.18,0
55545,reckless_actor.2,0.9,94.84,0
55546,reckless_actor.2,0.8,111.43,0
55547,reckless_actor.2,0.7,133.22,0
55548,reckless_actor.2,0.5,162.77,0
55549,reckless_actor.2,0.4,204.66,0
55550,reckless_actor.2,0.3,267.8,0
55551,reckless_actor.2,0.2,372.21,0
58461,oncoming_trucks.10,0.2,386.08,0
58462,oncoming_trucks.10,0.3,285.77,0
58463,oncoming_trucks.10,0.4,220.98,0
58464,oncoming_trucks.10,0.5,176.67,0
58465,oncoming_trucks.10,0.6,145.0,0
58466,oncoming_trucks.10,0.7,121.57,0
58504,school_buses.2,3.9,22.98,0
58505,school_buses.2,4.0,22.23,0
58506,school_buses.2,4.2,21.56,0
58507,school_buses.2,4.3,20.96,0
58508,school_buses.2,4.4,20.43,0
58509,school_buses.2,4.5,19.96,0
58510,school_buses.2,4.6,19.56,0
58511,school_buses.2,4.7,19.23,0
58512,school_buses.2,4.7,18.95,0
58513,school_buses.2,4.8,18.74,0
58514,school_buses.2,4.8,18.59,0
58515,school_buses.2,4.8,18.5,0
58516,school_buses.2,4.8,18.48,0
58517,school_buses.2,4.8,18.54,0
58518,school_buses.2,4.8,18.66,0
58519,school_buses.2,4.7,18.88,0
58520,school_buses.2,4.7,19.18,0
58521,school_buses.2,4.6,19.57,0
58522,school_buses.2,4.5,20.08,0
58523,school_buses.2,4.3,20.71,0
58524,school_buses.2,4.2,21.48,0
58525,school_buses.2,4.0,22.42,0
58526,school_buses.2,3.8,23.54,0
58527,school_buses.2,3.6,24.87,0
58528,school_buses.2,3.4,26.47,0
58529,school_buses.2,3.2,28.38,0
58530,school_buses.2,2.9,30.67,0
58531,school_buses.2,2.7,33.4,0
58532,school_buses.2,2.4,36.65,0
58533,school_buses.2,2.2,40.55,0
58534,school_buses.2,2.0,45.25,0
58535,school_buses.2,1.8,50.98,0
58536,school_buses.2,1.5,58.03,0
58537,school_buses.2,1.3,66.85,0
58538,school_buses.2,1.1,78.05,0
58539,school_buses.2,1.0,92.61,0
58540,school_buses.2,0.8,112.08,0
58541,school_buses.2,0.6,139.09,0
58542,school_buses.2,0.5,178.59,0
58543,school_buses.2,0.4,240.89,0
58543,reckless_actor.2,0.2,386.54,0
58544,school_buses.2,0.3,351.81,0
58544,reckless_actor.2,0.3,289.79,0
58545,reckless_actor.2,0.4,225.94,0
58546,reckless_actor.2,0.5,181.58,0
58547,reckless_actor.2,0.6,149.51,0
58548,reckless_actor.2,0.7,125.57,0
58549,reckless_actor.2,0.8,107.23,0
58550,reckless_actor.2,1.0,92.87,0
58551,reckless_actor.2,1.1,81.41,0
58552,reckless_actor.2,1.2,72.13,0
58553,reckless_actor.2,1.4,64.5,0
58554,reckless_actor.2,1.5,58.16,0
58555,reckless_actor.2,1.7,52.83,0
58556,reckless_actor.2,1.9,48.32,0
58557,reckless_actor.2,2.0,44.46,0
58558,reckless_actor.2,2.2,41.14,0
58559,reckless_actor.2,2.3,38.27,0
58560,reckless_actor.2,2.5,35.77,0
58561,reckless_actor.2,2.7,33.58,0
58562,reckless_actor.2,2.8,31.67,0
58563,reckless_actor.2,3.0,29.98,0
58564,reckless_actor.2,3.1,28.5,0
58565,reckless_actor.2,3.3,27.18,0
58566,reckless_actor.2,3.4,26.03,0
58567,reckless_actor.2,3.6,25.01,0
58568,reckless_actor.2,3.7,24.11,0
58569,reckless_actor.2,3.8,23.32,0
58570,reckless_actor.2,4.0,22.64,0
58571,reckless_actor.2,4.1,22.05,0
58572,reckless_actor.2,4.2,21.56,0
58573,reckless_actor.2,4.2,21.14,0
58574,reckless_actor.2,4.3,20.81,0
58575,reckless_actor.2,4.4,20.55,0
58576,reckless_actor.2,4.4,20.38,0
58577,reckless_actor.2,4.4,20.28,0
58578,reckless_actor.2,4.4,20.27,0
58579,reckless_actor.2,4.4,20.33,0
58580,reckless_actor.2,4.4,20.48,0
58581,reckless_actor.2,4.3,20.72,0
58582,reckless_actor.2,4.2,21.06,0
58583,reckless_actor.2,4.2,21.5,0
58584,reckless_actor.2,4.1,22.06,0
58585,reckless_actor.2,3.9,22.74,0
58586,reckless_actor.2,3.8,23.56,0
58587,reckless_actor.2,3.6,24.54,0
61539,school_buses.2,0.2,374.67,0
61540,school_buses.2,0.3,283.44,0
61541,school_buses.2,0.4,222.9,0
61542,school_buses.2,0.5,180.61,0
61543,school_buses.2,0.6,149.86,0
61544,school_buses.2,0.7,126.78,0
61545,school_buses.2,0.8,108.99,0
61546,school_buses.2,0.9,94.99,0
61547,school_buses.2,1.1,83.75,0
61548,school_buses.2,1.2,74.59,0
61549,school_buses.2,1.3,67.02,0
61550,school_buses.2,1.5,60.69,0
61551,school_buses.2,1.6,55.35,0
61552,school_buses.2,1.8,50.8,0
61553,school_buses.2,1.9,46.88,0
61554,school_buses.2,2.1,43.5,0
61555,school_buses.2,2.2,40.55,0
61556,school_buses.2,2.4,37.97,0
61557,school_buses.2,2.5,35.71,0
61558,school_buses.2,2.7,33.7,0
61559,school_buses.2,2.8,31.93,0
61560,school_buses.2,2.9,30.36,0
61561,school_buses.2,3.1,28.97,0
61562,school_buses.2,3.2,27.72,0
61563,school_buses.2,3.4,26.62,0
61564,school_buses.2,3.5,25.64,0
61565,school_buses.2,3.6,24.77,0
61566,school_buses.2,3.7,24.0,0
61567,school_buses.2,3.8,23.33,0
61568,school_buses.2,3.9,22.75,0
61569,school_buses.2,4.0,22.26,0
61570,school_buses.2,4.1,21.85,0
61571,school_buses.2,4.2,21.51,0
61572,school_buses.2,4.2,21.26,0
61573,school_buses.2,4.2,21.08,0
61574,school_buses.2,4.3,20.98,0
61575,school_buses.2,4.3,20.96,0
61576,school_buses.2,4.3,21.03,0
61577,school_buses.2,4.2,21.19,0
61578,school_buses.2,4.2,21.44,0
61579,school_buses.2,4.1,21.8,0
61580,school_buses.2,4.0,22.27,0
61581,school_buses.2,3.9,22.87,0
61582,school_buses.2,3.8,23.61,0
61583,school_buses.2,3.6,24.52,0
61584,school_buses.2,3.5,25.61,0
61585,school_buses.2,3.3,26.91,0
61586,school_buses.2,3.1,28.47,0
61587,school_buses.2,3.0,30.32,0
61629,oncoming_trucks.13,1.8,50.31,0
61630,oncoming_trucks.13,1.9,46.4,0
61631,oncoming_trucks.13,2.1,43.01,0
61632,oncoming_trucks.13,2.2,40.07,0
61633,oncoming_trucks.13,2.4,37.49,0
61634,oncoming_trucks.13,2.5,35.22,0
61635,oncoming_trucks.13,2.7,33.21,0
61636,oncoming_trucks.13,2.8,31.44,0
61637,oncoming_trucks.13,3.0,29.86,0
61638,oncoming_trucks.13,3.1,28.46,0
61639,oncoming_trucks.13,3.3,27.21,0
61640,oncoming_trucks.13,3.4,26.1,0
61641,oncoming_trucks.13,3.6,25.11,0
61642,oncoming_trucks.13,3.7,24.24,0
61643,oncoming_trucks.13,3.8,23.46,0
61644,oncoming_trucks.13,3.9,22.78,0
61645,oncoming_trucks.13,4.0,22.19,0
61646,oncoming_trucks.13,4.1,21.68,0
61647,oncoming_trucks.13,4.2,21.25,0
61648,oncoming_trucks.13,4.3,20.89,0
61649,oncoming_trucks.13,4.3,20.62,0
61650,oncoming_trucks.13,4.4,20.42,0
61651,oncoming_trucks.13,4.4,20.29,0
61652,oncoming_trucks.13,4.4,20.24,0
61653,oncoming_trucks.13,4.4,20.28,0
61654,oncoming_trucks.13,4.4,20.4,0
61655,oncoming_trucks.13,4.3,20.61,0
61656,oncoming_trucks.13,4.3,20.92,0
61657,oncoming_trucks.13,4.2,21.33,0
61658,oncoming_trucks.13,4.1,21.86,0
61659,oncoming_trucks.13,4.0,22.53,0
61660,oncoming_trucks.13,3.8,23.34,0
61661,oncoming_trucks.13,3.7,24.32,0
61662,oncoming_trucks.13,3.5,25.49,0
61663,oncoming_trucks.13,3.3,26.88,0
61664,oncoming_trucks.13,3.1,28.54,0
61665,oncoming_trucks.13,2.9,30.52,0
61666,oncoming_trucks.13,2.7,32.87,0
64651,oncoming_sedans.30,9.5,9.38,0
64652,oncoming_sedans.30,9.3,9.59,0
64653,oncoming_sedans.30,9.1,9.84,0
64654,oncoming_sedans.30,8.8,10.14,0
64655,oncoming_sedans.30,8.5,10.5,0
64656,oncoming_sedans.30,8.2,10.91,0
64657,oncoming_sedans.30,7.9,11.39,0
64658,oncoming_sedans.30,7.5,11.94,0
64659,oncoming_sedans.30,7.1,12.57,0
64660,oncoming_sedans.30,6.7,13.28,0
64661,oncoming_sedans.30,6.3,14.09,0
64662,oncoming_sedans.30,6.0,15.02,0
64663,oncoming_sedans.30,5.6,16.07,0
64664,oncoming_sedans.30,5.2,17.26,0
64665,oncoming_sedans.30,4.8,18.62,0
64706,oncoming_sedans.35,3.1,29.32,0
64707,oncoming_sedans.35,3.2,28.02,0
64708,oncoming_sedans.35,3.3,26.87,0
64709,oncoming_sedans.35,3.5,25.84,0
64710,oncoming_sedans.35,3.6,24.94,0
64711,oncoming_sedans.35,3.7,24.13,0
64712,oncoming_sedans.35,3.8,23.43,0
64713,oncoming_sedans.35,3.9,22.82,0
64714,oncoming_sedans.35,4.0,22.3,0
64715,oncoming_sedans.35,4.1,21.87,0
64716,oncoming_sedans.35,4.2,21.51,0
64717,oncoming_sedans.35,4.2,21.24,0
64718,oncoming_sedans.35,4.3,21.04,0
64719,oncoming_sedans.35,4.3,20.93,0
64720,oncoming_sedans.35,4.3,20.9,0
64721,oncoming_sedans.35,4.3,20.95,0
64722,oncoming_sedans.35,4.2,21.09,0
64723,oncoming_sedans.35,4.2,21.32,0
64724,oncoming_sedans.35,4.1,21.65,0
64725,oncoming_sedans.35,4.1,22.09,0
64726,oncoming_sedans.35,4.0,22.64,0
64727,oncoming_sedans.35,3.8,23.32,0
64728,oncoming_sedans.35,3.7,24.15,0
64729,oncoming_sedans.35,3.6,25.13,0
64730,oncoming_sedans.35,3.4,26.28,0
64731,oncoming_sedans.35,3.2,27.64,0
64732,oncoming_sedans.35,3.1,29.23,0
64733,oncoming_sedans.35,2.9,31.08,0
64734,oncoming_sedans.35,2.7,33.23,0
64735,oncoming_sedans.35,2.5,35.75,0
67707,oncoming_sedans.31,2.1,42.64,0
67708,oncoming_sedans.31,2.3,39.19,0
67709,oncoming_sedans.31,2.5,36.22,0
67710,oncoming_sedans.31,2.7,33.63,0
67711,oncoming_sedans.31,2.9,31.39,0
67712,oncoming_sedans.31,3.0,29.42,0
67713,oncoming_sedans.31,3.2,27.7,0
67714,oncoming_sedans.31,3.4,26.2,0
67715,oncoming_sedans.31,3.6,24.88,0
67716,oncoming_sedans.31,3.8,23.72,0
67717,oncoming_sedans.31,3.9,22.71,0
67718,oncoming_sedans.31,4.1,21.84,0
67719,oncoming_sedans.31,4.2,21.08,0
67720,oncoming_sedans.31,4.4,20.44,0
67721,oncoming_sedans.31,4.5,19.9,0
67722,oncoming_sedans.31,4.6,19.46,0
67723,oncoming_sedans.31,4.7,19.11,0
67724,oncoming_sedans.31,4.7,18.85,0
67725,oncoming_sedans.31,4.8,18.67,0
67726,oncoming_sedans.31,4.8,18.59,0
67727,oncoming_sedans.31,4.8,18.58,0
67728,oncoming_sedans.31,4.8,18.67,0
67729,oncoming_sedans.31,4.7,18.84,0
67730,oncoming_sedans.31,4.7,19.1,0
67731,oncoming_sedans.31,4.6,19.46,0
67732,oncoming_sedans.31,4.5,19.91,0
67733,oncoming_sedans.31,4.4,20.47,0
67734,oncoming_sedans.31,4.2,21.14,0
67773,oncoming_sedans.36,3.0,30.01,0
67774,oncoming_sedans.36,3.1,28.71,0
67775,oncoming_sedans.32,0.3,314.89,0
67775,oncoming_sedans.36,3.2,27.56,0
67776,oncoming_sedans.32,0.2,372.84,0
67776,oncoming_sedans.36,3.4,26.55,0
67777,oncoming_sedans.36,3.5,25.66,0
67778,oncoming_sedans.36,3.6,24.89,0
67779,oncoming_sedans.36,3.7,24.22,0
67780,oncoming_sedans.36,3.8,23.65,0
67781,oncoming_sedans.36,3.9,23.18,0
67782,oncoming_sedans.36,3.9,22.79,0
67783,oncoming_sedans.36,4.0,22.5,0
67784,oncoming_sedans.36,4.0,22.29,0
67785,oncoming_sedans.36,4.0,22.16,0
67786,oncoming_sedans.36,4.0,22.12,0
67787,oncoming_sedans.36,4.0,22.17,0
67788,oncoming_sedans.36,4.0,22.31,0
67789,oncoming_sedans.36,4.0,22.54,0
67790,oncoming_sedans.36,3.9,22.86,0
67791,oncoming_sedans.36,3.8,23.29,0
67792,oncoming_sedans.36,3.8,23.82,0
67793,oncoming_sedans.36,3.7,24.48,0
67794,oncoming_sedans.36,3.5,25.26,0
67795,oncoming_sedans.36,3.4,26.18,0
67796,oncoming_sedans.36,3.3,27.25,0
67797,oncoming_sedans.36,3.1,28.5,0
67798,oncoming_sedans.36,3.0,29.94,0
67799,oncoming_sedans.36,2.8,31.59,0
67800,oncoming_sedans.36,2.7,33.5,0
67801,oncoming_sedans.36,2.5,35.69,0
67802,oncoming_sedans.36,2.3,38.2,0
67803,oncoming_sedans.36,2.2,41.09,0
67804,oncoming_sedans.36,2.0,44.41,0
67805,oncoming_sedans.36,1.9,48.24,0
70774,oncoming_sedans.32,0.2,390.18,0
70775,oncoming_sedans.32,0.3,291.04,0
70776,oncoming_sedans.32,0.4,224.39,0
70777,oncoming_sedans.32,0.5,177.77,0
70778,oncoming_sedans.32,0.6,144.09,0
70779,oncoming_sedans.32,0.8,119.1,0
70780,oncoming_sedans.32,0.9,100.12,0
70781,oncoming_sedans.32,1.0,85.43,0
70782,oncoming_sedans.32,1.2,73.85,0
70783,oncoming_sedans.32,1.4,64.6,0
70784,oncoming_sedans.32,1.6,57.1,0
70785,oncoming_sedans.32,1.8,50.97,0
70786,oncoming_sedans.32,1.9,45.89,0
70787,oncoming_sedans.32,2.1,41.66,0
70788,oncoming_sedans.32,2.3,38.11,0
70789,oncoming_sedans.32,2.5,35.1,0
70790,oncoming_sedans.32,2.7,32.56,0
70791,oncoming_sedans.32,2.9,30.39,0
70792,oncoming_sedans.32,3.1,28.54,0
70793,oncoming_sedans.32,3.3,26.96,0
70794,oncoming_sedans.32,3.5,25.61,0
70795,oncoming_sedans.32,3.7,24.48,0
70796,oncoming_sedans.32,3.8,23.52,0
70797,oncoming_sedans.32,3.9,22.73,0
70798,oncoming_sedans.32,4.1,22.08,0
70799,oncoming_sedans.32,4.1,21.58,0
70800,oncoming_sedans.32,4.2,21.2,0
70801,oncoming_sedans.32,4.3,20.94,0
70802,oncoming_sedans.32,4.3,20.81,0
70803,oncoming_sedans.32,4.3,20.79,0
70804,oncoming_sedans.32,4.3,20.88,0
70805,oncoming_sedans.32,4.2,21.09,0
70806,oncoming_sedans.32,4.2,21.41,0
70807,oncoming_sedans.32,4.1,21.81,0
70808,oncoming_sedans.32,4.0,22.3,0
70809,oncoming_sedans.32,3.9,22.86,0
70809,oncoming_sedans.37,3.5,25.91,0
70810,oncoming_sedans.32,3.8,23.46,0
70810,oncoming_sedans.37,3.6,24.78,0
70811,oncoming_sedans.32,3.7,24.1,0
70811,oncoming_sedans.37,3.8,23.79,0
70812,oncoming_sedans.32,3.6,24.74,0
70812,oncoming_sedans.37,3.9,22.92,0
70813,oncoming_sedans.37,4.0,22.17,0
70814,oncoming_sedans.37,4.2,21.52,0
70815,oncoming_sedans.37,4.3,20.96,0
70816,oncoming_sedans.37,4.4,20.5,0
70817,oncoming_sedans.37,4.4,20.13,0
70818,oncoming_sedans.37,4.5,19.84,0
70819,oncoming_sedans.37,4.6,19.62,0
70820,oncoming_sedans.37,4.6,19.49,0
70821,oncoming_sedans.37,4.6,19.44,0
70822,oncoming_sedans.37,4.6,19.47,0
70823,oncoming_sedans.37,4.6,19.57,0
70824,oncoming_sedans.37,4.5,19.76,0
70825,oncoming_sedans.37,4.5,20.03,0
70826,oncoming_sedans.37,4.4,20.39,0
70827,oncoming_sedans.37,4.3,20.85,0
70828,oncoming_sedans.37,4.2,21.4,0
70829,oncoming_sedans.37,4.1,22.05,0
70830,oncoming_sedans.37,3.9,22.82,0
70831,oncoming_sedans.37,3.8,23.72,0
70832,oncoming_sedans.37,3.6,24.74,0
70833,oncoming_sedans.37,3.5,25.91,0
70834,oncoming_sedans.37,3.3,27.25,0
70835,oncoming_sedans.37,3.1,28.76,0
70839,oncoming_trucks.12,4.7,19.12,0
70840,oncoming_trucks.12,4.7,18.99,0
70841,oncoming_trucks.12,4.7,18.86,0
70842,oncoming_trucks.12,4.8,18.74,0
70843,oncoming_trucks.12,4.8,18.62,0
70844,oncoming_trucks.12,4.8,18.51,0
70845,oncoming_trucks.12,4.9,18.41,0
70846,oncoming_trucks.12,4.9,18.32,0
70847,oncoming_trucks.12,4.9,18.25,0
70848,oncoming_trucks.12,4.9,18.2,0
70849,oncoming_trucks.12,4.9,18.17,0
70850,oncoming_trucks.12,4.9,18.17,0
70851,oncoming_trucks.12,4.9,18.19,0
70852,oncoming_trucks.12,4.9,18.24,0
70853,oncoming_trucks.12,4.9,18.33,0
70854,oncoming_trucks.12,4.8,18.46,0
70855,oncoming_trucks.12,4.8,18.62,0
70856,oncoming_trucks.12,4.8,18.83,0
70857,oncoming_trucks.12,4.7,19.09,0
70858,oncoming_trucks.12,4.6,19.41,0
70859,oncoming_trucks.12,4.5,19.78,0
70860,oncoming_trucks.12,4.4,20.22,0
70861,oncoming_trucks.12,4.3,20.74,0
70862,oncoming_trucks.12,4.2,21.33,0
70863,oncoming_trucks.12,4.1,22.01,0
70864,oncoming_trucks.12,3.9,22.79,0
70865,oncoming_trucks.12,3.8,23.68,0
70866,oncoming_trucks.12,3.6,24.7,0
70867,oncoming_trucks.12,3.5,25.86,0
73885,oncoming_trucks.14,2.3,39.73,0
73886,oncoming_trucks.14,2.4,36.9,0
73887,oncoming_trucks.14,2.6,34.44,0
73888,oncoming_trucks.14,2.8,32.28,0
73889,oncoming_trucks.14,2.9,30.38,0
73890,oncoming_trucks.14,3.1,28.71,0
73891,oncoming_trucks.14,3.3,27.23,0
73892,oncoming_trucks.14,3.5,25.91,0
73893,oncoming_trucks.14,3.6,24.74,0
73894,oncoming_trucks.14,3.8,23.71,0
73895,oncoming_trucks.14,3.9,22.79,0
73896,oncoming_trucks.14,4.1,21.98,0
73897,oncoming_trucks.14,4.2,21.26,0
73898,oncoming_trucks.14,4.3,20.63,0
73899,oncoming_trucks.14,4.5,20.08,0
73900,oncoming_trucks.14,4.6,19.61,0
73901,oncoming_trucks.14,4.7,19.21,0
73902,oncoming_trucks.14,4.7,18.88,0
73903,oncoming_trucks.14,4.8,18.62,0
73904,oncoming_trucks.14,4.9,18.43,0
73905,oncoming_trucks.14,4.9,18.3,0
73906,oncoming_trucks.14,4.9,18.24,0
73907,oncoming_trucks.14,4.9,18.25,0
73908,oncoming_trucks.14,4.9,18.34,0
73909,oncoming_trucks.14,4.8,18.49,0
73910,oncoming_trucks.14,4.8,18.73,0
73911,oncoming_trucks.14,4.7,19.06,0
73912,oncoming_trucks.14,4.6,19.48,0
73913,oncoming_trucks.14,4.5,20.0,0
73914,oncoming_trucks.14,4.3,20.63,0
73915,oncoming_sedans.33,2.3,38.38,0
73915,oncoming_trucks.14,4.2,21.39,0
73916,oncoming_sedans.33,2.5,35.91,0
73916,oncoming_trucks.14,4.0,22.29,0
73917,oncoming_sedans.33,2.7,33.74,0
73917,oncoming_trucks.14,3.8,23.36,0
73918,oncoming_sedans.33,2.8,31.84,0
73919,oncoming_sedans.33,3.0,30.15,0
73920,oncoming_sedans.33,3.1,28.67,0
73921,oncoming_sedans.33,3.3,27.35,0
73922,oncoming_sedans.33,3.4,26.19,0
73923,oncoming_sedans.33,3.6,25.17,0
73924,oncoming_sedans.33,3.7,24.27,0
73925,oncoming_sedans.33,3.8,23.48,0
73926,oncoming_sedans.33,3.9,22.8,0
73927,oncoming_sedans.33,4.0,22.22,0
73928,oncoming_sedans.33,4.1,21.73,0
73929,oncoming_sedans.33,4.2,21.32,0
73930,oncoming_sedans.33,4.3,21.0,0
73931,oncoming_sedans.33,4.3,20.77,0
73932,oncoming_sedans.33,4.3,20.61,0
73933,oncoming_sedans.33,4.4,20.54,0
73934,oncoming_sedans.33,4.4,20.55,0
73935,oncoming_sedans.33,4.3,20.64,0
73936,oncoming_sedans.33,4.3,20.83,0
73937,oncoming_sedans.33,4.2,21.11,0
73938,oncoming_sedans.33,4.2,21.48,0
73939,oncoming_sedans.33,4.1,21.96,0
73940,oncoming_sedans.33,4.0,22.56,0
73941,oncoming_sedans.33,3.8,23.28,0
73942,oncoming_sedans.33,3.7,24.13,0
73943,oncoming_sedans.33,3.6,25.14,0
76958,oncoming_sedans.34,2.1,42.54,0
76959,oncoming_sedans.34,2.3,39.53,0
76960,oncoming_sedans.34,2.4,36.91,0
76961,oncoming_sedans.34,2.6,34.61,0
76962,oncoming_sedans.34,2.7,32.59,0
76963,oncoming_sedans.34,2.9,30.81,0
76964,oncoming_sedans.34,3.1,29.24,0
76965,oncoming_sedans.34,3.2,27.85,0
76966,oncoming_sedans.34,3.4,26.63,0
76967,oncoming_sedans.34,3.5,25.56,0
76968,oncoming_sedans.34,3.6,24.61,0
76969,oncoming_sedans.34,3.8,23.78,0
76970,oncoming_sedans.34,3.9,23.07,0
76971,oncoming_sedans.34,4.0,22.45,0
76972,oncoming_sedans.34,4.1,21.93,0
76973,oncoming_sedans.34,4.2,21.5,0
76974,oncoming_sedans.34,4.2,21.16,0
76975,oncoming_sedans.34,4.3,20.9,0
76976,oncoming_sedans.34,4.3,20.72,0
76977,oncoming_sedans.34,4.3,20.62,0
76978,oncoming_sedans.34,4.3,20.61,0
76979,oncoming_sedans.34,4.3,20.69,0
76980,oncoming_sedans.34,4.3,20.85,0
76981,oncoming_sedans.34,4.2,21.11,0
76982,oncoming_sedans.39,2.1,43.0,0
76982,oncoming_sedans.34,4.2,21.47,0
76983,oncoming_sedans.39,2.2,40.01,0
76983,oncoming_sedans.34,4.1,21.93,0
76984,oncoming_sedans.39,2.4,37.4,0
76984,oncoming_sedans.34,4.0,22.5,0
76985,oncoming_sedans.39,2.5,35.1,0
76985,oncoming_sedans.34,3.9,23.19,0
76986,oncoming_sedans.39,2.7,33.07,0
76986,oncoming_sedans.34,3.7,24.03,0
76987,oncoming_sedans.39,2.9,31.28,0
76987,oncoming_sedans.34,3.6,25.01,0
76988,oncoming_sedans.39,3.0,29.71,0
76988,oncoming_sedans.34,3.4,26.16,0
76989,oncoming_sedans.39,3.2,28.31,0
76990,oncoming_sedans.39,3.3,27.08,0
76991,oncoming_sedans.39,3.4,26.0,0
76992,oncoming_sedans.39,3.6,25.04,0
76993,oncoming_sedans.39,3.7,24.21,0
76994,oncoming_sedans.39,3.8,23.49,0
76995,oncoming_sedans.39,3.9,22.87,0
76996,oncoming_sedans.39,4.0,22.35,0
76997,oncoming_sedans.39,4.1,21.92,0
76998,oncoming_sedans.39,4.1,21.58,0
76999,oncoming_sedans.39,4.2,21.33,0
77000,oncoming_sedans.39,4.2,21.16,0
77001,oncoming_sedans.39,4.2,21.07,0
77002,oncoming_sedans.39,4.2,21.07,0
77003,oncoming_sedans.39,4.2,21.15,0
77004,oncoming_sedans.39,4.2,21.32,0
77005,oncoming_sedans.39,4.1,21.58,0
77006,oncoming_sedans.39,4.1,21.94,0
77007,oncoming_sedans.39,4.0,22.4,0
77008,oncoming_sedans.39,3.9,22.97,0
77009,oncoming_sedans.39,3.8,23.66,0
77010,oncoming_sedans.39,3.7,24.48,0
77011,oncoming_sedans.39,3.5,25.44,0
77012,oncoming_sedans.39,3.4,26.56,0
80026,oncoming_sedans.38,2.1,43.01,0
80027,oncoming_sedans.38,2.2,40.02,0
80028,oncoming_sedans.38,2.4,37.4,0
80029,oncoming_sedans.38,2.5,35.1,0
80030,oncoming_sedans.38,2.7,33.07,0
80031,oncoming_sedans.38,2.9,31.29,0
80032,oncoming_sedans.38,3.0,29.71,0
80033,oncoming_sedans.38,3.2,28.31,0
80034,oncoming_sedans.38,3.3,27.08,0
80035,oncoming_sedans.38,3.4,26.0,0
80036,oncoming_sedans.38,3.6,25.05,0
80037,oncoming_sedans.38,3.7,24.21,0
80038,oncoming_sedans.38,3.8,23.49,0
80039,oncoming_sedans.38,3.9,22.88,0
80040,oncoming_sedans.38,4.0,22.36,0
80041,oncoming_sedans.38,4.1,21.93,0
80042,oncoming_sedans.38,4.1,21.59,0
80043,oncoming_sedans.38,4.2,21.33,0
80044,oncoming_sedans.38,4.2,21.16,0
80045,oncoming_sedans.38,4.2,21.07,0
80046,oncoming_sedans.38,4.2,21.07,0
80047,oncoming_sedans.38,4.2,21.15,0
80048,oncoming_sedans.38,4.2,21.32,0
80049,oncoming_sedans.38,4.1,21.58,0
80050,oncoming_sedans.38,4.1,21.94,0
80051,oncoming_sedans.38,4.0,22.4,0
80052,oncoming_trucks.15,1.8,50.31,0
80052,oncoming_sedans.38,3.9,22.97,0
80053,oncoming_trucks.15,1.9,46.45,0
80053,oncoming_sedans.38,3.8,23.66,0
80054,oncoming_trucks.15,2.1,43.1,0
80054,oncoming_sedans.38,3.7,24.48,0
80055,oncoming_trucks.15,2.2,40.19,0
80055,oncoming_sedans.38,3.5,25.44,0
80056,oncoming_trucks.15,2.4,37.64,0
80056,oncoming_sedans.38,3.4,26.56,0
80057,oncoming_trucks.15,2.5,35.4,0
80058,oncoming_trucks.15,2.7,33.43,0
80059,oncoming_trucks.15,2.8,31.69,0
80060,oncoming_trucks.15,3.0,30.15,0
80061,oncoming_trucks.15,3.1,28.78,0
80062,oncoming_trucks.15,3.2,27.57,0
80063,oncoming_trucks.15,3.4,26.5,0
80064,oncoming_trucks.15,3.5,25.56,0
80065,oncoming_trucks.15,3.6,24.73,0
80066,oncoming_trucks.15,3.7,24.0,0
80067,oncoming_trucks.15,3.8,23.37,0
80068,oncoming_trucks.15,3.9,22.84,0
80069,oncoming_trucks.15,4.0,22.39,0
80070,oncoming_trucks.15,4.1,22.02,0
80071,oncoming_trucks.15,4.1,21.74,0
80072,oncoming_trucks.15,4.2,21.54,0
80073,oncoming_trucks.15,4.2,21.41,0
80074,oncoming_trucks.15,4.2,21.37,0
80075,oncoming_trucks.15,4.2,21.41,0
80076,oncoming_trucks.15,4.2,21.53,0
80077,oncoming_trucks.15,4.1,21.74,0
80078,oncoming_trucks.15,4.1,22.05,0
80079,oncoming_trucks.15,4.0,22.47,0
80080,oncoming_trucks.15,3.9,22.99,0
80081,oncoming_trucks.15,3.8,23.64,0
80082,oncoming_trucks.15,3.7,24.42,0
80083,oncoming_trucks.15,3.5,25.35,0
80084,oncoming_trucks.15,3.4,26.45,0
80085,oncoming_trucks.15,3.2,27.75,0
80086,oncoming_trucks.15,3.1,29.26,0
80087,oncoming_trucks.15,2.9,31.03,0
80088,oncoming_trucks.15,2.7,33.09,0
80089,oncoming_trucks.15,2.5,35.5,0
80090,oncoming_trucks.15,2.3,38.31,0
80091,oncoming_trucks.15,2.2,41.61,0
83094,oncoming_sedans.40,2.2,40.17,0
83095,oncoming_sedans.40,2.4,37.48,0
83096,oncoming_sedans.40,2.5,35.13,0
83097,oncoming_sedans.40,2.7,33.07,0
83098,oncoming_sedans.40,2.9,31.26,0
83099,oncoming_sedans.40,3.0,29.67,0
83100,oncoming_sedans.40,3.2,28.27,0
83101,oncoming_sedans.40,3.3,27.05,0
83102,oncoming_sedans.40,3.4,25.99,0
83103,oncoming_sedans.40,3.6,25.06,0
83104,oncoming_sedans.40,3.7,24.27,0
83105,oncoming_sedans.40,3.8,23.59,0
83106,oncoming_sedans.40,3.9,23.03,0
83107,oncoming_sedans.40,4.0,22.57,0
83108,oncoming_sedans.40,4.0,22.21,0
83109,oncoming_sedans.40,4.1,21.94,0
83110,oncoming_sedans.40,4.1,21.77,0
83111,oncoming_sedans.40,4.1,21.7,0
83112,oncoming_sedans.40,4.1,21.71,0
83113,oncoming_sedans.40,4.1,21.81,0
83114,oncoming_sedans.40,4.1,22.01,0
83115,oncoming_sedans.40,4.0,22.31,0
83116,oncoming_sedans.40,3.9,22.71,0
83117,oncoming_sedans.40,3.9,23.21,0
83118,oncoming_sedans.40,3.8,23.83,0
83119,oncoming_sedans.40,3.6,24.56,0
83120,oncoming_sedans.40,3.5,25.42,0
83121,oncoming_sedans.40,3.4,26.43,0
83122,oncoming_sedans.40,3.2,27.58,0
83123,oncoming_sedans.40,3.1,28.91,0
83124,oncoming_sedans.40,2.9,30.42,0
83174,oncoming_trucks.16,10.1,8.89,0
83175,oncoming_trucks.16,9.9,9.07,0
83176,oncoming_trucks.16,9.6,9.28,0
83177,oncoming_trucks.16,9.4,9.54,0
83178,oncoming_trucks.16,9.1,9.83,0
83179,oncoming_trucks.16,8.8,10.18,0
83180,oncoming_trucks.16,8.5,10.58,0
83181,oncoming_trucks.16,8.1,11.03,0
83182,oncoming_trucks.16,7.7,11.56,0
83183,oncoming_trucks.16,7.4,12.17,0
83184,oncoming_trucks.16,7.0,12.87,0
83185,oncoming_trucks.16,6.5,13.67,0
83186,oncoming_trucks.16,6.1,14.59,0
83187,oncoming_trucks.16,5.7,15.65,0
83188,oncoming_trucks.16,5.3,16.87,0
83189,oncoming_trucks.16,4.9,18.29,0
83190,oncoming_trucks.16,4.5,19.93,0
83191,oncoming_trucks.16,4.1,21.86,0
83192,oncoming_trucks.16,3.7,24.11,0
86172,oncoming_sedans.41,2.7,33.63,0
86173,oncoming_sedans.41,2.9,31.31,0
86174,oncoming_sedans.41,3.1,29.3,0
86175,oncoming_sedans.41,3.2,27.53,0
86176,oncoming_sedans.41,3.4,25.99,0
86177,oncoming_sedans.41,3.6,24.64,0
86178,oncoming_sedans.41,3.8,23.47,0
86179,oncoming_sedans.41,4.0,22.44,0
86180,oncoming_sedans.41,4.2,21.55,0
86181,oncoming_sedans.41,4.3,20.78,0
86182,oncoming_sedans.41,4.4,20.12,0
86183,oncoming_sedans.41,4.6,19.57,0
86184,oncoming_sedans.41,4.7,19.11,0
86185,oncoming_sedans.41,4.8,18.74,0
86186,oncoming_sedans.41,4.8,18.45,0
86187,oncoming_sedans.41,4.9,18.25,0
86188,oncoming_sedans.41,4.9,18.13,0
86189,oncoming_sedans.41,4.9,18.09,0
86190,oncoming_sedans.41,4.9,18.13,0
86191,oncoming_sedans.41,4.9,18.25,0
86192,oncoming_sedans.41,4.8,18.46,0
86193,oncoming_sedans.41,4.8,18.75,0
86194,oncoming_sedans.41,4.7,19.13,0
86195,oncoming_sedans.41,4.6,19.61,0
86196,oncoming_sedans.41,4.4,20.18,0
86197,oncoming_sedans.41,4.3,20.87,0
86216,oncoming_sedans.43,3.0,29.83,0
86217,oncoming_sedans.43,3.1,28.48,0
86218,oncoming_sedans.43,3.3,27.27,0
86219,oncoming_sedans.43,3.4,26.19,0
86220,oncoming_sedans.43,3.5,25.24,0
86221,oncoming_sedans.43,3.7,24.41,0
86222,oncoming_sedans.43,3.8,23.67,0
86223,oncoming_sedans.43,3.9,23.04,0
86224,oncoming_sedans.43,4.0,22.49,0
86225,oncoming_sedans.43,4.1,22.03,0
86226,oncoming_sedans.43,4.1,21.65,0
86227,oncoming_sedans.43,4.2,21.36,0
86228,oncoming_sedans.43,4.2,21.15,0
86229,oncoming_sedans.43,4.3,21.02,0
86230,oncoming_sedans.43,4.3,20.97,0
86231,oncoming_sedans.43,4.3,21.0,0
86232,oncoming_sedans.43,4.2,21.13,0
86233,oncoming_sedans.43,4.2,21.34,0
86234,oncoming_sedans.43,4.1,21.66,0
86235,oncoming_sedans.43,4.1,22.08,0
86236,oncoming_sedans.43,4.0,22.62,0
86237,oncoming_sedans.43,3.8,23.28,0
86238,oncoming_sedans.43,3.7,24.09,0
86239,oncoming_sedans.43,3.6,25.05,0
86240,oncoming_sedans.43,3.4,26.18,0
86241,oncoming_sedans.43,3.3,27.51,0
86242,oncoming_sedans.43,3.1,29.07,0
86243,oncoming_sedans.43,2.9,30.89,0
86244,oncoming_sedans.43,2.7,33.01,0
86245,oncoming_sedans.43,2.5,35.49,0
89228,oncoming_sedans.42,0.2,369.04,0
89229,oncoming_sedans.42,0.3,288.93,0
89230,oncoming_sedans.42,0.4,231.42,0
89231,oncoming_sedans.42,0.5,188.96,0
89232,oncoming_sedans.42,0.6,156.87,0
89233,oncoming_sedans.42,0.7,132.13,0
89234,oncoming_sedans.42,0.8,112.72,0
89235,oncoming_sedans.42,0.9,97.27,0
89236,oncoming_sedans.42,1.1,84.81,0
89237,oncoming_sedans.42,1.2,74.63,0
89238,oncoming_sedans.42,1.4,66.24,0
89239,oncoming_sedans.42,1.5,59.26,0
89240,oncoming_sedans.42,1.7,53.4,0
89241,oncoming_sedans.42,1.8,48.45,0
89242,oncoming_sedans.42,2.0,44.24,0
89243,oncoming_sedans.42,2.2,40.63,0
89244,oncoming_sedans.42,2.4,37.54,0
89245,oncoming_sedans.42,2.6,34.86,0
89246,oncoming_sedans.42,2.7,32.55,0
89247,oncoming_sedans.42,2.9,30.54,0
89248,oncoming_sedans.42,3.1,28.79,0
89249,oncoming_sedans.42,3.3,27.27,0
89250,oncoming_sedans.42,3.4,25.95,0
89251,oncoming_sedans.42,3.6,24.81,0
89252,oncoming_sedans.42,3.8,23.82,0
89253,oncoming_sedans.42,3.9,22.98,0
89254,oncoming_sedans.42,4.0,22.26,0
89255,oncoming_sedans.42,4.1,21.66,0
89256,oncoming_sedans.42,4.2,21.17,0
89257,oncoming_sedans.42,4.3,20.79,0
89258,oncoming_sedans.42,4.4,20.5,0
89259,oncoming_sedans.42,4.4,20.31,0
89260,oncoming_sedans.42,4.4,20.21,0
89261,oncoming_sedans.42,4.4,20.21,0
89262,oncoming_sedans.42,4.4,20.3,0
89263,oncoming_sedans.42,4.4,20.48,0
89264,oncoming_sedans.42,4.3,20.76,0
89265,oncoming_sedans.42,4.2,21.14,0
89266,oncoming_sedans.42,4.1,21.62,0
89267,oncoming_sedans.42,4.0,22.22,0
89283,oncoming_sedans.44,3.0,30.01,0
89284,oncoming_sedans.44,3.1,28.71,0
89285,oncoming_sedans.44,3.2,27.56,0
89286,oncoming_sedans.44,3.4,26.55,0
89287,oncoming_sedans.44,3.5,25.66,0
89288,oncoming_sedans.44,3.6,24.89,0
89289,oncoming_sedans.44,3.7,24.22,0
89290,oncoming_sedans.44,3.8,23.65,0
89291,oncoming_sedans.44,3.9,23.18,0
89292,oncoming_sedans.44,3.9,22.79,0
89293,oncoming_sedans.44,4.0,22.5,0
89294,oncoming_sedans.44,4.0,22.29,0
89295,oncoming_sedans.44,4.0,22.16,0
89296,oncoming_sedans.44,4.0,22.12,0
89297,oncoming_sedans.44,4.0,22.17,0
89298,oncoming_sedans.44,4.0,22.31,0
89299,oncoming_sedans.44,4.0,22.54,0
89300,oncoming_sedans.44,3.9,22.86,0
89301,oncoming_sedans.44,3.8,23.29,0
89302,oncoming_sedans.44,3.8,23.82,0
89303,oncoming_sedans.44,3.7,24.48,0
89303,reckless_actor.3,0.9,95.0,0
89304,oncoming_sedans.44,3.5,25.26,0
89304,reckless_actor.3,0.8,111.64,0
89305,oncoming_sedans.44,3.4,26.18,0
89305,reckless_actor.3,0.7,133.5,0
89306,oncoming_sedans.44,3.3,27.25,0
89306,reckless_actor.3,0.5,163.17,0
89307,oncoming_sedans.44,3.1,28.5,0
89307,reckless_actor.3,0.4,205.24,0
89308,oncoming_sedans.44,3.0,29.94,0
89308,reckless_actor.3,0.3,268.72,0
89309,oncoming_sedans.44,2.8,31.59,0
89309,reckless_actor.3,0.2,373.82,0
89310,oncoming_sedans.44,2.7,33.5,0
89311,oncoming_sedans.44,2.5,35.68,0
89312,oncoming_sedans.44,2.3,38.2,0
89313,oncoming_sedans.44,2.2,41.08,0
89314,oncoming_sedans.44,2.0,44.4,0
89315,oncoming_sedans.44,1.9,48.23,0
92301,reckless_actor.3,0.2,386.52,0
92302,reckless_actor.3,0.3,289.78,0
92303,reckless_actor.3,0.4,225.93,0
92304,reckless_actor.3,0.5,181.57,0
92305,reckless_actor.3,0.6,149.5,0
92306,reckless_actor.3,0.7,125.57,0
92307,reckless_actor.3,0.8,107.23,0
92308,reckless_actor.3,1.0,92.87,0
92309,reckless_actor.3,1.1,81.41,0
92310,reckless_actor.3,1.2,72.13,0
92311,reckless_actor.3,1.4,64.5,0
92312,reckless_actor.3,1.5,58.16,0
92313,reckless_actor.3,1.7,52.83,0
92314,reckless_actor.3,1.9,48.32,0
92315,reckless_actor.3,2.0,44.46,0
92316,reckless_actor.3,2.2,41.14,0
92317,reckless_actor.3,2.3,38.27,0
92318,reckless_actor.3,2.5,35.77,0
92319,reckless_actor.3,2.7,33.58,0
92320,reckless_actor.3,2.8,31.67,0
92321,reckless_actor.3,3.0,29.98,0
92322,reckless_actor.3,3.1,28.49,0
92323,reckless_actor.3,3.3,27.18,0
92324,reckless_actor.3,3.4,26.03,0
92325,reckless_actor.3,3.6,25.01,0
92326,reckless_actor.3,3.7,24.11,0
92327,reckless_actor.3,3.8,23.32,0
92328,reckless_actor.3,4.0,22.64,0
92329,reckless_actor.3,4.1,22.05,0
92330,reckless_actor.3,4.2,21.56,0
92331,reckless_actor.3,4.2,21.14,0
92332,reckless_actor.3,4.3,20.81,0
92333,reckless_actor.3,4.4,20.55,0
92334,reckless_actor.3,4.4,20.38,0
92335,reckless_actor.3,4.4,20.28,0
92336,reckless_actor.3,4.4,20.27,0
92337,reckless_actor.3,4.4,20.33,0
92338,reckless_actor.3,4.4,20.48,0
92339,reckless_actor.3,4.3,20.72,0
92340,reckless_actor.3,4.2,21.06,0
92341,reckless_actor.3,4.2,21.5,0
92342,reckless_actor.3,4.1,22.06,0
92343,reckless_actor.3,3.9,22.74,0
92344,reckless_actor.3,3.8,23.56,0
92345,reckless_actor.3,3.6,24.54,0
92364,oncoming_trucks.17,3.2,27.65,0
92365,oncoming_trucks.17,3.4,26.41,0
92366,oncoming_trucks.17,3.5,25.31,0
92367,oncoming_trucks.17,3.7,24.33,0
92368,oncoming_trucks.17,3.8,23.45,0
92369,oncoming_trucks.17,3.9,22.67,0
92370,oncoming_trucks.17,4.1,21.99,0
92371,oncoming_trucks.17,4.2,21.39,0
92372,oncoming_trucks.17,4.3,20.86,0
92373,oncoming_trucks.17,4.4,20.42,0
92374,oncoming_trucks.17,4.5,20.04,0
92375,oncoming_trucks.17,4.5,19.74,0
92376,oncoming_trucks.17,4.6,19.5,0
92377,oncoming_trucks.17,4.6,19.33,0
92378,oncoming_trucks.17,4.7,19.23,0
92379,oncoming_trucks.17,4.7,19.19,0
92380,oncoming_trucks.17,4.7,19.23,0
92381,oncoming_trucks.17,4.6,19.34,0
92382,oncoming_trucks.17,4.6,19.53,0
92383,oncoming_trucks.17,4.5,19.8,0
92384,oncoming_trucks.17,4.4,20.17,0
92385,oncoming_trucks.17,4.3,20.63,0
92386,oncoming_trucks.17,4.2,21.19,0
92387,oncoming_trucks.17,4.1,21.87,0
92388,oncoming_trucks.17,3.9,22.69,0
92389,oncoming_trucks.17,3.8,23.65,0
92390,oncoming_trucks.17,3.6,24.78,0
92391,oncoming_trucks.17,3.4,26.09,0
92392,oncoming_trucks.17,3.2,27.63,0
92393,oncoming_trucks.17,3.0,29.41,0
92394,oncoming_trucks.17,2.8,31.5,0
92395,oncoming_trucks.17,2.6,33.93,0
92396,oncoming_trucks.17,2.4,36.77,0
92397,oncoming_trucks.17,2.2,40.1,0
95385,oncoming_sedans.46,2.3,39.44,0
95386,oncoming_sedans.46,2.4,36.83,0
95387,oncoming_sedans.46,2.6,34.54,0
95388,oncoming_sedans.46,2.8,32.52,0
95389,oncoming_sedans.46,2.9,30.75,0
95390,oncoming_sedans.46,3.1,29.19,0
95391,oncoming_sedans.46,3.2,27.81,0
95392,oncoming_sedans.46,3.4,26.59,0
95393,oncoming_sedans.46,3.5,25.52,0
95394,oncoming_sedans.46,3.6,24.58,0
95395,oncoming_sedans.46,3.8,23.75,0
95396,oncoming_sedans.46,3.9,23.04,0
95397,oncoming_sedans.46,4.0,22.42,0
95398,oncoming_sedans.46,4.1,21.9,0
95399,oncoming_sedans.46,4.2,21.47,0
95400,oncoming_sedans.46,4.2,21.13,0
95401,oncoming_sedans.46,4.3,20.87,0
95402,oncoming_sedans.46,4.3,20.69,0
95403,oncoming_sedans.46,4.3,20.6,0
95404,oncoming_sedans.46,4.3,20.59,0
95405,oncoming_sedans.46,4.3,20.67,0
95406,oncoming_sedans.46,4.3,20.83,0
95407,oncoming_sedans.46,4.2,21.08,0
95408,oncoming_sedans.46,4.2,21.44,0
95409,oncoming_sedans.46,4.1,21.9,0
95410,oncoming_sedans.46,4.0,22.47,0
95411,oncoming_sedans.46,3.9,23.17,0
95412,oncoming_sedans.46,3.7,24.0,0
95413,oncoming_sedans.46,3.6,24.98,0
95414,oncoming_sedans.46,3.4,26.12,0
95448,oncoming_trucks.18,3.3,27.27,0
95449,oncoming_trucks.18,3.4,26.02,0
95450,oncoming_trucks.18,3.6,24.9,0
95451,oncoming_trucks.18,3.7,23.9,0
95452,oncoming_trucks.18,3.9,23.0,0
95453,oncoming_trucks.18,4.0,22.2,0
95454,oncoming_trucks.18,4.2,21.48,0
95455,oncoming_trucks.18,4.3,20.85,0
95456,oncoming_trucks.18,4.4,20.29,0
95457,oncoming_trucks.18,4.5,19.8,0
95458,oncoming_trucks.18,4.6,19.38,0
95459,oncoming_trucks.18,4.7,19.03,0
95460,oncoming_trucks.18,4.8,18.74,0
95461,oncoming_trucks.18,4.8,18.52,0
95462,oncoming_trucks.18,4.9,18.36,0
95463,oncoming_trucks.18,4.9,18.27,0
95464,oncoming_trucks.18,4.9,18.24,0
95465,oncoming_trucks.18,4.9,18.29,0
95466,oncoming_trucks.18,4.9,18.41,0
95467,oncoming_trucks.18,4.8,18.61,0
95468,oncoming_trucks.18,4.7,18.9,0
95469,oncoming_trucks.18,4.6,19.28,0
95470,oncoming_trucks.18,4.5,19.77,0
95471,oncoming_trucks.18,4.4,20.37,0
95472,oncoming_trucks.18,4.2,21.11,0
95473,oncoming_trucks.18,4.1,21.99,0
95474,oncoming_trucks.18,3.9,23.05,0
95475,oncoming_trucks.18,3.7,24.31,0
95476,oncoming_trucks.18,3.5,25.81,0
95477,oncoming_trucks.18,3.2,27.58,0
95478,oncoming_trucks.18,3.0,29.68,0
98452,oncoming_sedans.47,2.1,43.01,0
98453,oncoming_sedans.47,2.2,40.02,0
98454,oncoming_sedans.47,2.4,37.4,0
98455,oncoming_sedans.47,2.5,35.1,0
98456,oncoming_sedans.47,2.7,33.08,0
98457,oncoming_sedans.47,2.9,31.29,0
98458,oncoming_sedans.47,3.0,29.71,0
98459,oncoming_sedans.47,3.2,28.32,0
98460,oncoming_sedans.47,3.3,27.09,0
98461,oncoming_sedans.47,3.4,26.0,0
98462,oncoming_sedans.47,3.6,25.05,0
98463,oncoming_sedans.47,3.7,24.22,0
98464,oncoming_sedans.47,3.8,23.49,0
98465,oncoming_sedans.47,3.9,22.88,0
98466,oncoming_sedans.47,4.0,22.36,0
98467,oncoming_sedans.47,4.1,21.93,0
98468,oncoming_sedans.47,4.1,21.58,0
98469,oncoming_sedans.47,4.2,21.33,0
98470,oncoming_sedans.47,4.2,21.16,0
98471,oncoming_sedans.47,4.2,21.07,0
98472,oncoming_sedans.47,4.2,21.07,0
98473,oncoming_sedans.47,4.2,21.15,0
98474,oncoming_sedans.47,4.2,21.32,0
98475,oncoming_sedans.47,4.1,21.58,0
98476,oncoming_sedans.47,4.1,21.94,0
98477,oncoming_sedans.47,4.0,22.4,0
98478,oncoming_sedans.47,3.9,22.97,0
98479,oncoming_sedans.47,3.8,23.66,0
98480,oncoming_sedans.47,3.7,24.48,0
98481,oncoming_sedans.47,3.5,25.44,0
98482,oncoming_sedans.47,3.4,26.55,0
98521,oncoming_sedans.49,3.0,29.44,0
98522,oncoming_sedans.49,3.2,28.13,0
98523,oncoming_sedans.49,3.3,26.96,0
98524,oncoming_sedans.49,3.5,25.93,0
98525,oncoming_sedans.49,3.6,25.01,0
98526,oncoming_sedans.49,3.7,24.2,0
98527,oncoming_sedans.49,3.8,23.49,0
98528,oncoming_sedans.49,3.9,22.88,0
98529,oncoming_sedans.49,4.0,22.35,0
98530,oncoming_sedans.49,4.1,21.91,0
98531,oncoming_sedans.49,4.2,21.55,0
98532,oncoming_sedans.49,4.2,21.28,0
98533,oncoming_sedans.49,4.2,21.08,0
98534,oncoming_sedans.49,4.3,20.96,0
98535,oncoming_sedans.49,4.3,20.93,0
98536,oncoming_sedans.49,4.3,20.98,0
98537,oncoming_sedans.49,4.2,21.11,0
98538,oncoming_sedans.49,4.2,21.35,0
98539,oncoming_sedans.49,4.1,21.67,0
98540,oncoming_sedans.49,4.0,22.11,0
98541,oncoming_sedans.49,3.9,22.66,0
98542,oncoming_sedans.49,3.8,23.34,0
98543,oncoming_sedans.49,3.7,24.16,0
98544,oncoming_sedans.49,3.6,25.14,0
98545,oncoming_sedans.49,3.4,26.3,0
98546,oncoming_sedans.49,3.2,27.65,0
98547,oncoming_sedans.49,3.1,29.24,0
98548,oncoming_sedans.49,2.9,31.09,0
98549,oncoming_sedans.49,2.7,33.24,0
98550,oncoming_sedans.49,2.5,35.76,0
101520,oncoming_sedans.45,2.2,40.17,0
101521,oncoming_sedans.45,2.4,37.48,0
101522,oncoming_sedans.45,2.5,35.13,0
101523,oncoming_sedans.45,2.7,33.07,0
101524,oncoming_sedans.45,2.9,31.26,0
101525,oncoming_sedans.45,3.0,29.67,0
101526,oncoming_sedans.45,3.2,28.27,0
101527,oncoming_sedans.45,3.3,27.05,0
101528,oncoming_sedans.45,3.4,25.98,0
101529,oncoming_sedans.45,3.6,25.06,0
101530,oncoming_sedans.45,3.7,24.27,0
101531,oncoming_sedans.45,3.8,23.59,0
101532,oncoming_sedans.45,3.9,23.03,0
101533,oncoming_sedans.45,4.0,22.57,0
101534,oncoming_sedans.45,4.0,22.21,0
101535,oncoming_sedans.45,4.1,21.94,0
101536,oncoming_sedans.45,4.1,21.77,0
101537,oncoming_sedans.45,4.1,21.7,0
101538,oncoming_sedans.45,4.1,21.71,0
101539,oncoming_sedans.45,4.1,21.81,0
101540,oncoming_sedans.45,4.1,22.01,0
101541,oncoming_sedans.45,4.0,22.31,0
101542,oncoming_sedans.45,3.9,22.71,0
101543,oncoming_sedans.45,3.9,23.21,0
101544,oncoming_sedans.45,3.8,23.83,0
101545,oncoming_sedans.45,3.6,24.56,0
101546,oncoming_sedans.45,3.5,25.42,0
101547,oncoming_sedans.45,3.4,26.43,0
101548,oncoming_sedans.45,3.2,27.58,0
101549,oncoming_sedans.45,3.1,28.91,0
101550,oncoming_sedans.45,2.9,30.42,0
101592,oncoming_trucks.19,2.8,31.4,0
101593,oncoming_trucks.19,3.0,29.96,0
101594,oncoming_trucks.19,3.1,28.67,0
101595,oncoming_trucks.19,3.3,27.53,0
101596,oncoming_trucks.19,3.4,26.51,0
101597,oncoming_trucks.19,3.5,25.61,0
101598,oncoming_trucks.19,3.6,24.81,0
101599,oncoming_trucks.19,3.7,24.11,0
101600,oncoming_trucks.19,3.8,23.5,0
101601,oncoming_trucks.19,3.9,22.98,0
101602,oncoming_trucks.19,4.0,22.53,0
101603,oncoming_trucks.19,4.0,22.17,0
101604,oncoming_trucks.19,4.1,21.89,0
101605,oncoming_trucks.19,4.1,21.68,0
101606,oncoming_trucks.19,4.2,21.55,0
101607,oncoming_trucks.19,4.2,21.5,0
101608,oncoming_trucks.19,4.2,21.53,0
101609,oncoming_trucks.19,4.1,21.65,0
101610,oncoming_trucks.19,4.1,21.86,0
101611,oncoming_trucks.19,4.0,22.16,0
101612,oncoming_trucks.19,4.0,22.57,0
101613,oncoming_trucks.19,3.9,23.1,0
101614,oncoming_trucks.19,3.8,23.76,0
101615,oncoming_trucks.19,3.6,24.55,0
101616,oncoming_trucks.19,3.5,25.51,0
101617,oncoming_trucks.19,3.4,26.66,0
101618,oncoming_trucks.19,3.2,28.01,0
101619,oncoming_trucks.19,3.0,29.6,0
101620,oncoming_trucks.19,2.8,31.48,0
101621,oncoming_trucks.19,2.7,33.68,0
101622,oncoming_trucks.19,2.5,36.28,0
101623,oncoming_trucks.19,2.3,39.35,0
101624,oncoming_trucks.19,2.1,42.99,0
101625,oncoming_trucks.19,1.9,47.33,0
101626,oncoming_trucks.19,1.7,52.55,0
101627,oncoming_trucks.19,1.5,58.86,0
101628,oncoming_trucks.19,1.3,66.6,0
101629,oncoming_trucks.19,1.2,76.2,0
101630,oncoming_trucks.19,1.0,88.31,0
101631,oncoming_trucks.19,0.9,103.9,0
101632,oncoming_trucks.19,0.7,124.46,0
101633,oncoming_trucks.19,0.6,152.45,0
101634,oncoming_trucks.19,0.5,192.27,0
101635,oncoming_trucks.19,0.4,252.56,0
101636,oncoming_trucks.19,0.3,352.89,0
104598,oncoming_sedans.48,2.7,33.63,0
104599,oncoming_sedans.48,2.9,31.31,0
104600,oncoming_sedans.48,3.1,29.29,0
104601,oncoming_sedans.48,3.3,27.53,0
104602,oncoming_sedans.48,3.4,25.99,0
104603,oncoming_sedans.48,3.6,24.64,0
104604,oncoming_sedans.48,3.8,23.47,0
104605,oncoming_sedans.48,4.0,22.44,0
104606,oncoming_sedans.48,4.2,21.55,0
104607,oncoming_sedans.48,4.3,20.78,0
104608,oncoming_sedans.48,4.4,20.12,0
104609,oncoming_sedans.48,4.6,19.57,0
104610,oncoming_sedans.48,4.7,19.11,0
104611,oncoming_sedans.48,4.8,18.74,0
104612,oncoming_sedans.48,4.8,18.45,0
104613,oncoming_sedans.48,4.9,18.25,0
104614,oncoming_sedans.48,4.9,18.13,0
104615,oncoming_sedans.48,4.9,18.09,0
104616,oncoming_sedans.48,4.9,18.13,0
104617,oncoming_sedans.48,4.9,18.25,0
104618,oncoming_sedans.48,4.8,18.46,0
104619,oncoming_sedans.48,4.8,18.75,0
104620,oncoming_sedans.48,4.7,19.13,0
104621,oncoming_sedans.48,4.6,19.61,0
104622,oncoming_sedans.48,4.4,20.18,0
104623,oncoming_sedans.48,4.3,20.87,0
104638,oncoming_trucks.19,0.3,311.42,0
104639,oncoming_trucks.19,0.4,238.8,0
104640,oncoming_trucks.19,0.5,189.54,0
104641,oncoming_trucks.19,0.6,154.57,0
104642,oncoming_trucks.19,0.7,128.84,0
104643,oncoming_trucks.19,0.8,109.34,0
104675,oncoming_sedans.53,4.0,22.33,0
104676,oncoming_sedans.53,4.1,21.7,0
104677,oncoming_sedans.53,4.2,21.16,0
104678,oncoming_sedans.53,4.3,20.69,0
104679,oncoming_sedans.53,4.4,20.3,0
104680,oncoming_sedans.53,4.5,19.98,0
104681,oncoming_sedans.53,4.5,19.74,0
104682,oncoming_sedans.53,4.6,19.56,0
104683,oncoming_sedans.53,4.6,19.46,0
104684,oncoming_sedans.53,4.6,19.43,0
104685,oncoming_sedans.53,4.6,19.48,0
104686,oncoming_sedans.53,4.6,19.6,0
104687,oncoming_sedans.53,4.5,19.8,0
104688,oncoming_sedans.53,4.5,20.09,0
104689,oncoming_sedans.53,4.4,20.46,0
104690,oncoming_sedans.53,4.3,20.94,0
104691,oncoming_sedans.53,4.2,21.52,0
104692,oncoming_sedans.53,4.0,22.21,0
104693,oncoming_sedans.53,3.9,23.03,0
104694,oncoming_sedans.53,3.7,23.99,0
104695,oncoming_sedans.53,3.6,25.11,0
104696,oncoming_sedans.53,3.4,26.41,0
104697,oncoming_sedans.53,3.2,27.9,0
104698,oncoming_sedans.53,3.0,29.63,0
104699,oncoming_sedans.53,2.8,31.63,0
104700,oncoming_sedans.53,2.6,33.93,0
104701,oncoming_sedans.53,2.4,36.6,0
104702,oncoming_sedans.53,2.3,39.7,0
104703,oncoming_sedans.53,2.1,43.31,0
107654,oncoming_sedans.50,0.2,369.13,0
107655,oncoming_sedans.50,0.3,288.98,0
107656,oncoming_sedans.50,0.4,231.46,0
107657,oncoming_sedans.50,0.5,188.99,0
107658,oncoming_sedans.50,0.6,156.89,0
107659,oncoming_sedans.50,0.7,132.14,0
107660,oncoming_sedans.50,0.8,112.73,0
107661,oncoming_sedans.50,0.9,97.28,0
107662,oncoming_sedans.50,1.1,84.81,0
107663,oncoming_sedans.50,1.2,74.64,0
107664,oncoming_sedans.50,1.4,66.25,0
107665,oncoming_sedans.50,1.5,59.26,0
107666,oncoming_sedans.50,1.7,53.4,0
107667,oncoming_sedans.50,1.8,48.45,0
107668,oncoming_sedans.50,2.0,44.24,0
107669,oncoming_sedans.50,2.2,40.63,0
107670,oncoming_sedans.50,2.4,37.54,0
107671,oncoming_sedans.50,2.6,34.86,0
107672,oncoming_sedans.50,2.7,32.55,0
107673,oncoming_sedans.50,2.9,30.54,0
107674,oncoming_sedans.50,3.1,28.79,0
107675,oncoming_sedans.50,3.3,27.27,0
107676,oncoming_sedans.50,3.4,25.95,0
107677,oncoming_sedans.50,3.6,24.81,0
107678,oncoming_sedans.50,3.8,23.82,0
107679,oncoming_sedans.50,3.9,22.98,0
107680,oncoming_sedans.50,4.0,22.26,0
107681,oncoming_sedans.50,4.1,21.66,0
107682,oncoming_sedans.50,4.2,21.17,0
107683,oncoming_sedans.50,4.3,20.79,0
107684,oncoming_sedans.50,4.4,20.5,0
107685,oncoming_sedans.50,4.4,20.31,0
107686,oncoming_sedans.50,4.4,20.21,0
107687,oncoming_sedans.50,4.4,20.21,0
107688,oncoming_sedans.50,4.4,20.3,0
107689,oncoming_sedans.50,4.4,20.48,0
107690,oncoming_sedans.50,4.3,20.76,0
107691,oncoming_sedans.50,4.2,21.14,0
107692,oncoming_sedans.50,4.1,21.62,0
107693,oncoming_sedans.50,4.0,22.22,0
107753,oncoming_trucks.20,3.3,27.51,0
107754,oncoming_trucks.20,3.4,26.27,0
107755,oncoming_trucks.20,3.6,25.15,0
107756,oncoming_trucks.20,3.7,24.15,0
107757,oncoming_trucks.20,3.8,23.26,0
107758,oncoming_trucks.20,4.0,22.46,0
107759,oncoming_trucks.20,4.1,21.75,0
107760,oncoming_trucks.20,4.2,21.12,0
107761,oncoming_trucks.20,4.4,20.57,0
107762,oncoming_trucks.20,4.5,20.09,0
107763,oncoming_trucks.20,4.5,19.68,0
107764,oncoming_trucks.20,4.6,19.33,0
107765,oncoming_trucks.20,4.7,19.05,0
107766,oncoming_trucks.20,4.8,18.83,0
107767,oncoming_trucks.20,4.8,18.68,0
107768,oncoming_trucks.20,4.8,18.59,0
107769,oncoming_trucks.20,4.8,18.57,0
107770,oncoming_trucks.20,4.8,18.62,0
107771,oncoming_trucks.20,4.8,18.75,0
107772,oncoming_trucks.20,4.7,18.95,0
107773,oncoming_trucks.20,4.7,19.23,0
107774,oncoming_trucks.20,4.6,19.61,0
107775,oncoming_trucks.20,4.5,20.09,0
107776,oncoming_trucks.20,4.3,20.69,0
107777,oncoming_trucks.20,4.2,21.41,0
107778,oncoming_trucks.20,4.0,22.27,0
107779,oncoming_trucks.20,3.8,23.29,0
107780,oncoming_trucks.20,3.7,24.5,0
107781,oncoming_trucks.20,3.5,25.93,0
107782,oncoming_trucks.20,3.2,27.6,0
107783,oncoming_trucks.20,3.0,29.57,0
107784,oncoming_trucks.20,2.8,31.88,0
110722,oncoming_sedans.51,0.2,371.3,0
110723,oncoming_sedans.51,0.3,290.5,0
110724,oncoming_sedans.51,0.4,232.54,0
110725,oncoming_sedans.51,0.5,189.78,0
110726,oncoming_sedans.51,0.6,157.48,0
110727,oncoming_sedans.51,0.7,132.59,0
110728,oncoming_sedans.51,0.8,113.07,0
110729,oncoming_sedans.51,0.9,97.54,0
110730,oncoming_sedans.51,1.1,85.02,0
110731,oncoming_sedans.51,1.2,74.8,0
110732,oncoming_sedans.51,1.3,66.38,0
110733,oncoming_sedans.51,1.5,59.37,0
110734,oncoming_sedans.51,1.7,53.49,0
110735,oncoming_sedans.51,1.8,48.52,0
110736,oncoming_sedans.51,2.0,44.29,0
110737,oncoming_sedans.51,2.2,40.68,0
110738,oncoming_sedans.51,2.4,37.57,0
110739,oncoming_sedans.51,2.6,34.89,0
110740,oncoming_sedans.51,2.7,32.57,0
110741,oncoming_sedans.51,2.9,30.56,0
110742,oncoming_sedans.51,3.1,28.81,0
110743,oncoming_sedans.51,3.3,27.28,0
110744,oncoming_sedans.51,3.4,25.96,0
110745,oncoming_sedans.51,3.6,24.81,0
110746,oncoming_sedans.51,3.8,23.82,0
110747,oncoming_sedans.51,3.9,22.98,0
110748,oncoming_sedans.51,4.0,22.26,0
110749,oncoming_sedans.51,4.1,21.66,0
110750,oncoming_sedans.51,4.2,21.17,0
110751,oncoming_sedans.51,4.3,20.78,0
110752,oncoming_sedans.51,4.4,20.49,0
110753,oncoming_sedans.51,4.4,20.3,0
110754,oncoming_sedans.51,4.4,20.2,0
110755,oncoming_sedans.51,4.4,20.19,0
110756,oncoming_sedans.51,4.4,20.28,0
110757,oncoming_sedans.51,4.4,20.46,0
110758,oncoming_sedans.51,4.3,20.74,0
110759,oncoming_sedans.51,4.2,21.11,0
110760,oncoming_sedans.51,4.1,21.59,0
110761,oncoming_sedans.51,4.0,22.19,0
110829,school_buses.4,2.7,33.06,0
110830,school_buses.4,2.8,31.44,0
110831,school_buses.4,3.0,29.99,0
110832,school_buses.4,3.1,28.69,0
110833,school_buses.4,3.2,27.54,0
110834,school_buses.4,3.4,26.51,0
110835,school_buses.4,3.5,25.59,0
110836,school_buses.4,3.6,24.78,0
110837,school_buses.4,3.7,24.06,0
110838,school_buses.4,3.8,23.44,0
110839,school_buses.4,3.9,22.89,0
110840,school_buses.4,4.0,22.43,0
110841,school_buses.4,4.1,22.05,0
110842,school_buses.4,4.1,21.75,0
110843,school_buses.4,4.2,21.52,0
110844,school_buses.4,4.2,21.37,0
110845,school_buses.4,4.2,21.29,0
110846,school_buses.4,4.2,21.3,0
110847,school_buses.4,4.2,21.4,0
110848,school_buses.4,4.1,21.58,0
110849,school_buses.4,4.1,21.86,0
110850,school_buses.4,4.0,22.25,0
110851,school_buses.4,3.9,22.75,0
110852,school_buses.4,3.8,23.39,0
110853,school_buses.4,3.7,24.17,0
110854,school_buses.4,3.6,25.12,0
110855,school_buses.4,3.4,26.26,0
110856,school_buses.4,3.2,27.62,0
110857,school_buses.4,3.1,29.24,0
110858,school_buses.4,2.9,31.17,0
110859,school_buses.4,2.7,33.46,0
110860,school_buses.4,2.5,36.21,0
110861,school_buses.4,2.3,39.51,0
110862,school_buses.4,2.1,43.48,0
110863,school_buses.4,1.9,48.26,0
110864,school_buses.4,1.7,54.06,0
110865,school_buses.4,1.5,61.19,0
110866,school_buses.4,1.3,70.05,0
110867,school_buses.4,1.1,81.24,0
110868,school_buses.4,0.9,95.66,0
110869,school_buses.4,0.8,114.75,0
110870,school_buses.4,0.6,140.88,0
110871,school_buses.4,0.5,178.34,0
110872,school_buses.4,0.4,235.75,0
110873,school_buses.4,0.3,333.22,0
113790,oncoming_sedans.52,0.2,371.59,0
113791,oncoming_sedans.52,0.3,290.68,0
113792,oncoming_sedans.52,0.4,232.66,0
113793,oncoming_sedans.52,0.5,189.86,0
113794,oncoming_sedans.52,0.6,157.53,0
113795,oncoming_sedans.52,0.7,132.63,0
113796,oncoming_sedans.52,0.8,113.1,0
113797,oncoming_sedans.52,0.9,97.56,0
113798,oncoming_sedans.52,1.1,85.03,0
113799,oncoming_sedans.52,1.2,74.81,0
113800,oncoming_sedans.52,1.3,66.38,0
113801,oncoming_sedans.52,1.5,59.37,0
113802,oncoming_sedans.52,1.7,53.49,0
113803,oncoming_sedans.52,1.8,48.52,0
113804,oncoming_sedans.52,2.0,44.3,0
113805,oncoming_sedans.52,2.2,40.68,0
113806,oncoming_sedans.52,2.4,37.57,0
113807,oncoming_sedans.52,2.6,34.89,0
113808,oncoming_sedans.52,2.7,32.57,0
113809,oncoming_sedans.52,2.9,30.56,0
113810,oncoming_sedans.52,3.1,28.81,0
113811,oncoming_sedans.52,3.3,27.28,0
113812,oncoming_sedans.52,3.4,25.96,0
113813,oncoming_sedans.52,3.6,24.81,0
113814,oncoming_sedans.52,3.8,23.82,0
113815,oncoming_sedans.52,3.9,22.98,0
113816,oncoming_sedans.52,4.0,22.26,0
113817,oncoming_sedans.52,4.1,21.66,0
113818,oncoming_sedans.52,4.2,21.17,0
113819,oncoming_sedans.52,4.3,20.78,0
113820,oncoming_sedans.52,4.4,20.49,0
113821,oncoming_sedans.52,4.4,20.3,0
113822,oncoming_sedans.52,4.4,20.2,0
113823,oncoming_sedans.52,4.4,20.19,0
113824,oncoming_sedans.52,4.4,20.28,0
113825,oncoming_sedans.52,4.4,20.46,0
113826,oncoming_sedans.52,4.3,20.73,0
113827,oncoming_sedans.52,4.2,21.11,0
113828,oncoming_sedans.52,4.1,21.59,0
113829,oncoming_sedans.52,4.0,22.18,0
113876,school_buses.4,0.3,340.98,0
113877,school_buses.4,0.3,257.99,0
113878,school_buses.4,0.4,202.9,0
113879,school_buses.4,0.5,164.41,0
113880,school_buses.4,0.7,136.44,0
113881,school_buses.4,0.8,115.44,0
113882,school_buses.4,0.9,99.26,0
113883,school_buses.4,1.0,86.52,0
113884,school_buses.4,1.2,76.31,0
113885,school_buses.4,1.3,67.98,0
113886,school_buses.4,1.5,61.1,0
113887,school_buses.4,1.6,55.34,0
113888,school_buses.4,1.8,50.48,0
113889,school_buses.4,1.9,46.33,0
113890,school_buses.4,2.1,42.76,0
113891,school_buses.4,2.3,39.67,0
113892,school_buses.4,2.4,36.98,0
113893,school_buses.4,2.6,34.61,0
113894,school_buses.4,2.8,32.53,0
113895,school_buses.4,2.9,30.69,0
113896,school_buses.4,3.1,29.06,0
113897,school_buses.4,3.2,27.6,0
113898,school_buses.4,3.4,26.3,0
113899,school_buses.4,3.6,25.14,0
113900,school_buses.4,3.7,24.1,0
113901,school_buses.4,3.9,23.17,0
113902,school_buses.4,4.0,22.34,0
113903,school_buses.4,4.1,21.59,0
113904,school_buses.4,4.3,20.94,0
113905,school_buses.4,4.4,20.36,0
113906,school_buses.4,4.5,19.85,0
113907,school_buses.4,4.6,19.41,0
113908,school_buses.4,4.7,19.04,0
113909,school_buses.4,4.8,18.73,0
113910,school_buses.4,4.8,18.48,0
113911,school_buses.4,4.9,18.3,0
113912,school_buses.4,4.9,18.18,0
113913,school_buses.4,4.9,18.13,0
113914,school_buses.4,4.9,18.15,0
113915,school_buses.4,4.9,18.24,0
113916,school_buses.4,4.9,18.41,0
113917,school_buses.4,4.8,18.66,0
113918,school_buses.4,4.7,19.0,0
113919,school_buses.4,4.6,19.44,0
113920,school_buses.4,4.5,20.0,0
113921,school_buses.4,4.3,20.68,0
116858,oncoming_sedans.54,0.2,371.63,0
116859,oncoming_sedans.54,0.3,290.71,0
116860,oncoming_sedans.54,0.4,232.68,0
116861,oncoming_sedans.54,0.5,189.87,0
116862,oncoming_sedans.54,0.6,157.54,0
116863,oncoming_sedans.54,0.7,132.63,0
116864,oncoming_sedans.54,0.8,113.11,0
116865,oncoming_sedans.54,0.9,97.57,0
116866,oncoming_sedans.54,1.1,85.04,0
116867,oncoming_sedans.54,1.2,74.81,0
116868,oncoming_sedans.54,1.3,66.39,0
116869,oncoming_sedans.54,1.5,59.37,0
116870,oncoming_sedans.54,1.7,53.49,0
116871,oncoming_sedans.54,1.8,48.52,0
116872,oncoming_sedans.54,2.0,44.3,0
116873,oncoming_sedans.54,2.2,40.68,0
116874,oncoming_sedans.54,2.4,37.57,0
116875,oncoming_sedans.54,2.6,34.89,0
116876,oncoming_sedans.54,2.7,32.57,0
116877,oncoming_sedans.54,2.9,30.56,0
116878,oncoming_sedans.54,3.1,28.81,0
116879,oncoming_sedans.54,3.3,27.28,0
116880,oncoming_sedans.54,3.4,25.96,0
116881,oncoming_sedans.54,3.6,24.81,0
116882,oncoming_sedans.54,3.8,23.82,0
116883,oncoming_sedans.54,3.9,22.98,0
116884,oncoming_sedans.54,4.0,22.26,0
116885,oncoming_sedans.54,4.1,21.66,0
116886,oncoming_sedans.54,4.2,21.17,0
116887,oncoming_sedans.54,4.3,20.78,0
116888,oncoming_sedans.54,4.4,20.49,0
116889,oncoming_sedans.54,4.4,20.3,0
116890,oncoming_sedans.54,4.4,20.2,0
116891,oncoming_sedans.54,4.4,20.19,0
116892,oncoming_sedans.54,4.4,20.28,0
116893,oncoming_sedans.54,4.4,20.46,0
116894,oncoming_sedans.54,4.3,20.73,0
116895,oncoming_sedans.54,4.2,21.11,0
116896,oncoming_sedans.54,4.1,21.59,0
116897,oncoming_sedans.54,4.0,22.18,0
116933,reckless_actor.4,0.9,94.86,0
116934,reckless_actor.4,0.8,111.45,0
116935,reckless_actor.4,0.7,133.25,0
116936,reckless_actor.4,0.5,162.82,0
116937,reckless_actor.4,0.4,204.73,0
116938,reckless_actor.4,0.3,267.91,0
116939,reckless_actor.4,0.2,372.4,0
116958,oncoming_sedans.56,1.5,59.69,0
116959,oncoming_sedans.56,1.6,54.38,0
116960,oncoming_sedans.56,1.8,49.84,0
116961,oncoming_sedans.56,1.9,45.93,0
116962,oncoming_sedans.56,2.1,42.55,0
116963,oncoming_sedans.56,2.3,39.61,0
116964,oncoming_sedans.56,2.4,37.04,0
116965,oncoming_sedans.56,2.6,34.79,0
116966,oncoming_sedans.56,2.7,32.81,0
116967,oncoming_sedans.56,2.9,31.07,0
116968,oncoming_sedans.56,3.0,29.54,0
116969,oncoming_sedans.56,3.2,28.18,0
116970,oncoming_sedans.56,3.3,26.99,0
116971,oncoming_sedans.56,3.4,25.94,0
116972,oncoming_sedans.56,3.6,25.02,0
116973,oncoming_sedans.56,3.7,24.22,0
116974,oncoming_sedans.56,3.8,23.53,0
116975,oncoming_sedans.56,3.9,22.94,0
116976,oncoming_sedans.56,4.0,22.45,0
116977,oncoming_sedans.56,4.1,22.05,0
116978,oncoming_sedans.56,4.1,21.74,0
116979,oncoming_sedans.56,4.2,21.51,0
116980,oncoming_sedans.56,4.2,21.37,0
116981,oncoming_sedans.56,4.2,21.32,0
116982,oncoming_sedans.56,4.2,21.35,0
116983,oncoming_sedans.56,4.2,21.47,0
116984,oncoming_sedans.56,4.1,21.68,0
116985,oncoming_sedans.56,4.1,21.99,0
116986,oncoming_sedans.56,4.0,22.41,0
116987,oncoming_sedans.56,3.9,22.94,0
116988,oncoming_sedans.56,3.8,23.58,0
116989,oncoming_sedans.56,3.7,24.36,0
116990,oncoming_sedans.56,3.5,25.29,0
119931,reckless_actor.4,0.2,386.56,0
119932,reckless_actor.4,0.3,289.8,0
119933,reckless_actor.4,0.4,225.94,0
119934,reckless_actor.4,0.5,181.58,0
119935,reckless_actor.4,0.6,149.51,0
119936,reckless_actor.4,0.7,125.57,0
119937,reckless_actor.4,0.8,107.23,0
119938,reckless_actor.4,1.0,92.87,0
119939,reckless_actor.4,1.1,81.41,0
119940,reckless_actor.4,1.2,72.13,0
119941,reckless_actor.4,1.4,64.5,0
119942,reckless_actor.4,1.5,58.16,0
119943,reckless_actor.4,1.7,52.83,0
119944,reckless_actor.4,1.9,48.32,0
119945,reckless_actor.4,2.0,44.46,0
119946,reckless_actor.4,2.2,41.14,0
119947,reckless_actor.4,2.3,38.27,0
119948,reckless_actor.4,2.5,35.77,0
119949,reckless_actor.4,2.7,33.58,0
119950,reckless_actor.4,2.8,31.67,0
119951,reckless_actor.4,3.0,29.98,0
119952,reckless_actor.4,3.1,28.5,0
119953,reckless_actor.4,3.3,27.18,0
119954,reckless_actor.4,3.4,26.03,0
119955,reckless_actor.4,3.6,25.01,0
119956,reckless_actor.4,3.7,24.11,0
119957,reckless_actor.4,3.8,23.32,0
119958,reckless_actor.4,4.0,22.64,0
119959,reckless_actor.4,4.1,22.05,0
119960,reckless_actor.4,4.2,21.56,0
119961,reckless_actor.4,4.2,21.14,0
119962,reckless_actor.4,4.3,20.81,0
119963,reckless_actor.4,4.4,20.55,0
119964,reckless_actor.4,4.4,20.38,0
119965,reckless_actor.4,4.4,20.28,0
119966,reckless_actor.4,4.4,20.27,0
119967,reckless_actor.4,4.4,20.33,0
119968,reckless_actor.4,4.4,20.48,0
119969,reckless_actor.4,4.3,20.72,0
119970,reckless_actor.4,4.2,21.06,0
119971,reckless_actor.4,4.2,21.5,0
119972,reckless_actor.4,4.1,22.06,0
119973,reckless_actor.4,3.9,22.74,0
119974,reckless_actor.4,3.8,23.56,0
119975,reckless_actor.4,3.6,24.54,0
120040,oncoming_trucks.21,1.8,50.77,0
120041,oncoming_trucks.21,1.9,46.48,0
120042,oncoming_trucks.21,2.1,42.79,0
120043,oncoming_trucks.21,2.3,39.61,0
120044,oncoming_trucks.21,2.4,36.85,0
120045,oncoming_trucks.21,2.6,34.43,0
120046,oncoming_trucks.21,2.8,32.31,0
120047,oncoming_trucks.21,2.9,30.44,0
120048,oncoming_trucks.21,3.1,28.79,0
120049,oncoming_trucks.21,3.3,27.33,0
120050,oncoming_trucks.21,3.4,26.04,0
120051,oncoming_trucks.21,3.6,24.89,0
120052,oncoming_trucks.21,3.7,23.87,0
120053,oncoming_trucks.21,3.9,22.97,0
120054,oncoming_trucks.21,4.0,22.18,0
120055,oncoming_trucks.21,4.2,21.48,0
120056,oncoming_trucks.21,4.3,20.87,0
120057,oncoming_trucks.21,4.4,20.34,0
120058,oncoming_trucks.21,4.5,19.9,0
120059,oncoming_trucks.21,4.6,19.53,0
120060,oncoming_trucks.21,4.7,19.23,0
120061,oncoming_trucks.21,4.7,19.0,0
120062,oncoming_trucks.21,4.7,18.84,0
120063,oncoming_trucks.21,4.8,18.76,0
120064,oncoming_trucks.21,4.8,18.74,0
120065,oncoming_trucks.21,4.8,18.8,0
120066,oncoming_trucks.21,4.7,18.94,0
120067,oncoming_trucks.21,4.7,19.16,0
120068,oncoming_trucks.21,4.6,19.47,0
120069,oncoming_trucks.21,4.5,19.87,0
120070,oncoming_trucks.21,4.4,20.37,0
120071,oncoming_trucks.21,4.3,20.99,0
120072,oncoming_trucks.21,4.1,21.74,0
120073,oncoming_trucks.21,4.0,22.62,0
120074,oncoming_trucks.21,3.8,23.66,0
123015,oncoming_sedans.55,2.3,39.44,0
123016,oncoming_sedans.55,2.4,36.83,0
123017,oncoming_sedans.55,2.6,34.54,0
123018,oncoming_sedans.55,2.8,32.52,0
123019,oncoming_sedans.55,2.9,30.75,0
123020,oncoming_sedans.55,3.1,29.19,0
123021,oncoming_sedans.55,3.2,27.81,0
123022,oncoming_sedans.55,3.4,26.59,0
123023,oncoming_sedans.55,3.5,25.52,0
123024,oncoming_sedans.55,3.6,24.58,0
123025,oncoming_sedans.55,3.8,23.75,0
123026,oncoming_sedans.55,3.9,23.04,0
123027,oncoming_sedans.55,4.0,22.42,0
123028,oncoming_sedans.55,4.1,21.9,0
123029,oncoming_sedans.55,4.2,21.47,0
123030,oncoming_sedans.55,4.2,21.13,0
123031,oncoming_sedans.55,4.3,20.87,0
123032,oncoming_sedans.55,4.3,20.69,0
123033,oncoming_sedans.55,4.3,20.6,0
123034,oncoming_sedans.55,4.3,20.59,0
123035,oncoming_sedans.55,4.3,20.66,0
123036,oncoming_sedans.55,4.3,20.83,0
123037,oncoming_sedans.55,4.2,21.08,0
123038,oncoming_sedans.55,4.2,21.44,0
123039,oncoming_sedans.55,4.1,21.9,0
123040,oncoming_sedans.55,4.0,22.47,0
123041,oncoming_sedans.55,3.9,23.17,0
123042,oncoming_sedans.55,3.7,24.0,0
123043,oncoming_sedans.55,3.6,24.98,0
123044,oncoming_sedans.55,3.4,26.12,0
123139,oncoming_sedans.59,11.2,7.96,0
123140,oncoming_sedans.59,11.3,7.9,0
123141,oncoming_sedans.59,11.4,7.85,0
123142,oncoming_sedans.59,11.4,7.82,0
123143,oncoming_sedans.59,11.5,7.81,0
123144,oncoming_sedans.59,11.4,7.82,0
123145,oncoming_sedans.59,11.4,7.84,0
123146,oncoming_sedans.59,11.3,7.89,0
123147,oncoming_sedans.59,11.3,7.95,0
123148,oncoming_sedans.59,11.1,8.04,0
123149,oncoming_sedans.59,11.0,8.15,0
123167,oncoming_sedans.61,9.9,9.08,0
123168,oncoming_sedans.61,9.5,9.38,0
123169,oncoming_sedans.61,9.2,9.73,0
123170,oncoming_sedans.61,8.8,10.12,0
123171,oncoming_sedans.61,8.5,10.56,0
123172,oncoming_sedans.61,8.1,11.06,0
123173,oncoming_sedans.61,7.7,11.62,0
123174,oncoming_sedans.61,7.3,12.26,0
123175,oncoming_sedans.61,6.9,12.97,0
123176,oncoming_sedans.61,6.5,13.76,0
123177,oncoming_sedans.61,6.1,14.66,0
123178,oncoming_sedans.61,5.7,15.66,0
123179,oncoming_sedans.61,5.3,16.79,0
123180,oncoming_sedans.61,5.0,18.07,0
123181,oncoming_sedans.61,4.6,19.51,0
126082,oncoming_sedans.57,2.1,43.01,0
126083,oncoming_sedans.57,2.2,40.02,0
126084,oncoming_sedans.57,2.4,37.4,0
126085,oncoming_sedans.57,2.5,35.1,0
126086,oncoming_sedans.57,2.7,33.08,0
126087,oncoming_sedans.57,2.9,31.29,0
126088,oncoming_sedans.57,3.0,29.71,0
126089,oncoming_sedans.57,3.2,28.32,0
126090,oncoming_sedans.57,3.3,27.09,0
126091,oncoming_sedans.57,3.4,26.0,0
126092,oncoming_sedans.57,3.6,25.05,0
126093,oncoming_sedans.57,3.7,24.22,0
126094,oncoming_sedans.57,3.8,23.49,0
126095,oncoming_sedans.57,3.9,22.88,0
126096,oncoming_sedans.57,4.0,22.36,0
126097,oncoming_sedans.57,4.1,21.93,0
126098,oncoming_sedans.57,4.1,21.58,0
126099,oncoming_sedans.57,4.2,21.33,0
126100,oncoming_sedans.57,4.2,21.16,0
126101,oncoming_sedans.57,4.2,21.07,0
126102,oncoming_sedans.57,4.2,21.07,0
126103,oncoming_sedans.57,4.2,21.15,0
126104,oncoming_sedans.57,4.2,21.32,0
126105,oncoming_sedans.57,4.1,21.58,0
126106,oncoming_sedans.57,4.1,21.94,0
126107,oncoming_sedans.57,4.0,22.4,0
126108,oncoming_sedans.57,3.9,22.97,0
126109,oncoming_sedans.57,3.8,23.66,0
126110,oncoming_sedans.57,3.7,24.47,0
126111,oncoming_sedans.57,3.5,25.44,0
126112,oncoming_sedans.57,3.4,26.55,0
126215,oncoming_sedans.62,2.1,43.61,0
126216,oncoming_sedans.62,2.2,40.47,0
126217,oncoming_sedans.62,2.4,37.73,0
126218,oncoming_sedans.62,2.5,35.34,0
126219,oncoming_sedans.62,2.7,33.25,0
126220,oncoming_sedans.62,2.8,31.42,0
126221,oncoming_sedans.62,3.0,29.81,0
126222,oncoming_sedans.62,3.2,28.4,0
126223,oncoming_sedans.62,3.3,27.17,0
126224,oncoming_sedans.62,3.4,26.09,0
126225,oncoming_sedans.62,3.6,25.16,0
126226,oncoming_sedans.62,3.7,24.37,0
126227,oncoming_sedans.62,3.8,23.69,0
126228,oncoming_sedans.62,3.9,23.12,0
126229,oncoming_sedans.62,3.9,22.66,0
126230,oncoming_sedans.62,4.0,22.3,0
126231,oncoming_sedans.62,4.1,22.04,0
126232,oncoming_sedans.62,4.1,21.87,0
126233,oncoming_sedans.62,4.1,21.8,0
126234,oncoming_sedans.62,4.1,21.82,0
126235,oncoming_sedans.62,4.1,21.93,0
126236,oncoming_sedans.62,4.0,22.13,0
126237,oncoming_sedans.62,4.0,22.44,0
126238,oncoming_sedans.62,3.9,22.84,0
126239,oncoming_sedans.62,3.8,23.36,0
126240,oncoming_sedans.62,3.7,23.98,0
126241,oncoming_sedans.62,3.6,24.73,0
126242,oncoming_sedans.62,3.5,25.61,0
126243,oncoming_sedans.62,3.4,26.63,0
126244,oncoming_sedans.62,3.2,27.8,0
126245,oncoming_sedans.62,3.1,29.15,0
126246,oncoming_sedans.62,2.9,30.68,0
129150,oncoming_sedans.58,2.2,40.17,0
129151,oncoming_sedans.58,2.4,37.48,0
129152,oncoming_sedans.58,2.5,35.13,0
129153,oncoming_sedans.58,2.7,33.07,0
129154,oncoming_sedans.58,2.9,31.26,0
129155,oncoming_sedans.58,3.0,29.67,0
129156,oncoming_sedans.58,3.2,28.27,0
129157,oncoming_sedans.58,3.3,27.05,0
129158,oncoming_sedans.58,3.4,25.98,0
129159,oncoming_sedans.58,3.6,25.06,0
129160,oncoming_sedans.58,3.7,24.27,0
129161,oncoming_sedans.58,3.8,23.59,0
129162,oncoming_sedans.58,3.9,23.03,0
129163,oncoming_sedans.58,4.0,22.57,0
129164,oncoming_sedans.58,4.0,22.21,0
129165,oncoming_sedans.58,4.1,21.94,0
129166,oncoming_sedans.58,4.1,21.77,0
129167,oncoming_sedans.58,4.1,21.7,0
129168,oncoming_sedans.58,4.1,21.71,0
129169,oncoming_sedans.58,4.1,21.81,0
129170,oncoming_sedans.58,4.1,22.01,0
129171,oncoming_sedans.58,4.0,22.31,0
129172,oncoming_sedans.58,3.9,22.71,0
129173,oncoming_sedans.58,3.9,23.21,0
129174,oncoming_sedans.58,3.8,23.83,0
129175,oncoming_sedans.58,3.6,24.56,0
129176,oncoming_sedans.58,3.5,25.42,0
129177,oncoming_sedans.58,3.4,26.43,0
129178,oncoming_sedans.58,3.2,27.58,0
129179,oncoming_sedans.58,3.1,28.91,0
129180,oncoming_sedans.58,2.9,30.42,0
129292,oncoming_sedans.63,2.7,33.69,0
129293,oncoming_sedans.63,2.9,31.36,0
129294,oncoming_sedans.63,3.1,29.33,0
129295,oncoming_sedans.63,3.2,27.56,0
129296,oncoming_sedans.63,3.4,26.02,0
129297,oncoming_sedans.63,3.6,24.66,0
129298,oncoming_sedans.63,3.8,23.48,0
129299,oncoming_sedans.63,4.0,22.45,0
129300,oncoming_sedans.63,4.2,21.56,0
129301,oncoming_sedans.63,4.3,20.78,0
129302,oncoming_sedans.63,4.4,20.12,0
129303,oncoming_sedans.63,4.6,19.56,0
129304,oncoming_sedans.63,4.7,19.1,0
129305,oncoming_sedans.63,4.8,18.73,0
129306,oncoming_sedans.63,4.9,18.44,0
129307,oncoming_sedans.63,4.9,18.24,0
129308,oncoming_sedans.63,4.9,18.12,0
129309,oncoming_sedans.63,4.9,18.08,0
129310,oncoming_sedans.63,4.9,18.12,0
129311,oncoming_sedans.63,4.9,18.24,0
129312,oncoming_sedans.63,4.9,18.44,0
129313,oncoming_sedans.63,4.8,18.73,0
129314,oncoming_sedans.63,4.7,19.11,0
129315,oncoming_sedans.63,4.6,19.58,0
129316,oncoming_sedans.63,4.4,20.15,0
129317,oncoming_sedans.63,4.3,20.84,0
132228,oncoming_sedans.60,2.7,33.63,0
132229,oncoming_sedans.60,2.9,31.31,0
132230,oncoming_sedans.60,3.1,29.29,0
132231,oncoming_sedans.60,3.3,27.53,0
132232,oncoming_sedans.60,3.4,25.99,0
132233,oncoming_sedans.60,3.6,24.64,0
132234,oncoming_sedans.60,3.8,23.47,0
132235,oncoming_sedans.60,4.0,22.44,0
132236,oncoming_sedans.60,4.2,21.55,0
132237,oncoming_sedans.60,4.3,20.78,0
132238,oncoming_sedans.60,4.4,20.12,0
132239,oncoming_sedans.60,4.6,19.56,0
132240,oncoming_sedans.60,4.7,19.1,0
132241,oncoming_sedans.60,4.8,18.73,0
132242,oncoming_sedans.60,4.8,18.45,0
132243,oncoming_sedans.60,4.9,18.25,0
132244,oncoming_sedans.60,4.9,18.13,0
132245,oncoming_sedans.60,4.9,18.09,0
132246,oncoming_sedans.60,4.9,18.13,0
132247,oncoming_sedans.60,4.9,18.25,0
132248,oncoming_sedans.60,4.8,18.46,0
132249,oncoming_sedans.60,4.8,18.75,0
132250,oncoming_sedans.60,4.7,19.13,0
132251,oncoming_sedans.60,4.6,19.61,0
132252,oncoming_sedans.60,4.4,20.18,0
132253,oncoming_sedans.60,4.3,20.87,0
132288,oncoming_trucks.23,1.0,86.34,0
132289,oncoming_trucks.23,0.9,101.24,0
132290,oncoming_trucks.23,0.7,120.68,0
132291,oncoming_trucks.23,0.6,146.84,0
132292,oncoming_trucks.23,0.5,183.5,0
132293,oncoming_trucks.23,0.4,237.86,0
132294,oncoming_trucks.23,0.3,325.56,0
132348,oncoming_sedans.87,0.2,369.01,0
132349,oncoming_sedans.87,0.3,288.9,0
132350,oncoming_sedans.87,0.4,231.4,0
132351,oncoming_sedans.87,0.5,188.94,0
132352,oncoming_sedans.87,0.6,156.86,0
132353,oncoming_sedans.87,0.7,132.12,0
132354,oncoming_sedans.87,0.8,112.71,0
132355,oncoming_sedans.87,0.9,97.26,0
132356,oncoming_sedans.87,1.1,84.8,0
132357,oncoming_sedans.87,1.2,74.63,0
132358,oncoming_sedans.87,1.4,66.24,0
132359,oncoming_sedans.87,1.5,59.26,0
132360,oncoming_sedans.87,1.7,53.4,0
132361,oncoming_sedans.87,1.8,48.45,0
132362,oncoming_sedans.87,2.0,44.24,0
132363,oncoming_sedans.87,2.2,40.63,0
132364,oncoming_sedans.87,2.4,37.53,0
132365,oncoming_sedans.87,2.6,34.86,0
132366,oncoming_sedans.87,2.7,32.55,0
132367,oncoming_sedans.87,2.9,30.54,0
132368,oncoming_sedans.87,3.1,28.79,0
132369,oncoming_sedans.87,3.3,27.27,0
132370,oncoming_sedans.87,3.4,25.95,0
132371,oncoming_sedans.87,3.6,24.81,0
132372,oncoming_sedans.87,3.8,23.82,0
132373,oncoming_sedans.87,3.9,22.98,0
132374,oncoming_sedans.87,4.0,22.26,0
132375,oncoming_sedans.87,4.1,21.66,0
132376,oncoming_sedans.87,4.2,21.17,0
132377,oncoming_sedans.87,4.3,20.79,0
132378,oncoming_sedans.87,4.4,20.5,0
132379,oncoming_sedans.87,4.4,20.31,0
132380,oncoming_sedans.87,4.4,20.22,0
132381,oncoming_sedans.87,4.4,20.21,0
132382,oncoming_sedans.87,4.4,20.3,0
132383,oncoming_sedans.87,4.4,20.48,0
132384,oncoming_sedans.87,4.3,20.76,0
132385,oncoming_sedans.87,4.2,21.14,0
132386,oncoming_sedans.87,4.1,21.62,0
132387,oncoming_sedans.87,4.0,22.22,0
135289,oncoming_trucks.23,0.2,397.67,0
135290,oncoming_trucks.23,0.3,296.4,0
135291,oncoming_trucks.23,0.4,230.1,0
135292,oncoming_trucks.23,0.5,184.33,0
135293,oncoming_trucks.23,0.6,151.4,0
135294,oncoming_trucks.23,0.7,126.91,0
135295,oncoming_trucks.23,0.8,108.21,0
135296,oncoming_trucks.23,1.0,93.59,0
135297,oncoming_trucks.23,1.1,81.96,0
135298,oncoming_trucks.23,1.2,72.55,0
135299,oncoming_trucks.23,1.4,64.83,0
135300,oncoming_trucks.23,1.5,58.43,0
135301,oncoming_trucks.23,1.7,53.05,0
135302,oncoming_trucks.23,1.8,48.49,0
135303,oncoming_trucks.23,2.0,44.61,0
135304,oncoming_trucks.23,2.2,41.26,0
135305,oncoming_trucks.23,2.3,38.37,0
135306,oncoming_trucks.23,2.5,35.86,0
135307,oncoming_trucks.23,2.7,33.66,0
135308,oncoming_trucks.23,2.8,31.73,0
135309,oncoming_trucks.23,3.0,30.04,0
135310,oncoming_trucks.23,3.1,28.55,0
135311,oncoming_trucks.23,3.3,27.23,0
135312,oncoming_trucks.23,3.4,26.07,0
135313,oncoming_trucks.23,3.6,25.04,0
135314,oncoming_trucks.23,3.7,24.14,0
135315,oncoming_trucks.23,3.8,23.36,0
135316,oncoming_trucks.23,3.9,22.67,0
135317,oncoming_trucks.23,4.1,22.08,0
135318,oncoming_trucks.23,4.1,21.58,0
135319,oncoming_trucks.23,4.2,21.16,0
135320,oncoming_trucks.23,4.3,20.83,0
135321,oncoming_trucks.23,4.3,20.58,0
135322,oncoming_trucks.23,4.4,20.4,0
135323,oncoming_trucks.23,4.4,20.3,0
135324,oncoming_trucks.23,4.4,20.29,0
135325,oncoming_trucks.23,4.4,20.35,0
135326,oncoming_trucks.23,4.4,20.5,0
135327,oncoming_trucks.23,4.3,20.74,0
135328,oncoming_trucks.23,4.2,21.08,0
135329,oncoming_trucks.23,4.2,21.52,0
135330,oncoming_trucks.23,4.1,22.08,0
135331,oncoming_trucks.23,3.9,22.76,0
135332,oncoming_trucks.23,3.8,23.58,0
135333,oncoming_trucks.23,3.6,24.56,0
135416,oncoming_sedans.65,0.2,371.74,0
135417,oncoming_sedans.65,0.3,290.78,0
135418,oncoming_sedans.65,0.4,232.73,0
135419,oncoming_sedans.65,0.5,189.91,0
135420,oncoming_sedans.65,0.6,157.57,0
135421,oncoming_sedans.65,0.7,132.65,0
135422,oncoming_sedans.65,0.8,113.12,0
135423,oncoming_sedans.65,0.9,97.58,0
135424,oncoming_sedans.65,1.1,85.04,0
135425,oncoming_sedans.65,1.2,74.82,0
135426,oncoming_sedans.65,1.3,66.39,0
135427,oncoming_sedans.65,1.5,59.38,0
135428,oncoming_sedans.65,1.7,53.5,0
135429,oncoming_sedans.65,1.8,48.53,0
135430,oncoming_sedans.65,2.0,44.3,0
135431,oncoming_sedans.65,2.2,40.68,0
135432,oncoming_sedans.65,2.4,37.58,0
135433,oncoming_sedans.65,2.6,34.9,0
135434,oncoming_sedans.65,2.7,32.57,0
135435,oncoming_sedans.65,2.9,30.56,0
135436,oncoming_sedans.65,3.1,28.81,0
135437,oncoming_sedans.65,3.3,27.28,0
135438,oncoming_sedans.65,3.4,25.96,0
135439,oncoming_sedans.65,3.6,24.82,0
135440,oncoming_sedans.65,3.8,23.83,0
135441,oncoming_sedans.65,3.9,22.98,0
135442,oncoming_sedans.65,4.0,22.26,0
135443,oncoming_sedans.65,4.1,21.66,0
135444,oncoming_sedans.65,4.2,21.17,0
135445,oncoming_sedans.65,4.3,20.78,0
135446,oncoming_sedans.65,4.4,20.49,0
135447,oncoming_sedans.65,4.4,20.3,0
135448,oncoming_sedans.65,4.4,20.2,0
135449,oncoming_sedans.65,4.4,20.19,0
135450,oncoming_sedans.65,4.4,20.28,0
135451,oncoming_sedans.65,4.4,20.46,0
135452,oncoming_sedans.65,4.3,20.73,0
135453,oncoming_sedans.65,4.2,21.11,0
135454,oncoming_sedans.65,4.1,21.59,0
135455,oncoming_sedans.65,4.0,22.18,0
135491,oncoming_trucks.25,0.9,94.8,0
135492,oncoming_trucks.25,0.8,111.38,0
135493,oncoming_trucks.25,0.7,133.14,0
135494,oncoming_trucks.25,0.6,162.67,0
135495,oncoming_trucks.25,0.4,204.5,0
135496,oncoming_trucks.25,0.3,267.54,0
135497,oncoming_trucks.25,0.2,371.74,0
138373,oncoming_sedans.64,2.3,39.44,0
138374,oncoming_sedans.64,2.4,36.82,0
138375,oncoming_sedans.64,2.6,34.53,0
138376,oncoming_sedans.64,2.8,32.52,0
138377,oncoming_sedans.64,2.9,30.75,0
138378,oncoming_sedans.64,3.1,29.19,0
138379,oncoming_sedans.64,3.2,27.81,0
138380,oncoming_sedans.64,3.4,26.59,0
138381,oncoming_sedans.64,3.5,25.52,0
138382,oncoming_sedans.64,3.6,24.58,0
138383,oncoming_sedans.64,3.8,23.75,0
138384,oncoming_sedans.64,3.9,23.04,0
138385,oncoming_sedans.64,4.0,22.42,0
138386,oncoming_sedans.64,4.1,21.9,0
138387,oncoming_sedans.64,4.2,21.47,0
138388,oncoming_sedans.64,4.2,21.13,0
138389,oncoming_sedans.64,4.3,20.87,0
138390,oncoming_sedans.64,4.3,20.69,0
138391,oncoming_sedans.64,4.3,20.6,0
138392,oncoming_sedans.64,4.3,20.59,0
138393,oncoming_sedans.64,4.3,20.67,0
138394,oncoming_sedans.64,4.3,20.83,0
138395,oncoming_sedans.64,4.2,21.09,0
138396,oncoming_sedans.64,4.2,21.44,0
138397,oncoming_sedans.64,4.1,21.9,0
138398,oncoming_sedans.64,4.0,22.47,0
138399,oncoming_sedans.64,3.9,23.17,0
138400,oncoming_sedans.64,3.7,24.0,0
138401,oncoming_sedans.64,3.6,24.98,0
138402,oncoming_sedans.64,3.4,26.13,0
138489,oncoming_trucks.25,0.2,386.51,0
138490,oncoming_trucks.25,0.3,289.78,0
138491,oncoming_trucks.25,0.4,225.93,0
138492,oncoming_trucks.25,0.5,181.57,0
138493,oncoming_trucks.25,0.6,149.51,0
138494,oncoming_trucks.25,0.7,125.57,0
138495,oncoming_trucks.25,0.8,107.23,0
138496,oncoming_trucks.25,1.0,92.87,0
138497,oncoming_trucks.25,1.1,81.41,0
138498,oncoming_trucks.25,1.2,72.13,0
138499,oncoming_trucks.25,1.4,64.5,0
138500,oncoming_trucks.25,1.5,58.16,0
138501,oncoming_trucks.25,1.7,52.83,0
138502,oncoming_trucks.25,1.9,48.32,0
138503,oncoming_trucks.25,2.0,44.46,0
138504,oncoming_trucks.25,2.2,41.14,0
138505,oncoming_trucks.25,2.3,38.27,0
138506,oncoming_trucks.25,2.5,35.77,0
138507,oncoming_trucks.25,2.7,33.59,0
138508,oncoming_trucks.25,2.8,31.67,0
138509,oncoming_trucks.25,3.0,29.98,0
138510,oncoming_trucks.25,3.1,28.5,0
138511,oncoming_trucks.25,3.3,27.19,0
138512,oncoming_trucks.25,3.4,26.03,0
138513,oncoming_trucks.25,3.6,25.01,0
138514,oncoming_trucks.25,3.7,24.11,0
138515,oncoming_trucks.25,3.8,23.33,0
138516,oncoming_trucks.25,4.0,22.64,0
138517,oncoming_trucks.25,4.1,22.06,0
138518,oncoming_trucks.25,4.2,21.56,0
138519,oncoming_trucks.25,4.2,21.14,0
138520,oncoming_trucks.25,4.3,20.81,0
138521,oncoming_trucks.25,4.4,20.56,0
138522,oncoming_trucks.25,4.4,20.38,0
138523,oncoming_trucks.25,4.4,20.28,0
138524,oncoming_trucks.25,4.4,20.27,0
138525,oncoming_trucks.25,4.4,20.33,0
138526,oncoming_trucks.25,4.4,20.48,0
138527,oncoming_trucks.25,4.3,20.72,0
138528,oncoming_trucks.25,4.2,21.06,0
138529,oncoming_trucks.25,4.2,21.5,0
138530,oncoming_trucks.25,4.1,22.06,0
138531,oncoming_trucks.25,3.9,22.74,0
138532,oncoming_trucks.25,3.8,23.56,0
138533,oncoming_trucks.25,3.6,24.54,0
141443,oncoming_trucks.24,1.8,50.19,0
141444,oncoming_trucks.24,1.9,46.37,0
141445,oncoming_trucks.24,2.1,43.05,0
141446,oncoming_trucks.24,2.2,40.15,0
141447,oncoming_trucks.24,2.4,37.62,0
141448,oncoming_trucks.24,2.5,35.38,0
141449,oncoming_trucks.24,2.7,33.4,0
141450,oncoming_trucks.24,2.8,31.65,0
141451,oncoming_trucks.24,3.0,30.09,0
141452,oncoming_trucks.24,3.1,28.7,0
141453,oncoming_trucks.24,3.3,27.46,0
141454,oncoming_trucks.24,3.4,26.36,0
141455,oncoming_trucks.24,3.5,25.39,0
141456,oncoming_trucks.24,3.6,24.52,0
141457,oncoming_trucks.24,3.8,23.76,0
141458,oncoming_trucks.24,3.9,23.08,0
141459,oncoming_trucks.24,4.0,22.5,0
141460,oncoming_trucks.24,4.1,22.0,0
141461,oncoming_trucks.24,4.1,21.58,0
141462,oncoming_trucks.24,4.2,21.24,0
141463,oncoming_trucks.24,4.3,20.97,0
141464,oncoming_trucks.24,4.3,20.78,0
141465,oncoming_trucks.24,4.3,20.66,0
141466,oncoming_trucks.24,4.3,20.62,0
141467,oncoming_trucks.24,4.3,20.67,0
141468,oncoming_trucks.24,4.3,20.79,0
141469,oncoming_trucks.24,4.3,21.01,0
141470,oncoming_trucks.24,4.2,21.32,0
141471,oncoming_trucks.24,4.1,21.73,0
141472,oncoming_trucks.24,4.0,22.26,0
141473,oncoming_trucks.24,3.9,22.92,0
141474,oncoming_trucks.24,3.8,23.72,0
141475,oncoming_trucks.24,3.6,24.68,0
141476,oncoming_trucks.24,3.5,25.82,0
141477,oncoming_trucks.24,3.3,27.17,0
141478,oncoming_trucks.24,3.1,28.76,0
141479,oncoming_trucks.24,2.9,30.64,0
141480,oncoming_trucks.24,2.7,32.84,0
141575,oncoming_sedans.68,2.3,39.35,0
141576,oncoming_sedans.68,2.4,36.75,0
141577,oncoming_sedans.68,2.6,34.47,0
141578,oncoming_sedans.68,2.8,32.47,0
141579,oncoming_sedans.68,2.9,30.71,0
141580,oncoming_sedans.68,3.1,29.15,0
141581,oncoming_sedans.68,3.2,27.78,0
141582,oncoming_sedans.68,3.4,26.56,0
141583,oncoming_sedans.68,3.5,25.5,0
141584,oncoming_sedans.68,3.6,24.56,0
141585,oncoming_sedans.68,3.8,23.74,0
141586,oncoming_sedans.68,3.9,23.03,0
141587,oncoming_sedans.68,4.0,22.42,0
141588,oncoming_sedans.68,4.1,21.9,0
141589,oncoming_sedans.68,4.2,21.47,0
141590,oncoming_sedans.68,4.2,21.13,0
141591,oncoming_sedans.68,4.3,20.88,0
141592,oncoming_sedans.68,4.3,20.7,0
141593,oncoming_sedans.68,4.3,20.61,0
141594,oncoming_sedans.68,4.3,20.6,0
141595,oncoming_sedans.68,4.3,20.68,0
141596,oncoming_sedans.68,4.3,20.85,0
141597,oncoming_sedans.68,4.2,21.11,0
141598,oncoming_sedans.68,4.2,21.47,0
141599,oncoming_sedans.68,4.1,21.93,0
141600,oncoming_sedans.68,4.0,22.51,0
141601,oncoming_sedans.68,3.9,23.21,0
141602,oncoming_sedans.68,3.7,24.04,0
141603,oncoming_sedans.68,3.6,25.03,0
144519,oncoming_sedans.66,3.0,29.43,0
144520,oncoming_sedans.66,3.2,28.15,0
144521,oncoming_sedans.66,3.3,27.03,0
144522,oncoming_sedans.66,3.4,26.03,0
144523,oncoming_sedans.66,3.6,25.16,0
144524,oncoming_sedans.66,3.7,24.4,0
144525,oncoming_sedans.66,3.8,23.74,0
144526,oncoming_sedans.66,3.9,23.18,0
144527,oncoming_sedans.66,3.9,22.71,0
144528,oncoming_sedans.66,4.0,22.33,0
144529,oncoming_sedans.66,4.1,22.04,0
144530,oncoming_sedans.66,4.1,21.83,0
144531,oncoming_sedans.66,4.1,21.7,0
144532,oncoming_sedans.66,4.1,21.66,0
144533,oncoming_sedans.66,4.1,21.71,0
144534,oncoming_sedans.66,4.1,21.84,0
144535,oncoming_sedans.66,4.1,22.07,0
144536,oncoming_sedans.66,4.0,22.39,0
144537,oncoming_sedans.66,3.9,22.82,0
144538,oncoming_sedans.66,3.8,23.36,0
144539,oncoming_sedans.66,3.7,24.02,0
144540,oncoming_sedans.66,3.6,24.81,0
144541,oncoming_sedans.66,3.5,25.75,0
144542,oncoming_sedans.66,3.3,26.85,0
144543,oncoming_sedans.66,3.2,28.13,0
144544,oncoming_sedans.66,3.0,29.62,0
144545,oncoming_sedans.66,2.9,31.34,0
144546,oncoming_sedans.66,2.7,33.33,0
144547,oncoming_sedans.66,2.5,35.64,0
144548,oncoming_sedans.66,2.3,38.31,0
144549,oncoming_sedans.66,2.2,41.41,0
144550,oncoming_sedans.66,2.0,45.02,0
144645,school_buses.5,1.7,53.99,0
144646,school_buses.5,1.8,49.73,0
144647,school_buses.5,1.9,46.04,0
144648,school_buses.5,2.1,42.83,0
144649,school_buses.5,2.2,40.02,0
144650,school_buses.5,2.4,37.55,0
144651,school_buses.5,2.5,35.37,0
144652,school_buses.5,2.7,33.43,0
144653,school_buses.5,2.8,31.72,0
144654,school_buses.5,3.0,30.19,0
144655,school_buses.5,3.1,28.83,0
144656,school_buses.5,3.2,27.61,0
144657,school_buses.5,3.4,26.52,0
144658,school_buses.5,3.5,25.56,0
144659,school_buses.5,3.6,24.7,0
144660,school_buses.5,3.7,23.94,0
144661,school_buses.5,3.8,23.27,0
144662,school_buses.5,3.9,22.69,0
144663,school_buses.5,4.0,22.19,0
144664,school_buses.5,4.1,21.76,0
144665,school_buses.5,4.2,21.42,0
144666,school_buses.5,4.2,21.14,0
144667,school_buses.5,4.3,20.94,0
144668,school_buses.5,4.3,20.81,0
144669,school_buses.5,4.3,20.76,0
144670,school_buses.5,4.3,20.79,0
144671,school_buses.5,4.3,20.9,0
144672,school_buses.5,4.2,21.1,0
144673,school_buses.5,4.2,21.39,0
144674,school_buses.5,4.1,21.79,0
144675,school_buses.5,4.0,22.29,0
144676,school_buses.5,3.9,22.93,0
144677,school_buses.5,3.8,23.7,0
144678,school_buses.5,3.6,24.63,0
144679,school_buses.5,3.5,25.74,0
144680,school_buses.5,3.3,27.05,0
144681,school_buses.5,3.1,28.61,0
144682,school_buses.5,2.9,30.44,0
144683,school_buses.5,2.7,32.6,0
144684,school_buses.5,2.5,35.16,0
144685,school_buses.5,2.3,38.19,0
144686,school_buses.5,2.1,41.8,0
144687,school_buses.5,1.9,46.12,0
144688,school_buses.5,1.7,51.34,0
144689,school_buses.5,1.6,57.71,0
144690,school_buses.5,1.4,65.56,0
144691,school_buses.5,1.2,75.39,0
144692,school_buses.5,1.0,87.91,0
144693,school_buses.5,0.9,104.21,0
144694,school_buses.5,0.7,126.04,0
144695,school_buses.5,0.6,156.43,0
144696,school_buses.5,0.4,201.03,0
144697,school_buses.5,0.3,271.82,0
144698,school_buses.5,0.2,399.21,0
147597,oncoming_sedans.67,3.5,25.71,0
147598,oncoming_sedans.67,3.6,24.61,0
147599,oncoming_sedans.67,3.8,23.63,0
147600,oncoming_sedans.67,3.9,22.77,0
147601,oncoming_sedans.67,4.1,22.01,0
147602,oncoming_sedans.67,4.2,21.34,0
147603,oncoming_sedans.67,4.3,20.76,0
147604,oncoming_sedans.67,4.4,20.27,0
147605,oncoming_sedans.67,4.5,19.86,0
147606,oncoming_sedans.67,4.6,19.52,0
147607,oncoming_sedans.67,4.6,19.26,0
147608,oncoming_sedans.67,4.7,19.07,0
147609,oncoming_sedans.67,4.7,18.95,0
147610,oncoming_sedans.67,4.7,18.9,0
147611,oncoming_sedans.67,4.7,18.93,0
147612,oncoming_sedans.67,4.7,19.03,0
147613,oncoming_sedans.67,4.7,19.21,0
147614,oncoming_sedans.67,4.6,19.47,0
147615,oncoming_sedans.67,4.5,19.81,0
147616,oncoming_sedans.67,4.4,20.25,0
147617,oncoming_sedans.67,4.3,20.78,0
147618,oncoming_sedans.67,4.2,21.42,0
147619,oncoming_sedans.67,4.0,22.18,0
147620,oncoming_sedans.67,3.9,23.06,0
147621,oncoming_sedans.67,3.7,24.09,0
147622,oncoming_sedans.67,3.5,25.28,0
147690,school_buses.5,0.2,388.33,0
147691,school_buses.5,0.3,289.14,0
147692,school_buses.5,0.4,224.53,0
147693,school_buses.5,0.5,180.06,0
147694,school_buses.5,0.6,148.13,0
147695,school_buses.5,0.7,124.4,0
147696,school_buses.5,0.8,106.29,0
147697,school_buses.5,1.0,92.13,0
147698,school_buses.5,1.1,80.85,0
147699,school_buses.5,1.2,71.72,0
147700,school_buses.5,1.4,64.22,0
147701,school_buses.5,1.5,57.98,0
147702,school_buses.5,1.7,52.75,0
147703,school_buses.5,1.9,48.31,0
147704,school_buses.5,2.0,44.51,0
147705,school_buses.5,2.2,41.24,0
147706,school_buses.5,2.3,38.42,0
147707,school_buses.5,2.5,35.95,0
147708,school_buses.5,2.6,33.8,0
147709,school_buses.5,2.8,31.92,0
147710,school_buses.5,3.0,30.26,0
147711,school_buses.5,3.1,28.8,0
147712,school_buses.5,3.3,27.51,0
147713,school_buses.5,3.4,26.37,0
147714,school_buses.5,3.5,25.37,0
147715,school_buses.5,3.7,24.49,0
147716,school_buses.5,3.8,23.73,0
147717,school_buses.5,3.9,23.07,0
147718,school_buses.5,4.0,22.5,0
147719,school_buses.5,4.1,22.02,0
147720,school_buses.5,4.1,21.63,0
147721,school_buses.5,4.2,21.32,0
147722,school_buses.5,4.2,21.09,0
147723,school_buses.5,4.3,20.94,0
147724,school_buses.5,4.3,20.87,0
147725,school_buses.5,4.3,20.89,0
147726,school_buses.5,4.3,20.99,0
147727,school_buses.5,4.2,21.18,0
147728,school_buses.5,4.2,21.46,0
147729,school_buses.5,4.1,21.85,0
147730,school_buses.5,4.0,22.34,0
147731,school_buses.5,3.9,22.96,0
147732,school_buses.5,3.8,23.72,0
147733,school_buses.5,3.6,24.62,0
150660,oncoming_sedans.72,2.1,43.31,0
150661,oncoming_sedans.72,2.2,40.22,0
150662,oncoming_sedans.72,2.4,37.52,0
150663,oncoming_sedans.72,2.5,35.16,0
150664,oncoming_sedans.72,2.7,33.1,0
150665,oncoming_sedans.72,2.9,31.28,0
150666,oncoming_sedans.72,3.0,29.69,0
150667,oncoming_sedans.72,3.2,28.29,0
150668,oncoming_sedans.72,3.3,27.07,0
150669,oncoming_sedans.72,3.4,26.0,0
150670,oncoming_sedans.72,3.6,25.08,0
150671,oncoming_sedans.72,3.7,24.28,0
150672,oncoming_sedans.72,3.8,23.61,0
150673,oncoming_sedans.72,3.9,23.04,0
150674,oncoming_sedans.72,4.0,22.58,0
150675,oncoming_sedans.72,4.0,22.22,0
150676,oncoming_sedans.72,4.1,21.96,0
150677,oncoming_sedans.72,4.1,21.79,0
150678,oncoming_sedans.72,4.1,21.71,0
150679,oncoming_sedans.72,4.1,21.73,0
150680,oncoming_sedans.72,4.1,21.83,0
150681,oncoming_sedans.72,4.1,22.03,0
150682,oncoming_sedans.72,4.0,22.33,0
150683,oncoming_sedans.72,3.9,22.73,0
150684,oncoming_sedans.72,3.9,23.24,0
150685,oncoming_sedans.72,3.8,23.85,0
150686,oncoming_sedans.72,3.6,24.59,0
150687,oncoming_sedans.72,3.5,25.46,0
150688,oncoming_sedans.72,3.4,26.46,0
150689,oncoming_sedans.72,3.2,27.62,0
150690,oncoming_sedans.72,3.1,28.95,0
150691,oncoming_sedans.72,2.9,30.46,0
150800,oncoming_sedans.70,10.0,8.98,0
150801,oncoming_sedans.70,9.8,9.09,0
150802,oncoming_sedans.70,9.7,9.24,0
150803,oncoming_sedans.70,9.5,9.44,0
150804,oncoming_sedans.70,9.3,9.67,0
150805,oncoming_sedans.70,9.0,9.95,0
150806,oncoming_sedans.70,8.7,10.29,0
150807,oncoming_sedans.70,8.4,10.68,0
150808,oncoming_sedans.70,8.0,11.13,0
150809,oncoming_sedans.70,7.7,11.65,0
150810,oncoming_sedans.70,7.3,12.24,0
150811,oncoming_sedans.70,6.9,12.92,0
150812,oncoming_sedans.70,6.5,13.7,0
150841,oncoming_sedans.71,1.5,60.1,0
150842,oncoming_sedans.71,1.3,68.73,0
150843,oncoming_sedans.71,1.1,79.15,0
150844,oncoming_sedans.71,1.0,91.83,0
150845,oncoming_sedans.71,0.8,107.43,0
150846,oncoming_sedans.71,0.7,126.78,0
150847,oncoming_sedans.71,0.6,151.05,0
150848,oncoming_sedans.71,0.5,181.94,0
150849,oncoming_sedans.71,0.4,221.9,0
150850,oncoming_sedans.71,0.3,274.63,0
150851,oncoming_sedans.71,0.3,346.03,0
153742,oncoming_trucks.27,2.3,39.49,0
153743,oncoming_trucks.27,2.4,36.71,0
153744,oncoming_trucks.27,2.6,34.27,0
153745,oncoming_trucks.27,2.8,32.14,0
153746,oncoming_trucks.27,3.0,30.26,0
153747,oncoming_trucks.27,3.1,28.6,0
153748,oncoming_trucks.27,3.3,27.14,0
153749,oncoming_trucks.27,3.5,25.83,0
153750,oncoming_trucks.27,3.6,24.68,0
153751,oncoming_trucks.27,3.8,23.65,0
153752,oncoming_trucks.27,3.9,22.74,0
153753,oncoming_trucks.27,4.1,21.93,0
153754,oncoming_trucks.27,4.2,21.22,0
153755,oncoming_trucks.27,4.3,20.6,0
153756,oncoming_trucks.27,4.5,20.05,0
153757,oncoming_trucks.27,4.6,19.59,0
153758,oncoming_trucks.27,4.7,19.19,0
153759,oncoming_trucks.27,4.7,18.87,0
153760,oncoming_trucks.27,4.8,18.61,0
153761,oncoming_trucks.27,4.9,18.42,0
153762,oncoming_trucks.27,4.9,18.3,0
153763,oncoming_trucks.27,4.9,18.24,0
153764,oncoming_trucks.27,4.9,18.26,0
153765,oncoming_trucks.27,4.9,18.34,0
153766,oncoming_trucks.27,4.8,18.5,0
153767,oncoming_trucks.27,4.8,18.75,0
153768,oncoming_trucks.27,4.7,19.08,0
153769,oncoming_trucks.27,4.6,19.5,0
153770,oncoming_trucks.27,4.5,20.02,0
153771,oncoming_trucks.27,4.3,20.66,0
153772,oncoming_trucks.27,4.2,21.43,0
153773,oncoming_trucks.27,4.0,22.34,0
153774,oncoming_trucks.27,3.8,23.41,0
153839,oncoming_sedans.71,0.2,380.76,0
153840,oncoming_sedans.71,0.3,290.28,0
153841,oncoming_sedans.71,0.4,228.38,0
153842,oncoming_sedans.71,0.5,184.3,0
153843,oncoming_sedans.71,0.6,151.87,0
153844,oncoming_sedans.71,0.7,127.37,0
153845,oncoming_sedans.71,0.8,108.44,0
153846,oncoming_sedans.71,1.0,93.53,0
153847,oncoming_sedans.71,1.1,81.6,0
153848,oncoming_sedans.71,1.2,71.91,0
153849,oncoming_sedans.71,1.4,63.96,0
153850,oncoming_sedans.71,1.6,57.35,0
153851,oncoming_sedans.71,1.7,51.8,0
153852,oncoming_sedans.71,1.9,47.12,0
153853,oncoming_sedans.71,2.1,43.13,0
153854,oncoming_sedans.71,2.3,39.71,0
153855,oncoming_sedans.71,2.4,36.77,0
153856,oncoming_sedans.71,2.6,34.23,0
153857,oncoming_sedans.71,2.8,32.02,0
153858,oncoming_sedans.71,3.0,30.11,0
153859,oncoming_sedans.71,3.1,28.45,0
153860,oncoming_sedans.71,3.3,27.0,0
153861,oncoming_sedans.71,3.5,25.74,0
153862,oncoming_sedans.71,3.6,24.66,0
153863,oncoming_sedans.71,3.8,23.73,0
153864,oncoming_sedans.71,3.9,22.95,0
153865,oncoming_sedans.71,4.0,22.29,0
153866,oncoming_sedans.71,4.1,21.75,0
153867,oncoming_sedans.71,4.2,21.32,0
153868,oncoming_sedans.71,4.3,21.0,0
153869,oncoming_sedans.71,4.3,20.78,0
153870,oncoming_sedans.71,4.3,20.67,0
153871,oncoming_sedans.71,4.3,20.66,0
153872,oncoming_sedans.71,4.3,20.74,0
153873,oncoming_sedans.71,4.3,20.93,0
153874,oncoming_sedans.71,4.2,21.22,0
153875,oncoming_sedans.71,4.1,21.62,0
153876,oncoming_sedans.71,4.0,22.13,0
153918,oncoming_sedans.75,0.3,319.22,0
153919,oncoming_sedans.75,0.2,376.54,0
156815,oncoming_sedans.69,2.1,42.54,0
156816,oncoming_sedans.69,2.3,39.53,0
156817,oncoming_sedans.69,2.4,36.9,0
156818,oncoming_sedans.69,2.6,34.6,0
156819,oncoming_sedans.69,2.7,32.58,0
156820,oncoming_sedans.69,2.9,30.8,0
156821,oncoming_sedans.69,3.1,29.24,0
156822,oncoming_sedans.69,3.2,27.85,0
156823,oncoming_sedans.69,3.4,26.63,0
156824,oncoming_sedans.69,3.5,25.55,0
156825,oncoming_sedans.69,3.6,24.61,0
156826,oncoming_sedans.69,3.8,23.78,0
156827,oncoming_sedans.69,3.9,23.07,0
156828,oncoming_sedans.69,4.0,22.45,0
156829,oncoming_sedans.69,4.1,21.93,0
156830,oncoming_sedans.69,4.2,21.5,0
156831,oncoming_sedans.69,4.2,21.15,0
156832,oncoming_sedans.69,4.3,20.89,0
156833,oncoming_sedans.69,4.3,20.72,0
156834,oncoming_sedans.69,4.3,20.62,0
156835,oncoming_sedans.69,4.3,20.61,0
156836,oncoming_sedans.69,4.3,20.69,0
156837,oncoming_sedans.69,4.3,20.85,0
156838,oncoming_sedans.69,4.2,21.11,0
156839,oncoming_sedans.69,4.2,21.46,0
156840,oncoming_sedans.69,4.1,21.92,0
156841,oncoming_sedans.69,4.0,22.5,0
156842,oncoming_sedans.69,3.9,23.19,0
156843,oncoming_sedans.69,3.7,24.03,0
156844,oncoming_sedans.69,3.6,25.01,0
156845,oncoming_sedans.69,3.4,26.16,0
156917,oncoming_sedans.75,0.3,342.03,0
156918,oncoming_sedans.75,0.4,255.61,0
156919,oncoming_sedans.75,0.5,197.1,0
156920,oncoming_sedans.75,0.6,155.98,0
156921,oncoming_sedans.75,0.7,126.17,0
156922,oncoming_sedans.75,0.9,103.98,0
156923,oncoming_sedans.75,1.0,87.08,0
156924,oncoming_sedans.75,1.2,73.97,0
156925,oncoming_sedans.75,1.4,63.62,0
156926,oncoming_sedans.75,1.6,55.33,0
156927,oncoming_sedans.75,1.8,48.59,0
156928,oncoming_sedans.75,2.1,43.05,0
156929,oncoming_sedans.75,2.3,38.45,0
156930,oncoming_sedans.75,2.6,34.59,0
156931,oncoming_sedans.75,2.9,31.32,0
156932,oncoming_sedans.75,3.1,28.54,0
156933,oncoming_sedans.75,3.4,26.15,0
156934,oncoming_sedans.75,3.7,24.09,0
156935,oncoming_sedans.75,4.0,22.29,0
156936,oncoming_sedans.75,4.3,20.73,0
156937,oncoming_sedans.75,4.6,19.36,0
156938,oncoming_sedans.75,4.9,18.15,0
156939,oncoming_sedans.75,5.2,17.09,0
156940,oncoming_sedans.75,5.5,16.15,0
156941,oncoming_sedans.75,5.8,15.32,0
156942,oncoming_sedans.75,6.1,14.58,0
156943,oncoming_sedans.75,6.4,13.93,0
156944,oncoming_sedans.75,6.7,13.36,0
156945,oncoming_sedans.75,7.0,12.85,0
156946,oncoming_sedans.75,7.2,12.41,0
156947,oncoming_sedans.75,7.4,12.03,0
156966,oncoming_sedans.76,7.8,11.43,0
156967,oncoming_sedans.76,7.8,11.42,0
156968,oncoming_sedans.76,7.8,11.46,0
156969,oncoming_sedans.76,7.8,11.54,0
156970,oncoming_sedans.76,7.7,11.67,0
156971,oncoming_sedans.76,7.6,11.85,0
156972,oncoming_sedans.76,7.4,12.08,0
156973,oncoming_sedans.76,7.2,12.36,0
156974,oncoming_sedans.76,7.0,12.7,0
156975,oncoming_sedans.76,6.8,13.1,0
156976,oncoming_sedans.76,6.6,13.57,0
156977,oncoming_sedans.76,6.3,14.11,0
156978,oncoming_sedans.76,6.1,14.72,0
156979,oncoming_sedans.76,5.8,15.42,0
156980,oncoming_sedans.76,5.5,16.22,0
156981,oncoming_sedans.76,5.2,17.11,0
156982,oncoming_sedans.76,4.9,18.13,0
159883,oncoming_sedans.73,2.1,43.01,0
159884,oncoming_sedans.73,2.2,40.02,0
159885,oncoming_sedans.73,2.4,37.4,0
159886,oncoming_sedans.73,2.5,35.1,0
159887,oncoming_sedans.73,2.7,33.07,0
159888,oncoming_sedans.73,2.9,31.29,0
159889,oncoming_sedans.73,3.0,29.71,0
159890,oncoming_sedans.73,3.2,28.31,0
159891,oncoming_sedans.73,3.3,27.08,0
159892,oncoming_sedans.73,3.4,26.0,0
159893,oncoming_sedans.73,3.6,25.05,0
159894,oncoming_sedans.73,3.7,24.21,0
159895,oncoming_sedans.73,3.8,23.49,0
159896,oncoming_sedans.73,3.9,22.88,0
159897,oncoming_sedans.73,4.0,22.35,0
159898,oncoming_sedans.73,4.1,21.93,0
159899,oncoming_sedans.73,4.1,21.58,0
159900,oncoming_sedans.73,4.2,21.33,0
159901,oncoming_sedans.73,4.2,21.16,0
159902,oncoming_sedans.73,4.2,21.07,0
159903,oncoming_sedans.73,4.2,21.07,0
159904,oncoming_sedans.73,4.2,21.15,0
159905,oncoming_sedans.73,4.2,21.32,0
159906,oncoming_sedans.73,4.1,21.58,0
159907,oncoming_sedans.73,4.1,21.94,0
159908,oncoming_sedans.73,4.0,22.4,0
159909,oncoming_sedans.73,3.9,22.97,0
159910,oncoming_sedans.73,3.8,23.66,0
159911,oncoming_sedans.73,3.7,24.48,0
159912,oncoming_sedans.73,3.5,25.44,0
159913,oncoming_sedans.73,3.4,26.56,0
160009,oncoming_sedans.77,0.2,384.24,0
160010,oncoming_sedans.77,0.3,298.23,0
160011,oncoming_sedans.77,0.4,237.33,0
160012,oncoming_sedans.77,0.5,192.84,0
160013,oncoming_sedans.77,0.6,159.49,0
160014,oncoming_sedans.77,0.7,133.93,0
160015,oncoming_sedans.77,0.8,113.99,0
160016,oncoming_sedans.77,0.9,98.18,0
160017,oncoming_sedans.77,1.0,85.47,0
160018,oncoming_sedans.77,1.2,75.13,0
160019,oncoming_sedans.77,1.3,66.61,0
160020,oncoming_sedans.77,1.5,59.54,0
160021,oncoming_sedans.77,1.7,53.62,0
160022,oncoming_sedans.77,1.8,48.62,0
160023,oncoming_sedans.77,2.0,44.37,0
160024,oncoming_sedans.77,2.2,40.74,0
160025,oncoming_sedans.77,2.4,37.62,0
160026,oncoming_sedans.77,2.6,34.93,0
160027,oncoming_sedans.77,2.7,32.6,0
160028,oncoming_sedans.77,2.9,30.58,0
160029,oncoming_sedans.77,3.1,28.83,0
160030,oncoming_sedans.77,3.3,27.3,0
160031,oncoming_sedans.77,3.4,25.98,0
160032,oncoming_sedans.77,3.6,24.83,0
160033,oncoming_sedans.77,3.8,23.84,0
160034,oncoming_sedans.77,3.9,22.99,0
160035,oncoming_sedans.77,4.0,22.27,0
160036,oncoming_sedans.77,4.1,21.67,0
160037,oncoming_sedans.77,4.2,21.18,0
160038,oncoming_sedans.77,4.3,20.79,0
160039,oncoming_sedans.77,4.4,20.51,0
160040,oncoming_sedans.77,4.4,20.31,0
160041,oncoming_sedans.77,4.4,20.21,0
160042,oncoming_sedans.77,4.4,20.21,0
160043,oncoming_sedans.77,4.4,20.3,0
160044,oncoming_sedans.77,4.4,20.48,0
160045,oncoming_sedans.77,4.3,20.75,0
160046,oncoming_sedans.77,4.2,21.13,0
160047,oncoming_sedans.77,4.1,21.62,0
160048,oncoming_sedans.77,4.0,22.21,0
160084,oncoming_trucks.29,1.0,93.46,0
160085,oncoming_trucks.29,0.8,109.69,0
160086,oncoming_trucks.29,0.7,130.96,0
160087,oncoming_trucks.29,0.6,159.74,0
160088,oncoming_trucks.29,0.4,200.39,0
160089,oncoming_trucks.29,0.3,261.34,0
160090,oncoming_trucks.29,0.2,361.32,0
162951,oncoming_sedans.74,2.2,40.17,0
162952,oncoming_sedans.74,2.4,37.48,0
162953,oncoming_sedans.74,2.5,35.13,0
162954,oncoming_sedans.74,2.7,33.07,0
162955,oncoming_sedans.74,2.9,31.26,0
162956,oncoming_sedans.74,3.0,29.67,0
162957,oncoming_sedans.74,3.2,28.27,0
162958,oncoming_sedans.74,3.3,27.05,0
162959,oncoming_sedans.74,3.4,25.98,0
162960,oncoming_sedans.74,3.6,25.06,0
162961,oncoming_sedans.74,3.7,24.27,0
162962,oncoming_sedans.74,3.8,23.59,0
162963,oncoming_sedans.74,3.9,23.03,0
162964,oncoming_sedans.74,4.0,22.57,0
162965,oncoming_sedans.74,4.0,22.21,0
162966,oncoming_sedans.74,4.1,21.94,0
162967,oncoming_sedans.74,4.1,21.77,0
162968,oncoming_sedans.74,4.1,21.7,0
162969,oncoming_sedans.74,4.1,21.71,0
162970,oncoming_sedans.74,4.1,21.81,0
162971,oncoming_sedans.74,4.1,22.01,0
162972,oncoming_sedans.74,4.0,22.31,0
162973,oncoming_sedans.74,3.9,22.71,0
162974,oncoming_sedans.74,3.9,23.21,0
162975,oncoming_sedans.74,3.8,23.83,0
162976,oncoming_sedans.74,3.6,24.56,0
162977,oncoming_sedans.74,3.5,25.42,0
162978,oncoming_sedans.74,3.4,26.43,0
162979,oncoming_sedans.74,3.2,27.58,0
162980,oncoming_sedans.74,3.1,28.91,0
162981,oncoming_sedans.74,2.9,30.42,0
163082,oncoming_trucks.29,0.2,387.41,0
163083,oncoming_trucks.29,0.3,290.31,0
163084,oncoming_trucks.29,0.4,226.27,0
163085,oncoming_trucks.29,0.5,181.8,0
163086,oncoming_trucks.29,0.6,149.66,0
163087,oncoming_trucks.29,0.7,125.68,0
163088,oncoming_trucks.29,0.8,107.31,0
163089,oncoming_trucks.29,1.0,92.93,0
163090,oncoming_trucks.29,1.1,81.46,0
163091,oncoming_trucks.29,1.2,72.16,0
163092,oncoming_trucks.29,1.4,64.53,0
163093,oncoming_trucks.29,1.5,58.18,0
163094,oncoming_trucks.29,1.7,52.85,0
163095,oncoming_trucks.29,1.9,48.33,0
163096,oncoming_trucks.29,2.0,44.47,0
163097,oncoming_trucks.29,2.2,41.15,0
163098,oncoming_trucks.29,2.3,38.28,0
163099,oncoming_trucks.29,2.5,35.78,0
163100,oncoming_trucks.29,2.7,33.59,0
163101,oncoming_trucks.29,2.8,31.67,0
163102,oncoming_trucks.29,3.0,29.99,0
163103,oncoming_trucks.29,3.1,28.5,0
163104,oncoming_trucks.29,3.3,27.19,0
163105,oncoming_trucks.29,3.4,26.03,0
163106,oncoming_trucks.29,3.6,25.01,0
163107,oncoming_trucks.29,3.7,24.11,0
163108,oncoming_trucks.29,3.8,23.33,0
163109,oncoming_trucks.29,4.0,22.64,0
163110,oncoming_trucks.29,4.1,22.06,0
163111,oncoming_trucks.29,4.2,21.56,0
163112,oncoming_trucks.29,4.2,21.14,0
163113,oncoming_trucks.29,4.3,20.81,0
163114,oncoming_trucks.29,4.4,20.56,0
163115,oncoming_trucks.29,4.4,20.38,0
163116,oncoming_trucks.29,4.4,20.28,0
163117,oncoming_trucks.29,4.4,20.27,0
163118,oncoming_trucks.29,4.4,20.33,0
163119,oncoming_trucks.29,4.4,20.48,0
163120,oncoming_trucks.29,4.3,20.72,0
163121,oncoming_trucks.29,4.2,21.06,0
163122,oncoming_trucks.29,4.2,21.5,0
163123,oncoming_trucks.29,4.1,22.06,0
163124,oncoming_trucks.29,3.9,22.74,0
163125,oncoming_trucks.29,3.8,23.56,0
163126,oncoming_trucks.29,3.6,24.54,0
166032,oncoming_trucks.28,2.3,39.49,0
166033,oncoming_trucks.28,2.4,36.7,0
166034,oncoming_trucks.28,2.6,34.27,0
166035,oncoming_trucks.28,2.8,32.14,0
166036,oncoming_trucks.28,3.0,30.26,0
166037,oncoming_trucks.28,3.1,28.6,0
166038,oncoming_trucks.28,3.3,27.14,0
166039,oncoming_trucks.28,3.5,25.83,0
166040,oncoming_trucks.28,3.6,24.68,0
166041,oncoming_trucks.28,3.8,23.65,0
166042,oncoming_trucks.28,3.9,22.74,0
166043,oncoming_trucks.28,4.1,21.93,0
166044,oncoming_trucks.28,4.2,21.22,0
166045,oncoming_trucks.28,4.3,20.6,0
166046,oncoming_trucks.28,4.5,20.05,0
166047,oncoming_trucks.28,4.6,19.59,0
166048,oncoming_trucks.28,4.7,19.19,0
166049,oncoming_trucks.28,4.7,18.87,0
166050,oncoming_trucks.28,4.8,18.61,0
166051,oncoming_trucks.28,4.9,18.42,0
166052,oncoming_trucks.28,4.9,18.3,0
166053,oncoming_trucks.28,4.9,18.24,0
166054,oncoming_trucks.28,4.9,18.26,0
166055,oncoming_trucks.28,4.9,18.34,0
166056,oncoming_trucks.28,4.8,18.5,0
166057,oncoming_trucks.28,4.8,18.75,0
166058,oncoming_trucks.28,4.7,19.08,0
166059,oncoming_trucks.28,4.6,19.5,0
166060,oncoming_trucks.28,4.5,20.03,0
166061,oncoming_trucks.28,4.3,20.66,0
166062,oncoming_trucks.28,4.2,21.43,0
166063,oncoming_trucks.28,4.0,22.34,0
166064,oncoming_trucks.28,3.8,23.41,0
166166,oncoming_sedans.79,2.3,39.44,0
166167,oncoming_sedans.79,2.4,36.83,0
166168,oncoming_sedans.79,2.6,34.54,0
166169,oncoming_sedans.79,2.8,32.53,0
166170,oncoming_sedans.79,2.9,30.75,0
166171,oncoming_sedans.79,3.1,29.19,0
166172,oncoming_sedans.79,3.2,27.81,0
166173,oncoming_sedans.79,3.4,26.59,0
166174,oncoming_sedans.79,3.5,25.52,0
166175,oncoming_sedans.79,3.6,24.58,0
166176,oncoming_sedans.79,3.8,23.75,0
166177,oncoming_sedans.79,3.9,23.04,0
166178,oncoming_sedans.79,4.0,22.42,0
166179,oncoming_sedans.79,4.1,21.9,0
166180,oncoming_sedans.79,4.2,21.47,0
166181,oncoming_sedans.79,4.2,21.13,0
166182,oncoming_sedans.79,4.3,20.87,0
166183,oncoming_sedans.79,4.3,20.69,0
166184,oncoming_sedans.79,4.3,20.6,0
166185,oncoming_sedans.79,4.3,20.59,0
166186,oncoming_sedans.79,4.3,20.67,0
166187,oncoming_sedans.79,4.3,20.83,0
166188,oncoming_sedans.79,4.2,21.09,0
166189,oncoming_sedans.79,4.2,21.44,0
166190,oncoming_sedans.79,4.1,21.9,0
166191,oncoming_sedans.79,4.0,22.47,0
166192,oncoming_sedans.79,3.9,23.17,0
166193,oncoming_sedans.79,3.7,24.0,0
166194,oncoming_sedans.79,3.6,24.98,0
166195,oncoming_sedans.79,3.4,26.12,0
169105,oncoming_sedans.78,2.1,42.54,0
169106,oncoming_sedans.78,2.3,39.53,0
169107,oncoming_sedans.78,2.4,36.9,0
169108,oncoming_sedans.78,2.6,34.6,0
169109,oncoming_sedans.78,2.7,32.58,0
169110,oncoming_sedans.78,2.9,30.8,0
169111,oncoming_sedans.78,3.1,29.23,0
169112,oncoming_sedans.78,3.2,27.85,0
169113,oncoming_sedans.78,3.4,26.63,0
169114,oncoming_sedans.78,3.5,25.55,0
169115,oncoming_sedans.78,3.6,24.61,0
169116,oncoming_sedans.78,3.8,23.78,0
169117,oncoming_sedans.78,3.9,23.07,0
169118,oncoming_sedans.78,4.0,22.45,0
169119,oncoming_sedans.78,4.1,21.93,0
169120,oncoming_sedans.78,4.2,21.5,0
169121,oncoming_sedans.78,4.2,21.15,0
169122,oncoming_sedans.78,4.3,20.89,0
169123,oncoming_sedans.78,4.3,20.72,0
169124,oncoming_sedans.78,4.3,20.62,0
169125,oncoming_sedans.78,4.3,20.61,0
169126,oncoming_sedans.78,4.3,20.69,0
169127,oncoming_sedans.78,4.3,20.85,0
169128,oncoming_sedans.78,4.2,21.11,0
169129,oncoming_sedans.78,4.2,21.46,0
169130,oncoming_sedans.78,4.1,21.92,0
169131,oncoming_sedans.78,4.0,22.5,0
169132,oncoming_sedans.78,3.9,23.19,0
169133,oncoming_sedans.78,3.7,24.03,0
169134,oncoming_sedans.78,3.6,25.01,0
169135,oncoming_sedans.78,3.4,26.16,0
169236,oncoming_trucks.30,1.8,50.18,0
169237,oncoming_trucks.30,1.9,46.36,0
169238,oncoming_trucks.30,2.1,43.05,0
169239,oncoming_trucks.30,2.2,40.15,0
169240,oncoming_trucks.30,2.4,37.61,0
169241,oncoming_trucks.30,2.5,35.38,0
169242,oncoming_trucks.30,2.7,33.4,0
169243,oncoming_trucks.30,2.8,31.64,0
169244,oncoming_trucks.30,3.0,30.09,0
169245,oncoming_trucks.30,3.1,28.7,0
169246,oncoming_trucks.30,3.3,27.46,0
169247,oncoming_trucks.30,3.4,26.36,0
169248,oncoming_trucks.30,3.5,25.39,0
169249,oncoming_trucks.30,3.6,24.52,0
169250,oncoming_trucks.30,3.8,23.76,0
169251,oncoming_trucks.30,3.9,23.08,0
169252,oncoming_trucks.30,4.0,22.5,0
169253,oncoming_trucks.30,4.1,22.0,0
169254,oncoming_trucks.30,4.1,21.58,0
169255,oncoming_trucks.30,4.2,21.24,0
169256,oncoming_trucks.30,4.3,20.97,0
169257,oncoming_trucks.30,4.3,20.78,0
169258,oncoming_trucks.30,4.3,20.66,0
169259,oncoming_trucks.30,4.3,20.62,0
169260,oncoming_trucks.30,4.3,20.67,0
169261,oncoming_trucks.30,4.3,20.79,0
169262,oncoming_trucks.30,4.3,21.01,0
169263,oncoming_trucks.30,4.2,21.32,0
169264,oncoming_trucks.30,4.1,21.73,0
169265,oncoming_trucks.30,4.0,22.26,0
169266,oncoming_trucks.30,3.9,22.92,0
169267,oncoming_trucks.30,3.8,23.72,0
169268,oncoming_trucks.30,3.6,24.68,0
169269,oncoming_trucks.30,3.5,25.82,0
169270,oncoming_trucks.30,3.3,27.17,0
169271,oncoming_trucks.30,3.1,28.76,0
169272,oncoming_trucks.30,2.9,30.63,0
169273,oncoming_trucks.30,2.7,32.84,0
172173,oncoming_sedans.80,2.1,43.01,0
172174,oncoming_sedans.80,2.2,40.02,0
172175,oncoming_sedans.80,2.4,37.4,0
172176,oncoming_sedans.80,2.5,35.1,0
172177,oncoming_sedans.80,2.7,33.08,0
172178,oncoming_sedans.80,2.9,31.29,0
172179,oncoming_sedans.80,3.0,29.71,0
172180,oncoming_sedans.80,3.2,28.32,0
172181,oncoming_sedans.80,3.3,27.08,0
172182,oncoming_sedans.80,3.4,26.0,0
172183,oncoming_sedans.80,3.6,25.05,0
172184,oncoming_sedans.80,3.7,24.22,0
172185,oncoming_sedans.80,3.8,23.49,0
172186,oncoming_sedans.80,3.9,22.88,0
172187,oncoming_sedans.80,4.0,22.35,0
172188,oncoming_sedans.80,4.1,21.93,0
172189,oncoming_sedans.80,4.1,21.58,0
172190,oncoming_sedans.80,4.2,21.33,0
172191,oncoming_sedans.80,4.2,21.16,0
172192,oncoming_sedans.80,4.2,21.07,0
172193,oncoming_sedans.80,4.2,21.07,0
172194,oncoming_sedans.80,4.2,21.15,0
172195,oncoming_sedans.80,4.2,21.32,0
172196,oncoming_sedans.80,4.1,21.58,0
172197,oncoming_sedans.80,4.1,21.94,0
172198,oncoming_sedans.80,4.0,22.4,0
172199,oncoming_sedans.80,3.9,22.97,0
172200,oncoming_sedans.80,3.8,23.66,0
172201,oncoming_sedans.80,3.7,24.48,0
172202,oncoming_sedans.80,3.5,25.44,0
172203,oncoming_sedans.80,3.4,26.55,0
172319,school_buses.6,2.9,31.18,0
172320,school_buses.6,3.0,29.76,0
172321,school_buses.6,3.1,28.49,0
172322,school_buses.6,3.3,27.36,0
172323,school_buses.6,3.4,26.35,0
172324,school_buses.6,3.5,25.45,0
172325,school_buses.6,3.6,24.65,0
172326,school_buses.6,3.7,23.95,0
172327,school_buses.6,3.8,23.33,0
172328,school_buses.6,3.9,22.8,0
172329,school_buses.6,4.0,22.35,0
172330,school_buses.6,4.1,21.98,0
172331,school_buses.6,4.1,21.68,0
172332,school_buses.6,4.2,21.46,0
172333,school_buses.6,4.2,21.32,0
172334,school_buses.6,4.2,21.25,0
172335,school_buses.6,4.2,21.27,0
172336,school_buses.6,4.2,21.37,0
172337,school_buses.6,4.2,21.56,0
172338,school_buses.6,4.1,21.85,0
172339,school_buses.6,4.0,22.24,0
172340,school_buses.6,3.9,22.75,0
172341,school_buses.6,3.8,23.4,0
172342,school_buses.6,3.7,24.19,0
172343,school_buses.6,3.6,25.14,0
172344,school_buses.6,3.4,26.29,0
172345,school_buses.6,3.2,27.67,0
172346,school_buses.6,3.1,29.3,0
172347,school_buses.6,2.9,31.25,0
172348,school_buses.6,2.7,33.56,0
172349,school_buses.6,2.5,36.33,0
172350,school_buses.6,2.3,39.66,0
172351,school_buses.6,2.0,43.66,0
172352,school_buses.6,1.8,48.49,0
172353,school_buses.6,1.6,54.35,0
172354,school_buses.6,1.5,61.55,0
172355,school_buses.6,1.3,70.51,0
172356,school_buses.6,1.1,81.83,0
172357,school_buses.6,0.9,96.45,0
172358,school_buses.6,0.8,115.82,0
172359,school_buses.6,0.6,142.39,0
172360,school_buses.6,0.5,180.6,0
172361,school_buses.6,0.4,239.4,0
172362,school_buses.6,0.3,339.93,0
175240,oncoming_sedans.81,2.1,43.25,0
175241,oncoming_sedans.81,2.2,40.17,0
175242,oncoming_sedans.81,2.4,37.48,0
175243,oncoming_sedans.81,2.5,35.13,0
175244,oncoming_sedans.81,2.7,33.07,0
175245,oncoming_sedans.81,2.9,31.26,0
175246,oncoming_sedans.81,3.0,29.67,0
175247,oncoming_sedans.81,3.2,28.27,0
175248,oncoming_sedans.81,3.3,27.05,0
175249,oncoming_sedans.81,3.4,25.98,0
175250,oncoming_sedans.81,3.6,25.06,0
175251,oncoming_sedans.81,3.7,24.27,0
175252,oncoming_sedans.81,3.8,23.59,0
175253,oncoming_sedans.81,3.9,23.03,0
175254,oncoming_sedans.81,4.0,22.57,0
175255,oncoming_sedans.81,4.0,22.21,0
175256,oncoming_sedans.81,4.1,21.94,0
175257,oncoming_sedans.81,4.1,21.77,0
175258,oncoming_sedans.81,4.1,21.7,0
175259,oncoming_sedans.81,4.1,21.71,0
175260,oncoming_sedans.81,4.1,21.81,0
175261,oncoming_sedans.81,4.1,22.01,0
175262,oncoming_sedans.81,4.0,22.31,0
175263,oncoming_sedans.81,3.9,22.71,0
175264,oncoming_sedans.81,3.9,23.21,0
175265,oncoming_sedans.81,3.8,23.83,0
175266,oncoming_sedans.81,3.6,24.56,0
175267,oncoming_sedans.81,3.5,25.42,0
175268,oncoming_sedans.81,3.4,26.43,0
175269,oncoming_sedans.81,3.2,27.58,0
175270,oncoming_sedans.81,3.1,28.91,0
175271,oncoming_sedans.81,2.9,30.42,0
175365,school_buses.6,0.3,341.2,0
175366,school_buses.6,0.3,258.13,0
175367,school_buses.6,0.4,202.99,0
175368,school_buses.6,0.5,164.47,0
175369,school_buses.6,0.7,136.48,0
175370,school_buses.6,0.8,115.47,0
175371,school_buses.6,0.9,99.29,0
175372,school_buses.6,1.0,86.54,0
175373,school_buses.6,1.2,76.32,0
175374,school_buses.6,1.3,67.99,0
175375,school_buses.6,1.5,61.1,0
175376,school_buses.6,1.6,55.35,0
175377,school_buses.6,1.8,50.48,0
175378,school_buses.6,1.9,46.33,0
175379,school_buses.6,2.1,42.76,0
175380,school_buses.6,2.3,39.67,0
175381,school_buses.6,2.4,36.98,0
175382,school_buses.6,2.6,34.62,0
175383,school_buses.6,2.8,32.53,0
175384,school_buses.6,2.9,30.69,0
175385,school_buses.6,3.1,29.06,0
175386,school_buses.6,3.2,27.6,0
175387,school_buses.6,3.4,26.3,0
175388,school_buses.6,3.6,25.14,0
175389,school_buses.6,3.7,24.1,0
175390,school_buses.6,3.9,23.17,0
175391,school_buses.6,4.0,22.34,0
175392,school_buses.6,4.1,21.6,0
175393,school_buses.6,4.3,20.94,0
175394,school_buses.6,4.4,20.36,0
175395,school_buses.6,4.5,19.85,0
175396,school_buses.6,4.6,19.41,0
175397,school_buses.6,4.7,19.04,0
175398,school_buses.6,4.8,18.73,0
175399,school_buses.6,4.8,18.48,0
175400,school_buses.6,4.9,18.3,0
175401,school_buses.6,4.9,18.18,0
175402,school_buses.6,4.9,18.13,0
175403,school_buses.6,4.9,18.15,0
175404,school_buses.6,4.9,18.24,0
175405,school_buses.6,4.9,18.41,0
175406,school_buses.6,4.8,18.66,0
175407,school_buses.6,4.7,19.0,0
175408,school_buses.6,4.6,19.44,0
175409,school_buses.6,4.5,20.0,0
175410,school_buses.6,4.3,20.68,0
178322,oncoming_trucks.31,2.3,39.49,0
178323,oncoming_trucks.31,2.4,36.7,0
178324,oncoming_trucks.31,2.6,34.27,0
178325,oncoming_trucks.31,2.8,32.14,0
178326,oncoming_trucks.31,3.0,30.26,0
178327,oncoming_trucks.31,3.1,28.6,0
178328,oncoming_trucks.31,3.3,27.14,0
178329,oncoming_trucks.31,3.5,25.83,0
178330,oncoming_trucks.31,3.6,24.68,0
178331,oncoming_trucks.31,3.8,23.65,0
178332,oncoming_trucks.31,3.9,22.74,0
178333,oncoming_trucks.31,4.1,21.93,0
178334,oncoming_trucks.31,4.2,21.22,0
178335,oncoming_trucks.31,4.3,20.6,0
178336,oncoming_trucks.31,4.5,20.05,0
178337,oncoming_trucks.31,4.6,19.59,0
178338,oncoming_trucks.31,4.7,19.19,0
178339,oncoming_trucks.31,4.7,18.87,0
178340,oncoming_trucks.31,4.8,18.61,0
178341,oncoming_trucks.31,4.9,18.42,0
178342,oncoming_trucks.31,4.9,18.3,0
178343,oncoming_trucks.31,4.9,18.24,0
178344,oncoming_trucks.31,4.9,18.26,0
178345,oncoming_trucks.31,4.9,18.34,0
178346,oncoming_trucks.31,4.8,18.5,0
178347,oncoming_trucks.31,4.8,18.75,0
178348,oncoming_trucks.31,4.7,19.08,0
178349,oncoming_trucks.31,4.6,19.5,0
178350,oncoming_trucks.31,4.5,20.02,0
178351,oncoming_trucks.31,4.3,20.66,0
178352,oncoming_trucks.31,4.2,21.43,0
178353,oncoming_trucks.31,4.0,22.34,0
178354,oncoming_trucks.31,3.8,23.41,0
178448,oncoming_sedans.83,1.5,59.69,0
178449,oncoming_sedans.83,1.6,54.38,0
178450,oncoming_sedans.83,1.8,49.84,0
178451,oncoming_sedans.83,1.9,45.93,0
178452,oncoming_sedans.83,2.1,42.55,0
178453,oncoming_sedans.83,2.3,39.61,0
178454,oncoming_sedans.83,2.4,37.04,0
178455,oncoming_sedans.83,2.6,34.79,0
178456,oncoming_sedans.83,2.7,32.81,0
178457,oncoming_sedans.83,2.9,31.07,0
178458,oncoming_sedans.83,3.0,29.54,0
178459,oncoming_sedans.83,3.2,28.18,0
178460,oncoming_sedans.83,3.3,26.99,0
178461,oncoming_sedans.83,3.4,25.94,0
178462,oncoming_sedans.83,3.6,25.02,0
178463,oncoming_sedans.83,3.7,24.22,0
178464,oncoming_sedans.83,3.8,23.53,0
178465,oncoming_sedans.83,3.9,22.95,0
178466,oncoming_sedans.83,4.0,22.45,0
178467,oncoming_sedans.83,4.1,22.05,0
178468,oncoming_sedans.83,4.1,21.74,0
178469,oncoming_sedans.83,4.2,21.52,0
178470,oncoming_sedans.83,4.2,21.37,0
178471,oncoming_sedans.83,4.2,21.32,0
178472,oncoming_sedans.83,4.2,21.35,0
178473,oncoming_sedans.83,4.2,21.47,0
178474,oncoming_sedans.83,4.1,21.69,0
178475,oncoming_sedans.83,4.1,22.0,0
178476,oncoming_sedans.83,4.0,22.41,0
178477,oncoming_sedans.83,3.9,22.94,0
178478,oncoming_sedans.83,3.8,23.59,0
178479,oncoming_sedans.83,3.7,24.37,0
178480,oncoming_sedans.83,3.5,25.29,0
181395,oncoming_sedans.82,2.1,42.54,0
181396,oncoming_sedans.82,2.3,39.53,0
181397,oncoming_sedans.82,2.4,36.9,0
181398,oncoming_sedans.82,2.6,34.6,0
181399,oncoming_sedans.82,2.7,32.58,0
181400,oncoming_sedans.82,2.9,30.81,0
181401,oncoming_sedans.82,3.1,29.24,0
181402,oncoming_sedans.82,3.2,27.85,0
181403,oncoming_sedans.82,3.4,26.63,0
181404,oncoming_sedans.82,3.5,25.56,0
181405,oncoming_sedans.82,3.6,24.61,0
181406,oncoming_sedans.82,3.8,23.78,0
181407,oncoming_sedans.82,3.9,23.07,0
181408,oncoming_sedans.82,4.0,22.45,0
181409,oncoming_sedans.82,4.1,21.93,0
181410,oncoming_sedans.82,4.2,21.5,0
181411,oncoming_sedans.82,4.2,21.15,0
181412,oncoming_sedans.82,4.3,20.89,0
181413,oncoming_sedans.82,4.3,20.72,0
181414,oncoming_sedans.82,4.3,20.62,0
181415,oncoming_sedans.82,4.3,20.61,0
181416,oncoming_sedans.82,4.3,20.69,0
181417,oncoming_sedans.82,4.3,20.85,0
181418,oncoming_sedans.82,4.2,21.11,0
181419,oncoming_sedans.82,4.2,21.47,0
181420,oncoming_sedans.82,4.1,21.93,0
181421,oncoming_sedans.82,4.0,22.5,0
181422,oncoming_sedans.82,3.9,23.19,0
181423,oncoming_sedans.82,3.7,24.03,0
181424,oncoming_sedans.82,3.6,25.01,0
181425,oncoming_sedans.82,3.4,26.16,0
181527,oncoming_sedans.85,2.1,42.37,0
181528,oncoming_sedans.85,2.3,38.98,0
181529,oncoming_sedans.85,2.5,36.05,0
181530,oncoming_sedans.85,2.7,33.5,0
181531,oncoming_sedans.85,2.9,31.28,0
181532,oncoming_sedans.85,3.0,29.34,0
181533,oncoming_sedans.85,3.2,27.63,0
181534,oncoming_sedans.85,3.4,26.14,0
181535,oncoming_sedans.85,3.6,24.83,0
181536,oncoming_sedans.85,3.8,23.68,0
181537,oncoming_sedans.85,3.9,22.68,0
181538,oncoming_sedans.85,4.1,21.81,0
181539,oncoming_sedans.85,4.2,21.06,0
181540,oncoming_sedans.85,4.4,20.42,0
181541,oncoming_sedans.85,4.5,19.88,0
181542,oncoming_sedans.85,4.6,19.44,0
181543,oncoming_sedans.85,4.7,19.09,0
181544,oncoming_sedans.85,4.8,18.84,0
181545,oncoming_sedans.85,4.8,18.66,0
181546,oncoming_sedans.85,4.8,18.58,0
181547,oncoming_sedans.85,4.8,18.57,0
181548,oncoming_sedans.85,4.8,18.66,0
181549,oncoming_sedans.85,4.8,18.83,0
181550,oncoming_sedans.85,4.7,19.09,0
181551,oncoming_sedans.85,4.6,19.45,0
181552,oncoming_sedans.85,4.5,19.9,0
181553,oncoming_sedans.85,4.4,20.46,0
181554,oncoming_sedans.85,4.2,21.12,0
181595,oncoming_sedans.86,0.3,314.02,0
181596,oncoming_sedans.86,0.2,371.77,0
184463,oncoming_sedans.84,2.1,43.01,0
184464,oncoming_sedans.84,2.2,40.02,0
184465,oncoming_sedans.84,2.4,37.4,0
184466,oncoming_sedans.84,2.5,35.1,0
184467,oncoming_sedans.84,2.7,33.08,0
184468,oncoming_sedans.84,2.9,31.29,0
184469,oncoming_sedans.84,3.0,29.71,0
184470,oncoming_sedans.84,3.2,28.32,0
184471,oncoming_sedans.84,3.3,27.08,0
184472,oncoming_sedans.84,3.4,26.0,0
184473,oncoming_sedans.84,3.6,25.05,0
184474,oncoming_sedans.84,3.7,24.22,0
184475,oncoming_sedans.84,3.8,23.49,0
184476,oncoming_sedans.84,3.9,22.88,0
184477,oncoming_sedans.84,4.0,22.35,0
184478,oncoming_sedans.84,4.1,21.93,0
184479,oncoming_sedans.84,4.1,21.58,0
184480,oncoming_sedans.84,4.2,21.33,0
184481,oncoming_sedans.84,4.2,21.16,0
184482,oncoming_sedans.84,4.2,21.07,0
184483,oncoming_sedans.84,4.2,21.07,0
184484,oncoming_sedans.84,4.2,21.15,0
184485,oncoming_sedans.84,4.2,21.32,0
184486,oncoming_sedans.84,4.1,21.58,0
184487,oncoming_sedans.84,4.1,21.94,0
184488,oncoming_sedans.84,4.0,22.4,0
184489,oncoming_sedans.84,3.9,22.97,0
184490,oncoming_sedans.84,3.8,23.66,0
184491,oncoming_sedans.84,3.7,24.48,0
184492,oncoming_sedans.84,3.5,25.44,0
184493,oncoming_sedans.84,3.4,26.55,0
184594,oncoming_sedans.86,0.3,346.31,0
184595,oncoming_sedans.86,0.3,258.05,0
184596,oncoming_sedans.86,0.5,198.57,0
184597,oncoming_sedans.86,0.6,156.91,0
184598,oncoming_sedans.86,0.7,126.77,0
184599,oncoming_sedans.86,0.9,104.38,0
184600,oncoming_sedans.86,1.0,87.36,0
184601,oncoming_sedans.86,1.2,74.17,0
184602,oncoming_sedans.86,1.4,63.76,0
184603,oncoming_sedans.86,1.6,55.43,0
184604,oncoming_sedans.86,1.8,48.67,0
184605,oncoming_sedans.86,2.1,43.11,0
184606,oncoming_sedans.86,2.3,38.49,0
184607,oncoming_sedans.86,2.6,34.62,0
184608,oncoming_sedans.86,2.9,31.35,0
184609,oncoming_sedans.86,3.1,28.56,0
184610,oncoming_sedans.86,3.4,26.17,0
184611,oncoming_sedans.86,3.7,24.1,0
184612,oncoming_sedans.86,4.0,22.3,0
184613,oncoming_sedans.86,4.3,20.74,0
184614,oncoming_sedans.86,4.6,19.36,0
184615,oncoming_sedans.86,4.9,18.16,0
184616,oncoming_sedans.86,5.2,17.09,0
184617,oncoming_sedans.86,5.5,16.15,0
184618,oncoming_sedans.86,5.8,15.32,0
184619,oncoming_sedans.86,6.1,14.58,0
184620,oncoming_sedans.86,6.4,13.93,0
184621,oncoming_sedans.86,6.7,13.36,0
184622,oncoming_sedans.86,7.0,12.85,0
184623,oncoming_sedans.86,7.2,12.41,0
184624,oncoming_sedans.86,7.4,12.02,0
184643,oncoming_sedans.89,7.8,11.42,0
184644,oncoming_sedans.89,7.8,11.42,0
184645,oncoming_sedans.89,7.8,11.45,0
184646,oncoming_sedans.89,7.8,11.54,0
184647,oncoming_sedans.89,7.7,11.66,0
184648,oncoming_sedans.89,7.6,11.84,0
184649,oncoming_sedans.89,7.4,12.07,0
184650,oncoming_sedans.89,7.2,12.35,0
184651,oncoming_sedans.89,7.1,12.69,0
184652,oncoming_sedans.89,6.8,13.09,0
184653,oncoming_sedans.89,6.6,13.56,0
184654,oncoming_sedans.89,6.3,14.1,0
184655,oncoming_sedans.89,6.1,14.71,0
184656,oncoming_sedans.89,5.8,15.41,0
184657,oncoming_sedans.89,5.5,16.21,0
184658,oncoming_sedans.89,5.2,17.11,0
184659,oncoming_sedans.89,4.9,18.12,0
187533,oncoming_trucks.32,1.8,50.31,0
187534,oncoming_trucks.32,1.9,46.45,0
187535,oncoming_trucks.32,2.1,43.1,0
187536,oncoming_trucks.32,2.2,40.19,0
187537,oncoming_trucks.32,2.4,37.64,0
187538,oncoming_trucks.32,2.5,35.4,0
187539,oncoming_trucks.32,2.7,33.43,0
187540,oncoming_trucks.32,2.8,31.69,0
187541,oncoming_trucks.32,3.0,30.15,0
187542,oncoming_trucks.32,3.1,28.78,0
187543,oncoming_trucks.32,3.2,27.57,0
187544,oncoming_trucks.32,3.4,26.5,0
187545,oncoming_trucks.32,3.5,25.56,0
187546,oncoming_trucks.32,3.6,24.73,0
187547,oncoming_trucks.32,3.7,24.0,0
187548,oncoming_trucks.32,3.8,23.37,0
187549,oncoming_trucks.32,3.9,22.84,0
187550,oncoming_trucks.32,4.0,22.39,0
187551,oncoming_trucks.32,4.1,22.02,0
187552,oncoming_trucks.32,4.1,21.74,0
187553,oncoming_trucks.32,4.2,21.53,0
187554,oncoming_trucks.32,4.2,21.41,0
187555,oncoming_trucks.32,4.2,21.37,0
187556,oncoming_trucks.32,4.2,21.4,0
187557,oncoming_trucks.32,4.2,21.53,0
187558,oncoming_trucks.32,4.1,21.74,0
187559,oncoming_trucks.32,4.1,22.05,0
187560,oncoming_trucks.32,4.0,22.47,0
187561,oncoming_trucks.32,3.9,22.99,0
187562,oncoming_trucks.32,3.8,23.64,0
187563,oncoming_trucks.32,3.7,24.42,0
187564,oncoming_trucks.32,3.5,25.35,0
187565,oncoming_trucks.32,3.4,26.45,0
187566,oncoming_trucks.32,3.2,27.75,0
187567,oncoming_trucks.32,3.1,29.26,0
187568,oncoming_trucks.32,2.9,31.03,0
187569,oncoming_trucks.32,2.7,33.09,0
187570,oncoming_trucks.32,2.5,35.5,0
187571,oncoming_trucks.32,2.3,38.31,0
187572,oncoming_trucks.32,2.2,41.61,0
187686,oncoming_sedans.90,0.2,384.24,0
187687,oncoming_sedans.90,0.3,298.23,0
187688,oncoming_sedans.90,0.4,237.33,0
187689,oncoming_sedans.90,0.5,192.84,0
187690,oncoming_sedans.90,0.6,159.49,0
187691,oncoming_sedans.90,0.7,133.93,0
187692,oncoming_sedans.90,0.8,113.99,0
187693,oncoming_sedans.90,0.9,98.18,0
187694,oncoming_sedans.90,1.0,85.47,0
187695,oncoming_sedans.90,1.2,75.12,0
187696,oncoming_sedans.90,1.3,66.61,0
187697,oncoming_sedans.90,1.5,59.54,0
187698,oncoming_sedans.90,1.7,53.62,0
187699,oncoming_sedans.90,1.8,48.62,0
187700,oncoming_sedans.90,2.0,44.37,0
187701,oncoming_sedans.90,2.2,40.74,0
187702,oncoming_sedans.90,2.4,37.62,0
187703,oncoming_sedans.90,2.6,34.93,0
187704,oncoming_sedans.90,2.7,32.6,0
187705,oncoming_sedans.90,2.9,30.58,0
187706,oncoming_sedans.90,3.1,28.83,0
187707,oncoming_sedans.90,3.3,27.3,0
187708,oncoming_sedans.90,3.4,25.98,0
187709,oncoming_sedans.90,3.6,24.83,0
187710,oncoming_sedans.90,3.8,23.84,0
187711,oncoming_sedans.90,3.9,22.99,0
187712,oncoming_sedans.90,4.0,22.27,0
187713,oncoming_sedans.90,4.1,21.67,0
187714,oncoming_sedans.90,4.2,21.18,0
187715,oncoming_sedans.90,4.3,20.79,0
187716,oncoming_sedans.90,4.4,20.5,0
187717,oncoming_sedans.90,4.4,20.31,0
187718,oncoming_sedans.90,4.4,20.21,0
187719,oncoming_sedans.90,4.4,20.21,0
187720,oncoming_sedans.90,4.4,20.29,0
187721,oncoming_sedans.90,4.4,20.48,0
187722,oncoming_sedans.90,4.3,20.75,0
187723,oncoming_sedans.90,4.2,21.13,0
187724,oncoming_sedans.90,4.1,21.61,0
187725,oncoming_sedans.90,4.0,22.21,0
187761,oncoming_trucks.34,1.0,93.48,0
187762,oncoming_trucks.34,0.8,109.72,0
187763,oncoming_trucks.34,0.7,131.01,0
187764,oncoming_trucks.34,0.6,159.82,0
187765,oncoming_trucks.34,0.4,200.51,0
187766,oncoming_trucks.34,0.3,261.54,0
187767,oncoming_trucks.34,0.2,361.69,0
190620,oncoming_sedans.88,3.5,25.22,0
190621,oncoming_sedans.88,3.7,24.14,0
190622,oncoming_sedans.88,3.9,23.18,0
190623,oncoming_sedans.88,4.0,22.33,0
190624,oncoming_sedans.88,4.1,21.59,0
190625,oncoming_sedans.88,4.3,20.93,0
190626,oncoming_sedans.88,4.4,20.36,0
190627,oncoming_sedans.88,4.5,19.88,0
190628,oncoming_sedans.88,4.6,19.47,0
190629,oncoming_sedans.88,4.7,19.13,0
190630,oncoming_sedans.88,4.7,18.87,0
190631,oncoming_sedans.88,4.8,18.68,0
190632,oncoming_sedans.88,4.8,18.56,0
190633,oncoming_sedans.88,4.8,18.51,0
190634,oncoming_sedans.88,4.8,18.53,0
190635,oncoming_sedans.88,4.8,18.62,0
190636,oncoming_sedans.88,4.8,18.8,0
190637,oncoming_sedans.88,4.7,19.06,0
190638,oncoming_sedans.88,4.6,19.4,0
190639,oncoming_sedans.88,4.5,19.84,0
190640,oncoming_sedans.88,4.4,20.38,0
190641,oncoming_sedans.88,4.3,21.04,0
190642,oncoming_sedans.88,4.1,21.81,0
190643,oncoming_sedans.88,3.9,22.72,0
190644,oncoming_sedans.88,3.8,23.78,0
190759,oncoming_trucks.34,0.2,387.56,0
190760,oncoming_trucks.34,0.3,290.4,0
190761,oncoming_trucks.34,0.4,226.33,0
190762,oncoming_trucks.34,0.5,181.84,0
190763,oncoming_trucks.34,0.6,149.69,0
190764,oncoming_trucks.34,0.7,125.7,0
190765,oncoming_trucks.34,0.8,107.33,0
190766,oncoming_trucks.34,1.0,92.94,0
190767,oncoming_trucks.34,1.1,81.47,0
190768,oncoming_trucks.34,1.2,72.17,0
190769,oncoming_trucks.34,1.4,64.53,0
190770,oncoming_trucks.34,1.5,58.19,0
190771,oncoming_trucks.34,1.7,52.85,0
190772,oncoming_trucks.34,1.9,48.34,0
190773,oncoming_trucks.34,2.0,44.47,0
190774,oncoming_trucks.34,2.2,41.15,0
190775,oncoming_trucks.34,2.3,38.28,0
190776,oncoming_trucks.34,2.5,35.78,0
190777,oncoming_trucks.34,2.7,33.59,0
190778,oncoming_trucks.34,2.8,31.67,0
190779,oncoming_trucks.34,3.0,29.99,0
190780,oncoming_trucks.34,3.1,28.5,0
190781,oncoming_trucks.34,3.3,27.19,0
190782,oncoming_trucks.34,3.4,26.03,0
190783,oncoming_trucks.34,3.6,25.01,0
190784,oncoming_trucks.34,3.7,24.11,0
190785,oncoming_trucks.34,3.8,23.33,0
190786,oncoming_trucks.34,4.0,22.64,0
190787,oncoming_trucks.34,4.1,22.06,0
190788,oncoming_trucks.34,4.2,21.56,0
190789,oncoming_trucks.34,4.2,21.14,0
190790,oncoming_trucks.34,4.3,20.81,0
190791,oncoming_trucks.34,4.4,20.56,0
190792,oncoming_trucks.34,4.4,20.38,0
190793,oncoming_trucks.34,4.4,20.28,0
190794,oncoming_trucks.34,4.4,20.27,0
190795,oncoming_trucks.34,4.4,20.33,0
190796,oncoming_trucks.34,4.4,20.48,0
190797,oncoming_trucks.34,4.3,20.72,0
190798,oncoming_trucks.34,4.2,21.06,0
190799,oncoming_trucks.34,4.2,21.5,0
190800,oncoming_trucks.34,4.1,22.06,0
190801,oncoming_trucks.34,3.9,22.74,0
190802,oncoming_trucks.34,3.8,23.56,0
190803,oncoming_trucks.34,3.6,24.54,0
193688,oncoming_trucks.33,1.8,50.58,0
193689,oncoming_trucks.33,1.9,46.7,0
193690,oncoming_trucks.33,2.1,43.33,0
193691,oncoming_trucks.33,2.2,40.39,0
193692,oncoming_trucks.33,2.4,37.82,0
193693,oncoming_trucks.33,2.5,35.55,0
193694,oncoming_trucks.33,2.7,33.55,0
193695,oncoming_trucks.33,2.8,31.78,0
193696,oncoming_trucks.33,3.0,30.2,0
193697,oncoming_trucks.33,3.1,28.8,0
193698,oncoming_trucks.33,3.2,27.56,0
193699,oncoming_trucks.33,3.4,26.45,0
193700,oncoming_trucks.33,3.5,25.46,0
193701,oncoming_trucks.33,3.6,24.58,0
193702,oncoming_trucks.33,3.8,23.81,0
193703,oncoming_trucks.33,3.9,23.14,0
193704,oncoming_trucks.33,4.0,22.55,0
193705,oncoming_trucks.33,4.1,22.04,0
193706,oncoming_trucks.33,4.1,21.62,0
193707,oncoming_trucks.33,4.2,21.27,0
193708,oncoming_trucks.33,4.3,21.0,0
193709,oncoming_trucks.33,4.3,20.81,0
193710,oncoming_trucks.33,4.3,20.69,0
193711,oncoming_trucks.33,4.3,20.65,0
193712,oncoming_trucks.33,4.3,20.69,0
193713,oncoming_trucks.33,4.3,20.81,0
193714,oncoming_trucks.33,4.3,21.03,0
193715,oncoming_trucks.33,4.2,21.34,0
193716,oncoming_trucks.33,4.1,21.75,0
193717,oncoming_trucks.33,4.0,22.28,0
193718,oncoming_trucks.33,3.9,22.93,0
193719,oncoming_trucks.33,3.8,23.73,0
193720,oncoming_trucks.33,3.6,24.69,0
193721,oncoming_trucks.33,3.5,25.83,0
193722,oncoming_trucks.33,3.3,27.18,0
193723,oncoming_trucks.33,3.1,28.77,0
193724,oncoming_trucks.33,2.9,30.64,0
193725,oncoming_trucks.33,2.7,32.85,0
193843,oncoming_sedans.92,2.3,39.44,0
193844,oncoming_sedans.92,2.4,36.82,0
193845,oncoming_sedans.92,2.6,34.53,0
193846,oncoming_sedans.92,2.8,32.52,0
193847,oncoming_sedans.92,2.9,30.75,0
193848,oncoming_sedans.92,3.1,29.19,0
193849,oncoming_sedans.92,3.2,27.81,0
193850,oncoming_sedans.92,3.4,26.59,0
193851,oncoming_sedans.92,3.5,25.52,0
193852,oncoming_sedans.92,3.6,24.58,0
193853,oncoming_sedans.92,3.8,23.75,0
193854,oncoming_sedans.92,3.9,23.04,0
193855,oncoming_sedans.92,4.0,22.42,0
193856,oncoming_sedans.92,4.1,21.9,0
193857,oncoming_sedans.92,4.2,21.47,0
193858,oncoming_sedans.92,4.2,21.13,0
193859,oncoming_sedans.92,4.3,20.87,0
193860,oncoming_sedans.92,4.3,20.69,0
193861,oncoming_sedans.92,4.3,20.6,0
193862,oncoming_sedans.92,4.3,20.59,0
193863,oncoming_sedans.92,4.3,20.67,0
193864,oncoming_sedans.92,4.3,20.83,0
193865,oncoming_sedans.92,4.2,21.09,0
193866,oncoming_sedans.92,4.2,21.44,0
193867,oncoming_sedans.92,4.1,21.9,0
193868,oncoming_sedans.92,4.0,22.47,0
193869,oncoming_sedans.92,3.9,23.17,0
193870,oncoming_sedans.92,3.7,24.0,0
193871,oncoming_sedans.92,3.6,24.98,0
193872,oncoming_sedans.92,3.4,26.13,0
196764,oncoming_sedans.91,3.0,29.43,0
196765,oncoming_sedans.91,3.2,28.15,0
196766,oncoming_sedans.91,3.3,27.03,0
196767,oncoming_sedans.91,3.4,26.03,0
196768,oncoming_sedans.91,3.6,25.16,0
196769,oncoming_sedans.91,3.7,24.4,0
196770,oncoming_sedans.91,3.8,23.74,0
196771,oncoming_sedans.91,3.9,23.18,0
196772,oncoming_sedans.91,3.9,22.71,0
196773,oncoming_sedans.91,4.0,22.33,0
196774,oncoming_sedans.91,4.1,22.04,0
196775,oncoming_sedans.91,4.1,21.83,0
196776,oncoming_sedans.91,4.1,21.7,0
196777,oncoming_sedans.91,4.1,21.66,0
196778,oncoming_sedans.91,4.1,21.71,0
196779,oncoming_sedans.91,4.1,21.84,0
196780,oncoming_sedans.91,4.1,22.07,0
196781,oncoming_sedans.91,4.0,22.39,0
196782,oncoming_sedans.91,3.9,22.82,0
196783,oncoming_sedans.91,3.8,23.36,0
196784,oncoming_sedans.91,3.7,24.02,0
196785,oncoming_sedans.91,3.6,24.81,0
196786,oncoming_sedans.91,3.5,25.75,0
196787,oncoming_sedans.91,3.3,26.85,0
196788,oncoming_sedans.91,3.2,28.13,0
196789,oncoming_sedans.91,3.0,29.62,0
196790,oncoming_sedans.91,2.9,31.34,0
196791,oncoming_sedans.91,2.7,33.33,0
196792,oncoming_sedans.91,2.5,35.64,0
196793,oncoming_sedans.91,2.3,38.31,0
196794,oncoming_sedans.91,2.2,41.41,0
196795,oncoming_sedans.91,2.0,45.02,0
196913,oncoming_trucks.35,1.8,50.18,0
196914,oncoming_trucks.35,1.9,46.36,0
196915,oncoming_trucks.35,2.1,43.05,0
196916,oncoming_trucks.35,2.2,40.15,0
196917,oncoming_trucks.35,2.4,37.61,0
196918,oncoming_trucks.35,2.5,35.38,0
196919,oncoming_trucks.35,2.7,33.4,0
196920,oncoming_trucks.35,2.8,31.64,0
196921,oncoming_trucks.35,3.0,30.09,0
196922,oncoming_trucks.35,3.1,28.7,0
196923,oncoming_trucks.35,3.3,27.46,0
196924,oncoming_trucks.35,3.4,26.36,0
196925,oncoming_trucks.35,3.5,25.39,0
196926,oncoming_trucks.35,3.6,24.52,0
196927,oncoming_trucks.35,3.8,23.75,0
196928,oncoming_trucks.35,3.9,23.08,0
196929,oncoming_trucks.35,4.0,22.5,0
196930,oncoming_trucks.35,4.1,22.0,0
196931,oncoming_trucks.35,4.1,21.58,0
196932,oncoming_trucks.35,4.2,21.24,0
196933,oncoming_trucks.35,4.3,20.97,0
196934,oncoming_trucks.35,4.3,20.78,0
196935,oncoming_trucks.35,4.3,20.66,0
196936,oncoming_trucks.35,4.3,20.62,0
196937,oncoming_trucks.35,4.3,20.67,0
196938,oncoming_trucks.35,4.3,20.79,0
196939,oncoming_trucks.35,4.3,21.01,0
196940,oncoming_trucks.35,4.2,21.32,0
196941,oncoming_trucks.35,4.1,21.73,0
196942,oncoming_trucks.35,4.0,22.26,0
196943,oncoming_trucks.35,3.9,22.92,0
196944,oncoming_trucks.35,3.8,23.72,0
196945,oncoming_trucks.35,3.6,24.68,0
196946,oncoming_trucks.35,3.5,25.82,0
196947,oncoming_trucks.35,3.3,27.17,0
196948,oncoming_trucks.35,3.1,28.76,0
196949,oncoming_trucks.35,2.9,30.64,0
196950,oncoming_trucks.35,2.7,32.85,0
199842,oncoming_sedans.93,3.5,25.71,0
199843,oncoming_sedans.93,3.6,24.61,0
199844,oncoming_sedans.93,3.8,23.63,0
199845,oncoming_sedans.93,3.9,22.77,0
199846,oncoming_sedans.93,4.1,22.01,0
199847,oncoming_sedans.93,4.2,21.34,0
199848,oncoming_sedans.93,4.3,20.76,0
199849,oncoming_sedans.93,4.4,20.27,0
199850,oncoming_sedans.93,4.5,19.86,0
199851,oncoming_sedans.93,4.6,19.52,0
199852,oncoming_sedans.93,4.6,19.26,0
199853,oncoming_sedans.93,4.7,19.07,0
199854,oncoming_sedans.93,4.7,18.95,0
199855,oncoming_sedans.93,4.7,18.9,0
199856,oncoming_sedans.93,4.7,18.93,0
199857,oncoming_sedans.93,4.7,19.03,0
199858,oncoming_sedans.93,4.7,19.21,0
199859,oncoming_sedans.93,4.6,19.47,0
199860,oncoming_sedans.93,4.5,19.81,0
199861,oncoming_sedans.93,4.4,20.25,0
199862,oncoming_sedans.93,4.3,20.78,0
199863,oncoming_sedans.93,4.2,21.42,0
199864,oncoming_sedans.93,4.0,22.18,0
199865,oncoming_sedans.93,3.9,23.06,0
199866,oncoming_sedans.93,3.7,24.09,0
199867,oncoming_sedans.93,3.5,25.28,0
199989,oncoming_sedans.94,3.0,29.43,0
199990,oncoming_sedans.94,3.2,28.15,0
199991,oncoming_sedans.94,3.3,27.03,0
199992,oncoming_sedans.94,3.4,26.03,0
199993,oncoming_sedans.94,3.6,25.16,0
199994,oncoming_sedans.94,3.7,24.4,0
199995,oncoming_sedans.94,3.8,23.74,0
199996,oncoming_sedans.94,3.9,23.18,0
199997,oncoming_sedans.94,3.9,22.71,0
199998,oncoming_sedans.94,4.0,22.33,0
199999,oncoming_sedans.94,4.1,22.04,0
200000,oncoming_sedans.94,4.1,21.83,0
200001,oncoming_sedans.94,4.1,21.7,0
200002,oncoming_sedans.94,4.1,21.66,0
200003,oncoming_sedans.94,4.1,21.71,0
200004,oncoming_sedans.94,4.1,21.84,0
200005,oncoming_sedans.94,4.1,22.07,0
200006,oncoming_sedans.94,4.0,22.39,0
200007,oncoming_sedans.94,3.9,22.82,0
200008,oncoming_sedans.94,3.8,23.36,0
200009,oncoming_sedans.94,3.7,24.02,0
200010,oncoming_sedans.94,3.6,24.81,0
200011,oncoming_sedans.94,3.5,25.75,0
200012,oncoming_sedans.94,3.3,26.85,0
200013,oncoming_sedans.94,3.2,28.13,0
200014,oncoming_sedans.94,3.0,29.62,0
200015,oncoming_sedans.94,2.9,31.34,0
200016,oncoming_sedans.94,2.7,33.33,0
200017,oncoming_sedans.94,2.5,35.64,0
200018,oncoming_sedans.94,2.3,38.31,0
200019,oncoming_sedans.94,2.2,41.41,0
200020,oncoming_sedans.94,2.0,45.02,0
202906,oncoming_sedans.96,2.1,43.31,0
202907,oncoming_sedans.96,2.2,40.22,0
202908,oncoming_sedans.96,2.4,37.52,0
202909,oncoming_sedans.96,2.5,35.16,0
202910,oncoming_sedans.96,2.7,33.1,0
202911,oncoming_sedans.96,2.9,31.28,0
202912,oncoming_sedans.96,3.0,29.69,0
202913,oncoming_sedans.96,3.2,28.29,0
202914,oncoming_sedans.96,3.3,27.07,0
202915,oncoming_sedans.96,3.4,26.0,0
202916,oncoming_sedans.96,3.6,25.08,0
202917,oncoming_sedans.96,3.7,24.28,0
202918,oncoming_sedans.96,3.8,23.61,0
202919,oncoming_sedans.96,3.9,23.04,0
202920,oncoming_sedans.96,4.0,22.58,0
202921,oncoming_sedans.96,4.0,22.22,0
202922,oncoming_sedans.96,4.1,21.96,0
202923,oncoming_sedans.96,4.1,21.79,0
202924,oncoming_sedans.96,4.1,21.71,0
202925,oncoming_sedans.96,4.1,21.73,0
202926,oncoming_sedans.96,4.1,21.83,0
202927,oncoming_sedans.96,4.1,22.03,0
202928,oncoming_sedans.96,4.0,22.33,0
202929,oncoming_sedans.96,3.9,22.73,0
202930,oncoming_sedans.96,3.9,23.24,0
202931,oncoming_sedans.96,3.8,23.85,0
202932,oncoming_sedans.96,3.6,24.59,0
202933,oncoming_sedans.96,3.5,25.46,0
202934,oncoming_sedans.96,3.4,26.46,0
202935,oncoming_sedans.96,3.2,27.62,0
202936,oncoming_sedans.96,3.1,28.95,0
202937,oncoming_sedans.96,2.9,30.46,0
203071,school_buses.7,3.1,28.82,0
203072,school_buses.7,3.3,27.48,0
203073,school_buses.7,3.4,26.27,0
203074,school_buses.7,3.6,25.19,0
203075,school_buses.7,3.7,24.21,0
203076,school_buses.7,3.8,23.34,0
203077,school_buses.7,4.0,22.56,0
203078,school_buses.7,4.1,21.86,0
203079,school_buses.7,4.2,21.25,0
203080,school_buses.7,4.3,20.7,0
203081,school_buses.7,4.4,20.22,0
203082,school_buses.7,4.5,19.82,0
203083,school_buses.7,4.6,19.47,0
203084,school_buses.7,4.7,19.19,0
203085,school_buses.7,4.7,18.97,0
203086,school_buses.7,4.8,18.81,0
203087,school_buses.7,4.8,18.72,0
203088,school_buses.7,4.8,18.69,0
203089,school_buses.7,4.8,18.73,0
203090,school_buses.7,4.7,18.84,0
203091,school_buses.7,4.7,19.03,0
203092,school_buses.7,4.6,19.3,0
203093,school_buses.7,4.6,19.66,0
203094,school_buses.7,4.4,20.13,0
203095,school_buses.7,4.3,20.7,0
203096,school_buses.7,4.2,21.4,0
203097,school_buses.7,4.0,22.24,0
203098,school_buses.7,3.9,23.24,0
203099,school_buses.7,3.7,24.42,0
203100,school_buses.7,3.5,25.82,0
203101,school_buses.7,3.3,27.46,0
203102,school_buses.7,3.0,29.39,0
203103,school_buses.7,2.8,31.67,0
203104,school_buses.7,2.6,34.37,0
203105,school_buses.7,2.4,37.58,0
203106,school_buses.7,2.2,41.41,0
203107,school_buses.7,1.9,46.03,0
203108,school_buses.7,1.7,51.63,0
203109,school_buses.7,1.5,58.51,0
203110,school_buses.7,1.3,67.07,0
203111,school_buses.7,1.1,77.92,0
203112,school_buses.7,1.0,91.91,0
203113,school_buses.7,0.8,110.46,0
203114,school_buses.7,0.7,135.89,0
203115,school_buses.7,0.5,172.46,0
203116,school_buses.7,0.4,228.71,0
203117,school_buses.7,0.3,324.78,0
205988,oncoming_trucks.36,2.3,39.49,0
205989,oncoming_trucks.36,2.4,36.71,0
205990,oncoming_trucks.36,2.6,34.27,0
205991,oncoming_trucks.36,2.8,32.14,0
205992,oncoming_trucks.36,3.0,30.26,0
205993,oncoming_trucks.36,3.1,28.6,0
205994,oncoming_trucks.36,3.3,27.14,0
205995,oncoming_trucks.36,3.5,25.83,0
205996,oncoming_trucks.36,3.6,24.68,0
205997,oncoming_trucks.36,3.8,23.65,0
205998,oncoming_trucks.36,3.9,22.74,0
205999,oncoming_trucks.36,4.1,21.93,0
206000,oncoming_trucks.36,4.2,21.22,0
206001,oncoming_trucks.36,4.3,20.6,0
206002,oncoming_trucks.36,4.5,20.05,0
206003,oncoming_trucks.36,4.6,19.59,0
206004,oncoming_trucks.36,4.7,19.19,0
206005,oncoming_trucks.36,4.7,18.87,0
206006,oncoming_trucks.36,4.8,18.61,0
206007,oncoming_trucks.36,4.9,18.42,0
206008,oncoming_trucks.36,4.9,18.3,0
206009,oncoming_trucks.36,4.9,18.24,0
206010,oncoming_trucks.36,4.9,18.26,0
206011,oncoming_trucks.36,4.9,18.34,0
206012,oncoming_trucks.36,4.8,18.5,0
206013,oncoming_trucks.36,4.8,18.75,0
206014,oncoming_trucks.36,4.7,19.08,0
206015,oncoming_trucks.36,4.6,19.5,0
206016,oncoming_trucks.36,4.5,20.02,0
206017,oncoming_trucks.36,4.3,20.66,0
206018,oncoming_trucks.36,4.2,21.43,0
206019,oncoming_trucks.36,4.0,22.34,0
206020,oncoming_trucks.36,3.8,23.41,0
206113,school_buses.7,0.3,300.55,0
206114,school_buses.7,0.4,231.76,0
206115,school_buses.7,0.5,184.88,0
206116,school_buses.7,0.6,151.48,0
206117,school_buses.7,0.7,126.81,0
206118,school_buses.7,0.8,108.06,0
206119,school_buses.7,1.0,93.47,0
206120,school_buses.7,1.1,81.89,0
206121,school_buses.7,1.2,72.53,0
206122,school_buses.7,1.4,64.87,0
206123,school_buses.7,1.5,58.51,0
206124,school_buses.7,1.7,53.18,0
206125,school_buses.7,1.8,48.67,0
206126,school_buses.7,2.0,44.81,0
206127,school_buses.7,2.2,41.5,0
206128,school_buses.7,2.3,38.63,0
206129,school_buses.7,2.5,36.14,0
206130,school_buses.7,2.6,33.97,0
206131,school_buses.7,2.8,32.06,0
206132,school_buses.7,2.9,30.38,0
206133,school_buses.7,3.1,28.91,0
206134,school_buses.7,3.2,27.61,0
206135,school_buses.7,3.4,26.46,0
206136,school_buses.7,3.5,25.45,0
206137,school_buses.7,3.6,24.57,0
206138,school_buses.7,3.8,23.79,0
206139,school_buses.7,3.9,23.12,0
206140,school_buses.7,4.0,22.55,0
206141,school_buses.7,4.1,22.07,0
206142,school_buses.7,4.1,21.67,0
206143,school_buses.7,4.2,21.36,0
206144,school_buses.7,4.2,21.13,0
206145,school_buses.7,4.3,20.98,0
206146,school_buses.7,4.3,20.9,0
206147,school_buses.7,4.3,20.92,0
206148,school_buses.7,4.3,21.01,0
206149,school_buses.7,4.2,21.2,0
206150,school_buses.7,4.2,21.48,0
206151,school_buses.7,4.1,21.87,0
206152,school_buses.7,4.0,22.36,0
206153,school_buses.7,3.9,22.98,0
206154,school_buses.7,3.8,23.73,0
206155,school_buses.7,3.6,24.63,0
209061,oncoming_sedans.95,2.1,42.54,0
209062,oncoming_sedans.95,2.3,39.53,0
209063,oncoming_sedans.95,2.4,36.9,0
209064,oncoming_sedans.95,2.6,34.6,0
209065,oncoming_sedans.95,2.7,32.58,0
209066,oncoming_sedans.95,2.9,30.8,0
209067,oncoming_sedans.95,3.1,29.23,0
209068,oncoming_sedans.95,3.2,27.85,0
209069,oncoming_sedans.95,3.4,26.63,0
209070,oncoming_sedans.95,3.5,25.55,0
209071,oncoming_sedans.95,3.6,24.61,0
209072,oncoming_sedans.95,3.8,23.78,0
209073,oncoming_sedans.95,3.9,23.06,0
209074,oncoming_sedans.95,4.0,22.45,0
209075,oncoming_sedans.95,4.1,21.93,0
209076,oncoming_sedans.95,4.2,21.5,0
209077,oncoming_sedans.95,4.2,21.15,0
209078,oncoming_sedans.95,4.3,20.89,0
209079,oncoming_sedans.95,4.3,20.72,0
209080,oncoming_sedans.95,4.3,20.62,0
209081,oncoming_sedans.95,4.3,20.61,0
209082,oncoming_sedans.95,4.3,20.69,0
209083,oncoming_sedans.95,4.3,20.85,0
209084,oncoming_sedans.95,4.2,21.11,0
209085,oncoming_sedans.95,4.2,21.46,0
209086,oncoming_sedans.95,4.1,21.92,0
209087,oncoming_sedans.95,4.0,22.5,0
209088,oncoming_sedans.95,3.9,23.19,0
209089,oncoming_sedans.95,3.7,24.03,0
209090,oncoming_sedans.95,3.6,25.01,0
209091,oncoming_sedans.95,3.4,26.16,0
209203,oncoming_sedans.97,2.1,41.72,0
209204,oncoming_sedans.97,2.3,38.53,0
209205,oncoming_sedans.97,2.5,35.77,0
209206,oncoming_sedans.97,2.7,33.37,0
209207,oncoming_sedans.97,2.9,31.28,0
209208,oncoming_sedans.97,3.0,29.44,0
209209,oncoming_sedans.97,3.2,27.82,0
209210,oncoming_sedans.97,3.4,26.39,0
209211,oncoming_sedans.97,3.6,25.13,0
209212,oncoming_sedans.97,3.7,24.02,0
209213,oncoming_sedans.97,3.9,23.03,0
209214,oncoming_sedans.97,4.0,22.17,0
209215,oncoming_sedans.97,4.2,21.41,0
209216,oncoming_sedans.97,4.3,20.75,0
209217,oncoming_sedans.97,4.4,20.17,0
209218,oncoming_sedans.97,4.5,19.68,0
209219,oncoming_sedans.97,4.6,19.27,0
209220,oncoming_sedans.97,4.7,18.93,0
209221,oncoming_sedans.97,4.8,18.66,0
209222,oncoming_sedans.97,4.8,18.47,0
209223,oncoming_sedans.97,4.9,18.34,0
209224,oncoming_sedans.97,4.9,18.29,0
209225,oncoming_sedans.97,4.9,18.31,0
209226,oncoming_sedans.97,4.9,18.4,0
209227,oncoming_sedans.97,4.8,18.57,0
209228,oncoming_sedans.97,4.8,18.82,0
209229,oncoming_sedans.97,4.7,19.15,0
209230,oncoming_sedans.97,4.6,19.58,0
209260,oncoming_trucks.37,2.1,41.79,0
209261,oncoming_trucks.37,1.9,46.38,0
209262,oncoming_trucks.37,1.7,51.94,0
209263,oncoming_trucks.37,1.5,58.73,0
209264,oncoming_trucks.37,1.3,67.12,0
209265,oncoming_trucks.37,1.2,77.67,0
209266,oncoming_trucks.37,1.0,91.18,0
209267,oncoming_trucks.37,0.8,108.88,0
209268,oncoming_trucks.37,0.7,132.76,0
209269,oncoming_trucks.37,0.5,166.34,0
209270,oncoming_trucks.37,0.4,216.28,0
209271,oncoming_trucks.37,0.3,297.13,0
212129,oncoming_sedans.98,2.1,43.0,0
212130,oncoming_sedans.98,2.2,40.02,0
212131,oncoming_sedans.98,2.4,37.4,0
212132,oncoming_sedans.98,2.5,35.1,0
212133,oncoming_sedans.98,2.7,33.07,0
212134,oncoming_sedans.98,2.9,31.29,0
212135,oncoming_sedans.98,3.0,29.71,0
212136,oncoming_sedans.98,3.2,28.31,0
212137,oncoming_sedans.98,3.3,27.08,0
212138,oncoming_sedans.98,3.4,26.0,0
212139,oncoming_sedans.98,3.6,25.05,0
212140,oncoming_sedans.98,3.7,24.21,0
212141,oncoming_sedans.98,3.8,23.49,0
212142,oncoming_sedans.98,3.9,22.88,0
212143,oncoming_sedans.98,4.0,22.35,0
212144,oncoming_sedans.98,4.1,21.93,0
212145,oncoming_sedans.98,4.1,21.58,0
212146,oncoming_sedans.98,4.2,21.33,0
212147,oncoming_sedans.98,4.2,21.16,0
212148,oncoming_sedans.98,4.2,21.07,0
212149,oncoming_sedans.98,4.2,21.07,0
212150,oncoming_sedans.98,4.2,21.15,0
212151,oncoming_sedans.98,4.2,21.32,0
212152,oncoming_sedans.98,4.1,21.58,0
212153,oncoming_sedans.98,4.1,21.94,0
212154,oncoming_sedans.98,4.0,22.4,0
212155,oncoming_sedans.98,3.9,22.97,0
212156,oncoming_sedans.98,3.8,23.66,0
212157,oncoming_sedans.98,3.7,24.48,0
212158,oncoming_sedans.98,3.5,25.44,0
212159,oncoming_sedans.98,3.4,26.56,0
212266,oncoming_trucks.37,0.2,376.33,0
212267,oncoming_trucks.37,0.3,281.5,0
212268,oncoming_trucks.37,0.4,219.32,0
212269,oncoming_trucks.37,0.5,176.31,0
212270,oncoming_trucks.37,0.6,145.31,0
212271,oncoming_trucks.37,0.7,122.2,0
212272,oncoming_trucks.37,0.9,104.51,0
212273,oncoming_trucks.37,1.0,90.66,0
212274,oncoming_trucks.37,1.1,79.6,0
212275,oncoming_trucks.37,1.3,70.64,0
212276,oncoming_trucks.37,1.4,63.26,0
212277,oncoming_trucks.37,1.6,57.13,0
212278,oncoming_trucks.37,1.7,51.97,0
212279,oncoming_trucks.37,1.9,47.59,0
212280,oncoming_trucks.37,2.0,43.85,0
212281,oncoming_trucks.37,2.2,40.62,0
212282,oncoming_trucks.37,2.4,37.83,0
212283,oncoming_trucks.37,2.5,35.41,0
212284,oncoming_trucks.37,2.7,33.28,0
212285,oncoming_trucks.37,2.8,31.43,0
212286,oncoming_trucks.37,3.0,29.79,0
212287,oncoming_trucks.37,3.2,28.36,0
212288,oncoming_trucks.37,3.3,27.09,0
212289,oncoming_trucks.37,3.4,25.98,0
212290,oncoming_trucks.37,3.6,25.01,0
212291,oncoming_trucks.37,3.7,24.16,0
212292,oncoming_trucks.37,3.8,23.42,0
212293,oncoming_trucks.37,3.9,22.78,0
212294,oncoming_trucks.37,4.0,22.25,0
212295,oncoming_trucks.37,4.1,21.8,0
212296,oncoming_trucks.37,4.2,21.44,0
212297,oncoming_trucks.37,4.2,21.17,0
212298,oncoming_trucks.37,4.3,20.99,0
212299,oncoming_trucks.37,4.3,20.88,0
212300,oncoming_trucks.37,4.3,20.86,0
212301,oncoming_trucks.37,4.3,20.93,0
212302,oncoming_trucks.37,4.2,21.09,0
212303,oncoming_trucks.37,4.2,21.34,0
212304,oncoming_trucks.37,4.1,21.7,0
212305,oncoming_trucks.37,4.0,22.16,0
212306,oncoming_trucks.37,3.9,22.74,0
212307,oncoming_trucks.37,3.8,23.46,0
212308,oncoming_trucks.37,3.7,24.32,0
215197,oncoming_sedans.99,2.2,40.17,0
215198,oncoming_sedans.99,2.4,37.48,0
215199,oncoming_sedans.99,2.5,35.13,0
215200,oncoming_sedans.99,2.7,33.07,0
215201,oncoming_sedans.99,2.9,31.26,0
215202,oncoming_sedans.99,3.0,29.67,0
215203,oncoming_sedans.99,3.2,28.27,0
215204,oncoming_sedans.99,3.3,27.05,0
215205,oncoming_sedans.99,3.4,25.98,0
215206,oncoming_sedans.99,3.6,25.06,0
215207,oncoming_sedans.99,3.7,24.27,0
215208,oncoming_sedans.99,3.8,23.59,0
215209,oncoming_sedans.99,3.9,23.03,0
215210,oncoming_sedans.99,4.0,22.57,0
215211,oncoming_sedans.99,4.0,22.21,0
215212,oncoming_sedans.99,4.1,21.94,0
215213,oncoming_sedans.99,4.1,21.77,0
215214,oncoming_sedans.99,4.1,21.7,0
215215,oncoming_sedans.99,4.1,21.71,0
215216,oncoming_sedans.99,4.1,21.81,0
215217,oncoming_sedans.99,4.1,22.01,0
215218,oncoming_sedans.99,4.0,22.31,0
215219,oncoming_sedans.99,3.9,22.71,0
215220,oncoming_sedans.99,3.9,23.21,0
215221,oncoming_sedans.99,3.8,23.83,0
215222,oncoming_sedans.99,3.6,24.56,0
215223,oncoming_sedans.99,3.5,25.42,0
215224,oncoming_sedans.99,3.4,26.43,0
215225,oncoming_sedans.99,3.2,27.58,0
215226,oncoming_sedans.99,3.1,28.91,0
215227,oncoming_sedans.99,2.9,30.42,0
215356,oncoming_sedans.101,2.2,40.01,0
215357,oncoming_sedans.101,2.4,36.63,0
215358,oncoming_sedans.101,2.7,33.7,0
215359,oncoming_sedans.101,2.9,31.16,0
215360,oncoming_sedans.101,3.1,28.94,0
215361,oncoming_sedans.101,3.3,26.98,0
215362,oncoming_sedans.101,3.5,25.25,0
215363,oncoming_sedans.101,3.8,23.71,0
215364,oncoming_sedans.101,4.0,22.34,0
215365,oncoming_sedans.101,4.2,21.12,0
215366,oncoming_sedans.101,4.5,20.02,0
215367,oncoming_sedans.101,4.7,19.03,0
215368,oncoming_sedans.101,4.9,18.14,0
215369,oncoming_sedans.101,5.2,17.34,0
215370,oncoming_sedans.101,5.4,16.61,0
215371,oncoming_sedans.101,5.6,15.96,0
215372,oncoming_sedans.101,5.8,15.36,0
215373,oncoming_sedans.101,6.0,14.83,0
215374,oncoming_sedans.101,6.2,14.35,0
215375,oncoming_sedans.101,6.4,13.91,0
215376,oncoming_sedans.101,6.6,13.52,0
215377,oncoming_sedans.101,6.8,13.18,0
215378,oncoming_sedans.101,7.0,12.87,0
215379,oncoming_sedans.101,7.1,12.6,0
215403,oncoming_trucks.38,7.4,12.15,0
215404,oncoming_trucks.38,7.4,12.12,0
215405,oncoming_trucks.38,7.4,12.12,0
215406,oncoming_trucks.38,7.4,12.15,0
215407,oncoming_trucks.38,7.3,12.23,0
215408,oncoming_trucks.38,7.2,12.35,0
215409,oncoming_trucks.38,7.2,12.51,0
215410,oncoming_trucks.38,7.0,12.73,0
215411,oncoming_trucks.38,6.9,13.0,0
215412,oncoming_trucks.38,6.7,13.34,0
215413,oncoming_trucks.38,6.5,13.74,0
215414,oncoming_trucks.38,6.3,14.22,0
215415,oncoming_trucks.38,6.0,14.79,0
215416,oncoming_trucks.38,5.8,15.46,0
215417,oncoming_trucks.38,5.5,16.24,0
215418,oncoming_trucks.38,5.2,17.15,0
215419,oncoming_trucks.38,4.9,18.21,0
215420,oncoming_trucks.38,4.6,19.44,0
215421,oncoming_trucks.38,4.3,20.88,0
215422,oncoming_trucks.38,4.0,22.55,0
215423,oncoming_trucks.38,3.7,24.51,0
215424,oncoming_trucks.38,3.3,26.82,0
218275,oncoming_sedans.100,2.7,33.63,0
218276,oncoming_sedans.100,2.9,31.31,0
218277,oncoming_sedans.100,3.1,29.29,0
218278,oncoming_sedans.100,3.3,27.53,0
218279,oncoming_sedans.100,3.4,25.99,0
218280,oncoming_sedans.100,3.6,24.64,0
218281,oncoming_sedans.100,3.8,23.47,0
218282,oncoming_sedans.100,4.0,22.44,0
218283,oncoming_sedans.100,4.2,21.55,0
218284,oncoming_sedans.100,4.3,20.78,0
218285,oncoming_sedans.100,4.4,20.12,0
218286,oncoming_sedans.100,4.6,19.57,0
218287,oncoming_sedans.100,4.7,19.11,0
218288,oncoming_sedans.100,4.8,18.74,0
218289,oncoming_sedans.100,4.8,18.45,0
218290,oncoming_sedans.100,4.9,18.25,0
218291,oncoming_sedans.100,4.9,18.13,0
218292,oncoming_sedans.100,4.9,18.09,0
218293,oncoming_sedans.100,4.9,18.13,0
218294,oncoming_sedans.100,4.9,18.25,0
218295,oncoming_sedans.100,4.8,18.46,0
218296,oncoming_sedans.100,4.8,18.75,0
218297,oncoming_sedans.100,4.7,19.13,0
218298,oncoming_sedans.100,4.6,19.61,0
218299,oncoming_sedans.100,4.4,20.19,0
218300,oncoming_sedans.100,4.3,20.87,0
218462,oncoming_sedans.103,3.0,29.94,0
218463,oncoming_sedans.103,3.1,28.61,0
218464,oncoming_sedans.103,3.3,27.44,0
218465,oncoming_sedans.103,3.4,26.41,0
218466,oncoming_sedans.103,3.5,25.5,0
218467,oncoming_sedans.103,3.6,24.71,0
218468,oncoming_sedans.103,3.7,24.02,0
218469,oncoming_sedans.103,3.8,23.44,0
218470,oncoming_sedans.103,3.9,22.95,0
218471,oncoming_sedans.103,4.0,22.55,0
218472,oncoming_sedans.103,4.0,22.24,0
218473,oncoming_sedans.103,4.1,22.02,0
218474,oncoming_sedans.103,4.1,21.88,0
218475,oncoming_sedans.103,4.1,21.83,0
218476,oncoming_sedans.103,4.1,21.86,0
218477,oncoming_sedans.103,4.1,21.99,0
218478,oncoming_sedans.103,4.0,22.21,0
218479,oncoming_sedans.103,4.0,22.53,0
218480,oncoming_sedans.103,3.9,22.95,0
218481,oncoming_sedans.103,3.8,23.48,0
218482,oncoming_sedans.103,3.7,24.14,0
218483,oncoming_sedans.103,3.6,24.93,0
218484,oncoming_sedans.103,3.5,25.86,0
218485,oncoming_sedans.103,3.3,26.96,0
218486,oncoming_sedans.103,3.2,28.24,0
218487,oncoming_sedans.103,3.0,29.73,0
218488,oncoming_sedans.103,2.8,31.45,0
218489,oncoming_sedans.103,2.7,33.45,0
218490,oncoming_sedans.103,2.5,35.75,0
218491,oncoming_sedans.103,2.3,38.43,0
218492,oncoming_sedans.103,2.2,41.53,0
218493,oncoming_sedans.103,2.0,45.15,0
221329,oncoming_sedans.102,0.2,374.8,0
221330,oncoming_sedans.102,0.3,292.63,0
221331,oncoming_sedans.102,0.4,233.89,0
221332,oncoming_sedans.102,0.5,190.66,0
221333,oncoming_sedans.102,0.6,158.06,0
221334,oncoming_sedans.102,0.7,132.99,0
221335,oncoming_sedans.102,0.8,113.35,0
221336,oncoming_sedans.102,0.9,97.74,0
221337,oncoming_sedans.102,1.1,85.16,0
221338,oncoming_sedans.102,1.2,74.9,0
221339,oncoming_sedans.102,1.3,66.45,0
221340,oncoming_sedans.102,1.5,59.42,0
221341,oncoming_sedans.102,1.7,53.53,0
221342,oncoming_sedans.102,1.8,48.55,0
221343,oncoming_sedans.102,2.0,44.32,0
221344,oncoming_sedans.102,2.2,40.7,0
221345,oncoming_sedans.102,2.4,37.59,0
221346,oncoming_sedans.102,2.6,34.9,0
221347,oncoming_sedans.102,2.7,32.58,0
221348,oncoming_sedans.102,2.9,30.56,0
221349,oncoming_sedans.102,3.1,28.81,0
221350,oncoming_sedans.102,3.3,27.29,0
221351,oncoming_sedans.102,3.4,25.96,0
221352,oncoming_sedans.102,3.6,24.81,0
221353,oncoming_sedans.102,3.8,23.82,0
221354,oncoming_sedans.102,3.9,22.98,0
221355,oncoming_sedans.102,4.0,22.26,0
221356,oncoming_sedans.102,4.1,21.66,0
221357,oncoming_sedans.102,4.2,21.16,0
221358,oncoming_sedans.102,4.3,20.78,0
221359,oncoming_sedans.102,4.4,20.49,0
221360,oncoming_sedans.102,4.4,20.3,0
221361,oncoming_sedans.102,4.4,20.2,0
221362,oncoming_sedans.102,4.4,20.19,0
221363,oncoming_sedans.102,4.4,20.27,0
221364,oncoming_sedans.102,4.4,20.45,0
221365,oncoming_sedans.102,4.3,20.73,0
221366,oncoming_sedans.102,4.2,21.11,0
221367,oncoming_sedans.102,4.1,21.59,0
221368,oncoming_sedans.102,4.0,22.18,0
221538,oncoming_sedans.105,3.5,25.76,0
221539,oncoming_sedans.105,3.6,24.65,0
221540,oncoming_sedans.105,3.8,23.66,0
221541,oncoming_sedans.105,3.9,22.8,0
221542,oncoming_sedans.105,4.1,22.03,0
221543,oncoming_sedans.105,4.2,21.36,0
221544,oncoming_sedans.105,4.3,20.78,0
221545,oncoming_sedans.105,4.4,20.29,0
221546,oncoming_sedans.105,4.5,19.87,0
221547,oncoming_sedans.105,4.6,19.53,0
221548,oncoming_sedans.105,4.6,19.26,0
221549,oncoming_sedans.105,4.7,19.07,0
221550,oncoming_sedans.105,4.7,18.95,0
221551,oncoming_sedans.105,4.7,18.9,0
221552,oncoming_sedans.105,4.7,18.92,0
221553,oncoming_sedans.105,4.7,19.02,0
221554,oncoming_sedans.105,4.7,19.2,0
221555,oncoming_sedans.105,4.6,19.45,0
221556,oncoming_sedans.105,4.5,19.79,0
221557,oncoming_sedans.105,4.4,20.23,0
221558,oncoming_sedans.105,4.3,20.76,0
221559,oncoming_sedans.105,4.2,21.39,0
221560,oncoming_sedans.105,4.0,22.15,0
221561,oncoming_sedans.105,3.9,23.03,0
221562,oncoming_sedans.105,3.7,24.05,0
221563,oncoming_sedans.105,3.5,25.23,0
224397,oncoming_sedans.104,0.2,371.75,0
224398,oncoming_sedans.104,0.3,290.78,0
224399,oncoming_sedans.104,0.4,232.73,0
224400,oncoming_sedans.104,0.5,189.91,0
224401,oncoming_sedans.104,0.6,157.57,0
224402,oncoming_sedans.104,0.7,132.65,0
224403,oncoming_sedans.104,0.8,113.12,0
224404,oncoming_sedans.104,0.9,97.58,0
224405,oncoming_sedans.104,1.1,85.04,0
224406,oncoming_sedans.104,1.2,74.82,0
224407,oncoming_sedans.104,1.3,66.39,0
224408,oncoming_sedans.104,1.5,59.38,0
224409,oncoming_sedans.104,1.7,53.5,0
224410,oncoming_sedans.104,1.8,48.53,0
224411,oncoming_sedans.104,2.0,44.3,0
224412,oncoming_sedans.104,2.2,40.68,0
224413,oncoming_sedans.104,2.4,37.58,0
224414,oncoming_sedans.104,2.6,34.89,0
224415,oncoming_sedans.104,2.7,32.57,0
224416,oncoming_sedans.104,2.9,30.56,0
224417,oncoming_sedans.104,3.1,28.81,0
224418,oncoming_sedans.104,3.3,27.28,0
224419,oncoming_sedans.104,3.4,25.96,0
224420,oncoming_sedans.104,3.6,24.81,0
224421,oncoming_sedans.104,3.8,23.82,0
224422,oncoming_sedans.104,3.9,22.98,0
224423,oncoming_sedans.104,4.0,22.26,0
224424,oncoming_sedans.104,4.1,21.66,0
224425,oncoming_sedans.104,4.2,21.17,0
224426,oncoming_sedans.104,4.3,20.78,0
224427,oncoming_sedans.104,4.4,20.49,0
224428,oncoming_sedans.104,4.4,20.3,0
224429,oncoming_sedans.104,4.4,20.2,0
224430,oncoming_sedans.104,4.4,20.19,0
224431,oncoming_sedans.104,4.4,20.28,0
224432,oncoming_sedans.104,4.4,20.46,0
224433,oncoming_sedans.104,4.3,20.73,0
224434,oncoming_sedans.104,4.2,21.11,0
224435,oncoming_sedans.104,4.1,21.59,0
224436,oncoming_sedans.104,4.0,22.18,0
224472,oncoming_trucks.39,0.9,94.84,0
224473,oncoming_trucks.39,0.8,111.43,0
224474,oncoming_trucks.39,0.7,133.22,0
224475,oncoming_trucks.39,0.5,162.78,0
224476,oncoming_trucks.39,0.4,204.68,0
224477,oncoming_trucks.39,0.3,267.84,0
224478,oncoming_trucks.39,0.2,372.29,0
224602,oncoming_sedans.106,2.1,43.31,0
224603,oncoming_sedans.106,2.2,40.22,0
224604,oncoming_sedans.106,2.4,37.52,0
224605,oncoming_sedans.106,2.5,35.16,0
224606,oncoming_sedans.106,2.7,33.1,0
224607,oncoming_sedans.106,2.9,31.28,0
224608,oncoming_sedans.106,3.0,29.69,0
224609,oncoming_sedans.106,3.2,28.29,0
224610,oncoming_sedans.106,3.3,27.07,0
224611,oncoming_sedans.106,3.4,26.0,0
224612,oncoming_sedans.106,3.6,25.08,0
224613,oncoming_sedans.106,3.7,24.28,0
224614,oncoming_sedans.106,3.8,23.61,0
224615,oncoming_sedans.106,3.9,23.04,0
224616,oncoming_sedans.106,4.0,22.58,0
224617,oncoming_sedans.106,4.0,22.23,0
224618,oncoming_sedans.106,4.1,21.96,0
224619,oncoming_sedans.106,4.1,21.79,0
224620,oncoming_sedans.106,4.1,21.71,0
224621,oncoming_sedans.106,4.1,21.73,0
224622,oncoming_sedans.106,4.1,21.83,0
224623,oncoming_sedans.106,4.1,22.03,0
224624,oncoming_sedans.106,4.0,22.33,0
224625,oncoming_sedans.106,3.9,22.73,0
224626,oncoming_sedans.106,3.9,23.24,0
224627,oncoming_sedans.106,3.8,23.85,0
224628,oncoming_sedans.106,3.6,24.59,0
224629,oncoming_sedans.106,3.5,25.46,0
224630,oncoming_sedans.106,3.4,26.46,0
224631,oncoming_sedans.106,3.2,27.62,0
224632,oncoming_sedans.106,3.1,28.95,0
224633,oncoming_sedans.106,2.9,30.46,0
227470,oncoming_trucks.39,0.2,386.63,0
227471,oncoming_trucks.39,0.3,289.85,0
227472,oncoming_trucks.39,0.4,225.97,0
227473,oncoming_trucks.39,0.5,181.6,0
227474,oncoming_trucks.39,0.6,149.53,0
227475,oncoming_trucks.39,0.7,125.59,0
227476,oncoming_trucks.39,0.8,107.24,0
227477,oncoming_trucks.39,1.0,92.88,0
227478,oncoming_trucks.39,1.1,81.42,0
227479,oncoming_trucks.39,1.2,72.13,0
227480,oncoming_trucks.39,1.4,64.5,0
227481,oncoming_trucks.39,1.5,58.16,0
227482,oncoming_trucks.39,1.7,52.84,0
227483,oncoming_trucks.39,1.9,48.32,0
227484,oncoming_trucks.39,2.0,44.46,0
227485,oncoming_trucks.39,2.2,41.14,0
227486,oncoming_trucks.39,2.3,38.27,0
227487,oncoming_trucks.39,2.5,35.77,0
227488,oncoming_trucks.39,2.7,33.58,0
227489,oncoming_trucks.39,2.8,31.67,0
227490,oncoming_trucks.39,3.0,29.98,0
227491,oncoming_trucks.39,3.1,28.5,0
227492,oncoming_trucks.39,3.3,27.18,0
227493,oncoming_trucks.39,3.4,26.03,0
227494,oncoming_trucks.39,3.6,25.01,0
227495,oncoming_trucks.39,3.7,24.11,0
227496,oncoming_trucks.39,3.8,23.32,0
227497,oncoming_trucks.39,4.0,22.64,0
227498,oncoming_trucks.39,4.1,22.05,0
227499,oncoming_trucks.39,4.2,21.56,0
227500,oncoming_trucks.39,4.2,21.14,0
227501,oncoming_trucks.39,4.3,20.81,0
227502,oncoming_trucks.39,4.4,20.56,0
227503,oncoming_trucks.39,4.4,20.38,0
227504,oncoming_trucks.39,4.4,20.28,0
227505,oncoming_trucks.39,4.4,20.27,0
227506,oncoming_trucks.39,4.4,20.33,0
227507,oncoming_trucks.39,4.4,20.48,0
227508,oncoming_trucks.39,4.3,20.72,0
227509,oncoming_trucks.39,4.2,21.06,0
227510,oncoming_trucks.39,4.2,21.5,0
227511,oncoming_trucks.39,4.1,22.06,0
227512,oncoming_trucks.39,3.9,22.74,0
227513,oncoming_trucks.39,3.8,23.56,0
227514,oncoming_trucks.39,3.6,24.54,0
227681,oncoming_sedans.107,2.7,33.63,0
227682,oncoming_sedans.107,2.9,31.31,0
227683,oncoming_sedans.107,3.1,29.29,0
227684,oncoming_sedans.107,3.3,27.53,0
227685,oncoming_sedans.107,3.4,25.99,0
227686,oncoming_sedans.107,3.6,24.64,0
227687,oncoming_sedans.107,3.8,23.47,0
227688,oncoming_sedans.107,4.0,22.44,0
227689,oncoming_sedans.107,4.2,21.55,0
227690,oncoming_sedans.107,4.3,20.78,0
227691,oncoming_sedans.107,4.4,20.12,0
227692,oncoming_sedans.107,4.6,19.57,0
227693,oncoming_sedans.107,4.7,19.11,0
227694,oncoming_sedans.107,4.8,18.73,0
227695,oncoming_sedans.107,4.8,18.45,0
227696,oncoming_sedans.107,4.9,18.25,0
227697,oncoming_sedans.107,4.9,18.13,0
227698,oncoming_sedans.107,4.9,18.09,0
227699,oncoming_sedans.107,4.9,18.13,0
227700,oncoming_sedans.107,4.9,18.25,0
227701,oncoming_sedans.107,4.8,18.46,0
227702,oncoming_sedans.107,4.8,18.75,0
227703,oncoming_sedans.107,4.7,19.13,0
227704,oncoming_sedans.107,4.6,19.61,0
227705,oncoming_sedans.107,4.4,20.18,0
227706,oncoming_sedans.107,4.3,20.87,0
227741,school_buses.8,1.2,74.15,0
227742,school_buses.8,1.0,86.09,0
227743,school_buses.8,0.9,101.48,0
227744,school_buses.8,0.7,121.85,0
227745,school_buses.8,0.6,149.79,0
227746,school_buses.8,0.5,189.98,0
227747,school_buses.8,0.4,251.94,0
227748,school_buses.8,0.2,358.21,0
230556,oncoming_trucks.40,1.8,50.31,0
230557,oncoming_trucks.40,1.9,46.4,0
230558,oncoming_trucks.40,2.1,43.01,0
230559,oncoming_trucks.40,2.2,40.06,0
230560,oncoming_trucks.40,2.4,37.49,0
230561,oncoming_trucks.40,2.5,35.22,0
230562,oncoming_trucks.40,2.7,33.21,0
230563,oncoming_trucks.40,2.8,31.44,0
230564,oncoming_trucks.40,3.0,29.86,0
230565,oncoming_trucks.40,3.1,28.46,0
230566,oncoming_trucks.40,3.3,27.21,0
230567,oncoming_trucks.40,3.4,26.1,0
230568,oncoming_trucks.40,3.6,25.11,0
230569,oncoming_trucks.40,3.7,24.24,0
230570,oncoming_trucks.40,3.8,23.46,0
230571,oncoming_trucks.40,3.9,22.78,0
230572,oncoming_trucks.40,4.0,22.19,0
230573,oncoming_trucks.40,4.1,21.68,0
230574,oncoming_trucks.40,4.2,21.25,0
230575,oncoming_trucks.40,4.3,20.89,0
230576,oncoming_trucks.40,4.3,20.62,0
230577,oncoming_trucks.40,4.4,20.42,0
230578,oncoming_trucks.40,4.4,20.29,0
230579,oncoming_trucks.40,4.4,20.24,0
230580,oncoming_trucks.40,4.4,20.28,0
230581,oncoming_trucks.40,4.4,20.4,0
230582,oncoming_trucks.40,4.3,20.61,0
230583,oncoming_trucks.40,4.3,20.92,0
230584,oncoming_trucks.40,4.2,21.33,0
230585,oncoming_trucks.40,4.1,21.86,0
230586,oncoming_trucks.40,4.0,22.53,0
230587,oncoming_trucks.40,3.8,23.34,0
230588,oncoming_trucks.40,3.7,24.32,0
230589,oncoming_trucks.40,3.5,25.49,0
230590,oncoming_trucks.40,3.3,26.89,0
230591,oncoming_trucks.40,3.1,28.55,0
230592,oncoming_trucks.40,2.9,30.52,0
230593,oncoming_trucks.40,2.7,32.87,0
230743,school_buses.8,0.2,363.16,0
230744,school_buses.8,0.3,274.4,0
230745,school_buses.8,0.4,215.38,0
230746,school_buses.8,0.5,174.12,0
230747,school_buses.8,0.6,144.12,0
230748,school_buses.8,0.7,121.63,0
230749,school_buses.8,0.9,104.32,0
230750,school_buses.8,1.0,90.71,0
230751,school_buses.8,1.1,79.82,0
230752,school_buses.8,1.3,70.96,0
230753,school_buses.8,1.4,63.66,0
230754,school_buses.8,1.6,57.57,0
230755,school_buses.8,1.7,52.45,0
230756,school_buses.8,1.9,48.09,0
230757,school_buses.8,2.0,44.36,0
230758,school_buses.8,2.2,41.14,0
230759,school_buses.8,2.3,38.34,0
230760,school_buses.8,2.5,35.91,0
230761,school_buses.8,2.6,33.77,0
230762,school_buses.8,2.8,31.89,0
230763,school_buses.8,3.0,30.24,0
230764,school_buses.8,3.1,28.78,0
230765,school_buses.8,3.3,27.48,0
230766,school_buses.8,3.4,26.34,0
230767,school_buses.8,3.5,25.33,0
230768,school_buses.8,3.7,24.44,0
230769,school_buses.8,3.8,23.65,0
230770,school_buses.8,3.9,22.97,0
230771,school_buses.8,4.0,22.38,0
230772,school_buses.8,4.1,21.87,0
230773,school_buses.8,4.2,21.45,0
230774,school_buses.8,4.2,21.1,0
230775,school_buses.8,4.3,20.84,0
230776,school_buses.8,4.3,20.65,0
230777,school_buses.8,4.4,20.53,0
230778,school_buses.8,4.4,20.5,0
230779,school_buses.8,4.4,20.54,0
230780,school_buses.8,4.3,20.66,0
230781,school_buses.8,4.3,20.88,0
230782,school_buses.8,4.2,21.18,0
230783,school_buses.8,4.1,21.59,0
230784,school_buses.8,4.0,22.11,0
230785,school_buses.8,3.9,22.75,0
230786,school_buses.8,3.8,23.53,0
230787,school_buses.8,3.7,24.46,0
230788,school_buses.8,3.5,25.56,0
230789,school_buses.8,3.3,26.85,0
230790,school_buses.8,3.2,28.37,0
230791,school_buses.8,3.0,30.16,0
230792,school_buses.8,2.8,32.25,0
230793,school_buses.8,2.6,34.7,0
230794,school_buses.8,2.4,37.59,0
230795,school_buses.8,2.2,40.99,0
230796,school_buses.8,2.0,45.03,0
230797,school_buses.8,1.8,49.86,0
230798,school_buses.8,1.6,55.67,0
230799,school_buses.8,1.4,62.74,0
230800,school_buses.8,1.3,71.44,0
230801,school_buses.8,1.1,82.3,0
230802,school_buses.8,0.9,96.11,0
230803,school_buses.8,0.8,114.09,0
230804,school_buses.8,0.6,138.2,0
230805,school_buses.8,0.5,171.85,0
230806,school_buses.8,0.4,221.44,0
230807,school_buses.8,0.3,300.75,0
233633,oncoming_sedans.109,3.1,29.32,0
233634,oncoming_sedans.109,3.2,28.02,0
233635,oncoming_sedans.109,3.3,26.87,0
233636,oncoming_sedans.109,3.5,25.84,0
233637,oncoming_sedans.109,3.6,24.94,0
233638,oncoming_sedans.109,3.7,24.13,0
233639,oncoming_sedans.109,3.8,23.43,0
233640,oncoming_sedans.109,3.9,22.82,0
233641,oncoming_sedans.109,4.0,22.3,0
233642,oncoming_sedans.109,4.1,21.87,0
233643,oncoming_sedans.109,4.2,21.51,0
233644,oncoming_sedans.109,4.2,21.24,0
233645,oncoming_sedans.109,4.3,21.04,0
233646,oncoming_sedans.109,4.3,20.93,0
233647,oncoming_sedans.109,4.3,20.9,0
233648,oncoming_sedans.109,4.3,20.95,0
233649,oncoming_sedans.109,4.2,21.09,0
233650,oncoming_sedans.109,4.2,21.32,0
233651,oncoming_sedans.109,4.1,21.65,0
233652,oncoming_sedans.109,4.1,22.09,0
233653,oncoming_sedans.109,4.0,22.64,0
233654,oncoming_sedans.109,3.8,23.32,0
233655,oncoming_sedans.109,3.7,24.14,0
233656,oncoming_sedans.109,3.6,25.12,0
233657,oncoming_sedans.109,3.4,26.28,0
233658,oncoming_sedans.109,3.2,27.64,0
233659,oncoming_sedans.109,3.1,29.22,0
233660,oncoming_sedans.109,2.9,31.07,0
233661,oncoming_sedans.109,2.7,33.23,0
233662,oncoming_sedans.109,2.5,35.74,0
233836,oncoming_sedans.108,3.0,30.01,0
233837,oncoming_sedans.108,3.1,28.71,0
233838,oncoming_sedans.108,3.2,27.56,0
233839,oncoming_sedans.108,3.4,26.55,0
233840,oncoming_sedans.108,3.5,25.66,0
233841,oncoming_sedans.108,3.6,24.89,0
233842,oncoming_sedans.108,3.7,24.22,0
233843,oncoming_sedans.108,3.8,23.65,0
233844,oncoming_sedans.108,3.9,23.18,0
233845,oncoming_sedans.108,3.9,22.79,0
233846,oncoming_sedans.108,4.0,22.5,0
233847,oncoming_sedans.108,4.0,22.29,0
233848,oncoming_sedans.108,4.0,22.16,0
233849,oncoming_sedans.108,4.0,22.13,0
233850,oncoming_sedans.108,4.0,22.17,0
233851,oncoming_sedans.108,4.0,22.31,0
233852,oncoming_sedans.108,4.0,22.54,0
233853,oncoming_sedans.108,3.9,22.86,0
233854,oncoming_sedans.108,3.8,23.29,0
233855,oncoming_sedans.108,3.8,23.83,0
233856,oncoming_sedans.108,3.7,24.48,0
233857,oncoming_sedans.108,3.5,25.26,0
233858,oncoming_sedans.108,3.4,26.18,0
233859,oncoming_sedans.108,3.3,27.26,0
233860,oncoming_sedans.108,3.1,28.5,0
233861,oncoming_sedans.108,3.0,29.94,0
233862,oncoming_sedans.108,2.8,31.6,0
233863,oncoming_sedans.108,2.7,33.5,0
233864,oncoming_sedans.108,2.5,35.69,0
233865,oncoming_sedans.108,2.3,38.2,0
233866,oncoming_sedans.108,2.2,41.09,0
233867,oncoming_sedans.108,2.0,44.42,0
233868,oncoming_sedans.108,1.9,48.25,0
236668,school_buses.8,0.3,336.84,0
236669,school_buses.8,0.4,249.61,0
236670,school_buses.8,0.5,193.19,0
236671,school_buses.8,0.6,154.59,0
236672,school_buses.8,0.7,127.01,0
236673,school_buses.8,0.8,106.62,0
236674,school_buses.8,1.0,91.12,0
236675,school_buses.8,1.1,79.05,0
236676,school_buses.8,1.3,69.47,0
236677,school_buses.8,1.4,61.74,0
236678,school_buses.8,1.6,55.41,0
236679,school_buses.8,1.8,50.17,0
236680,school_buses.8,2.0,45.77,0
236681,school_buses.8,2.1,42.05,0
236682,school_buses.8,2.3,38.88,0
236683,school_buses.8,2.5,36.15,0
236684,school_buses.8,2.6,33.8,0
236685,school_buses.8,2.8,31.75,0
236686,school_buses.8,3.0,29.97,0
236687,school_buses.8,3.2,28.4,0
236688,school_buses.8,3.3,27.04,0
236689,school_buses.8,3.5,25.83,0
236690,school_buses.8,3.6,24.78,0
236691,school_buses.8,3.8,23.85,0
236692,school_buses.8,3.9,23.05,0
236693,school_buses.8,4.0,22.35,0
236694,school_buses.8,4.1,21.74,0
236695,school_buses.8,4.2,21.23,0
236696,school_buses.8,4.3,20.81,0
236697,school_buses.8,4.4,20.46,0
236698,school_buses.8,4.4,20.2,0
236699,school_buses.8,4.5,20.01,0
236700,school_buses.8,4.5,19.9,0
236701,school_buses.8,4.5,19.87,0
236702,school_buses.8,4.5,19.92,0
236703,school_buses.8,4.5,20.06,0
236704,school_buses.8,4.4,20.29,0
236735,oncoming_sedans.112,1.2,76.67,0
236736,oncoming_sedans.112,1.0,87.47,0
236737,oncoming_sedans.112,0.9,100.57,0
236738,oncoming_sedans.112,0.8,116.57,0
236739,oncoming_sedans.112,0.7,136.3,0
236740,oncoming_sedans.112,0.6,160.85,0
236741,oncoming_sedans.112,0.5,191.8,0
236742,oncoming_sedans.112,0.4,231.36,0
236743,oncoming_sedans.112,0.3,282.83,0
236744,oncoming_sedans.112,0.3,351.26,0
236913,oncoming_sedans.110,3.5,25.91,0
236914,oncoming_sedans.110,3.6,24.78,0
236915,oncoming_sedans.110,3.8,23.79,0
236916,oncoming_sedans.110,3.9,22.92,0
236917,oncoming_sedans.110,4.0,22.17,0
236918,oncoming_sedans.110,4.2,21.52,0
236919,oncoming_sedans.110,4.3,20.96,0
236920,oncoming_sedans.110,4.4,20.5,0
236921,oncoming_sedans.110,4.4,20.13,0
236922,oncoming_sedans.110,4.5,19.84,0
236923,oncoming_sedans.110,4.6,19.62,0
236924,oncoming_sedans.110,4.6,19.49,0
236925,oncoming_sedans.110,4.6,19.44,0
236926,oncoming_sedans.110,4.6,19.47,0
236927,oncoming_sedans.110,4.6,19.57,0
236928,oncoming_sedans.110,4.5,19.76,0
236929,oncoming_sedans.110,4.5,20.03,0
236930,oncoming_sedans.110,4.4,20.39,0
236931,oncoming_sedans.110,4.3,20.85,0
236932,oncoming_sedans.110,4.2,21.4,0
236933,oncoming_sedans.110,4.1,22.05,0
236934,oncoming_sedans.110,3.9,22.82,0
236935,oncoming_sedans.110,3.8,23.72,0
236936,oncoming_sedans.110,3.6,24.74,0
236937,oncoming_sedans.110,3.5,25.91,0
236938,oncoming_sedans.110,3.3,27.25,0
236939,oncoming_sedans.110,3.1,28.76,0
239735,oncoming_sedans.112,0.2,364.84,0
239736,oncoming_sedans.112,0.3,278.17,0
239737,oncoming_sedans.112,0.4,219.04,0
239738,oncoming_sedans.112,0.5,177.01,0
239739,oncoming_sedans.112,0.6,146.16,0
239740,oncoming_sedans.112,0.7,122.89,0
239741,oncoming_sedans.112,0.9,104.94,0
239742,oncoming_sedans.112,1.0,90.82,0
239743,oncoming_sedans.112,1.1,79.53,0
239744,oncoming_sedans.112,1.3,70.36,0
239745,oncoming_sedans.112,1.4,62.84,0
239746,oncoming_sedans.112,1.6,56.59,0
239747,oncoming_sedans.112,1.7,51.34,0
239748,oncoming_sedans.112,1.9,46.9,0
239749,oncoming_sedans.112,2.1,43.12,0
239750,oncoming_sedans.112,2.2,39.87,0
239751,oncoming_sedans.112,2.4,37.07,0
239752,oncoming_sedans.112,2.6,34.63,0
239753,oncoming_sedans.112,2.8,32.51,0
239754,oncoming_sedans.112,2.9,30.66,0
239755,oncoming_sedans.112,3.1,29.04,0
239756,oncoming_sedans.112,3.2,27.61,0
239757,oncoming_sedans.112,3.4,26.36,0
239758,oncoming_sedans.112,3.5,25.27,0
239759,oncoming_sedans.112,3.7,24.31,0
239760,oncoming_sedans.112,3.8,23.47,0
239761,oncoming_sedans.112,3.9,22.75,0
239762,oncoming_sedans.112,4.0,22.13,0
239763,oncoming_sedans.112,4.1,21.61,0
239764,oncoming_sedans.112,4.2,21.18,0
239765,oncoming_sedans.112,4.3,20.84,0
239766,oncoming_sedans.112,4.3,20.58,0
239767,oncoming_sedans.112,4.4,20.41,0
239768,oncoming_sedans.112,4.4,20.31,0
239769,oncoming_sedans.112,4.4,20.3,0
239770,oncoming_sedans.112,4.4,20.38,0
239771,oncoming_sedans.112,4.4,20.54,0
239772,oncoming_sedans.112,4.3,20.8,0
239804,oncoming_sedans.113,1.1,78.95,0
239805,oncoming_sedans.113,1.0,88.84,0
239806,oncoming_sedans.113,0.9,100.64,0
239807,oncoming_sedans.113,0.8,114.83,0
239808,oncoming_sedans.113,0.7,132.06,0
239809,oncoming_sedans.113,0.6,153.18,0
239810,oncoming_sedans.113,0.5,179.37,0
239811,oncoming_sedans.113,0.4,212.16,0
239812,oncoming_sedans.113,0.4,253.75,0
239813,oncoming_sedans.113,0.3,307.31,0
239814,oncoming_sedans.113,0.2,377.63,0
239986,oncoming_sedans.111,2.7,33.66,0
239987,oncoming_sedans.111,2.9,31.34,0
239988,oncoming_sedans.111,3.1,29.31,0
239989,oncoming_sedans.111,3.2,27.55,0
239990,oncoming_sedans.111,3.4,26.0,0
239991,oncoming_sedans.111,3.6,24.65,0
239992,oncoming_sedans.111,3.8,23.47,0
239993,oncoming_sedans.111,4.0,22.45,0
239994,oncoming_sedans.111,4.2,21.55,0
239995,oncoming_sedans.111,4.3,20.78,0
239996,oncoming_sedans.111,4.4,20.12,0
239997,oncoming_sedans.111,4.6,19.56,0
239998,oncoming_sedans.111,4.7,19.1,0
239999,oncoming_sedans.111,4.8,18.73,0
240000,oncoming_sedans.111,4.9,18.45,0
240001,oncoming_sedans.111,4.9,18.24,0
240002,oncoming_sedans.111,4.9,18.12,0
240003,oncoming_sedans.111,4.9,18.08,0
240004,oncoming_sedans.111,4.9,18.12,0
240005,oncoming_sedans.111,4.9,18.24,0
240006,oncoming_sedans.111,4.9,18.45,0
240007,oncoming_sedans.111,4.8,18.74,0
240008,oncoming_sedans.111,4.7,19.12,0
240009,oncoming_sedans.111,4.6,19.59,0
240010,oncoming_sedans.111,4.4,20.17,0
240011,oncoming_sedans.111,4.3,20.85,0
240046,oncoming_trucks.42,1.0,85.85,0
240047,oncoming_trucks.42,0.9,100.62,0
240048,oncoming_trucks.42,0.7,119.88,0
240049,oncoming_trucks.42,0.6,145.77,0
240050,oncoming_trucks.42,0.5,182.01,0
240051,oncoming_trucks.42,0.4,235.64,0
240052,oncoming_trucks.42,0.3,321.9,0
242802,oncoming_sedans.113,0.3,351.17,0
242803,oncoming_sedans.113,0.3,272.48,0
242804,oncoming_sedans.113,0.4,217.19,0
242805,oncoming_sedans.113,0.5,177.0,0
242806,oncoming_sedans.113,0.6,146.96,0
242807,oncoming_sedans.113,0.7,123.98,0
242808,oncoming_sedans.113,0.8,106.04,0
242809,oncoming_sedans.113,1.0,91.81,0
242810,oncoming_sedans.113,1.1,80.34,0
242811,oncoming_sedans.113,1.3,70.98,0
242812,oncoming_sedans.113,1.4,63.25,0
242813,oncoming_sedans.113,1.6,56.81,0
242814,oncoming_sedans.113,1.7,51.39,0
242815,oncoming_sedans.113,1.9,46.79,0
242816,oncoming_sedans.113,2.1,42.87,0
242817,oncoming_sedans.113,2.3,39.51,0
242818,oncoming_sedans.113,2.4,36.61,0
242819,oncoming_sedans.113,2.6,34.1,0
242820,oncoming_sedans.113,2.8,31.92,0
242821,oncoming_sedans.113,3.0,30.02,0
242822,oncoming_sedans.113,3.2,28.37,0
242823,oncoming_sedans.113,3.3,26.94,0
242824,oncoming_sedans.113,3.5,25.7,0
242825,oncoming_sedans.113,3.6,24.62,0
242826,oncoming_sedans.113,3.8,23.7,0
242827,oncoming_sedans.113,3.9,22.91,0
242828,oncoming_sedans.113,4.0,22.26,0
242829,oncoming_sedans.113,4.1,21.72,0
242830,oncoming_sedans.113,4.2,21.3,0
242831,oncoming_sedans.113,4.3,20.98,0
242832,oncoming_sedans.113,4.3,20.77,0
242833,oncoming_sedans.113,4.3,20.65,0
242834,oncoming_sedans.113,4.3,20.64,0
242835,oncoming_sedans.113,4.3,20.72,0
242836,oncoming_sedans.113,4.3,20.91,0
242837,oncoming_sedans.113,4.2,21.2,0
242838,oncoming_sedans.113,4.1,21.6,0
242839,oncoming_sedans.113,4.0,22.11,0
242881,oncoming_sedans.114,0.3,318.16,0
242882,oncoming_sedans.114,0.2,375.24,0
243047,oncoming_trucks.42,0.2,397.99,0
243048,oncoming_trucks.42,0.3,296.59,0
243049,oncoming_trucks.42,0.4,230.22,0
243050,oncoming_trucks.42,0.5,184.41,0
243051,oncoming_trucks.42,0.6,151.45,0
243052,oncoming_trucks.42,0.7,126.95,0
243053,oncoming_trucks.42,0.8,108.24,0
243054,oncoming_trucks.42,1.0,93.62,0
243055,oncoming_trucks.42,1.1,81.98,0
243056,oncoming_trucks.42,1.2,72.57,0
243057,oncoming_trucks.42,1.4,64.85,0
243058,oncoming_trucks.42,1.5,58.43,0
243059,oncoming_trucks.42,1.7,53.06,0
243060,oncoming_trucks.42,1.8,48.5,0
243061,oncoming_trucks.42,2.0,44.61,0
243062,oncoming_trucks.42,2.2,41.27,0
243063,oncoming_trucks.42,2.3,38.38,0
243064,oncoming_trucks.42,2.5,35.86,0
243065,oncoming_trucks.42,2.7,33.66,0
243066,oncoming_trucks.42,2.8,31.74,0
243067,oncoming_trucks.42,3.0,30.04,0
243068,oncoming_trucks.42,3.1,28.55,0
243069,oncoming_trucks.42,3.3,27.23,0
243070,oncoming_trucks.42,3.4,26.07,0
243071,oncoming_trucks.42,3.6,25.04,0
243072,oncoming_trucks.42,3.7,24.14,0
243073,oncoming_trucks.42,3.8,23.36,0
243074,oncoming_trucks.42,3.9,22.67,0
243075,oncoming_trucks.42,4.1,22.08,0
243076,oncoming_trucks.42,4.1,21.58,0
243077,oncoming_trucks.42,4.2,21.17,0
243078,oncoming_trucks.42,4.3,20.83,0
243079,oncoming_trucks.42,4.3,20.58,0
243080,oncoming_trucks.42,4.4,20.4,0
243081,oncoming_trucks.42,4.4,20.3,0
243082,oncoming_trucks.42,4.4,20.29,0
243083,oncoming_trucks.42,4.4,20.35,0
243084,oncoming_trucks.42,4.4,20.5,0
243085,oncoming_trucks.42,4.3,20.74,0
243086,oncoming_trucks.42,4.2,21.08,0
243087,oncoming_trucks.42,4.2,21.52,0
243088,oncoming_trucks.42,4.1,22.08,0
243089,oncoming_trucks.42,3.9,22.76,0
243090,oncoming_trucks.42,3.8,23.58,0
243091,oncoming_trucks.42,3.6,24.56,0
245880,oncoming_sedans.114,0.3,342.24,0
245881,oncoming_sedans.114,0.3,255.73,0
245882,oncoming_sedans.114,0.5,197.18,0
245883,oncoming_sedans.114,0.6,156.03,0
245884,oncoming_sedans.114,0.7,126.2,0
245885,oncoming_sedans.114,0.9,104.0,0
245886,oncoming_sedans.114,1.0,87.1,0
245887,oncoming_sedans.114,1.2,73.98,0
245888,oncoming_sedans.114,1.4,63.63,0
245889,oncoming_sedans.114,1.6,55.33,0
245890,oncoming_sedans.114,1.8,48.59,0
245891,oncoming_sedans.114,2.1,43.05,0
245892,oncoming_sedans.114,2.3,38.45,0
245893,oncoming_sedans.114,2.6,34.59,0
245894,oncoming_sedans.114,2.9,31.32,0
245895,oncoming_sedans.114,3.1,28.54,0
245896,oncoming_sedans.114,3.4,26.15,0
245897,oncoming_sedans.114,3.7,24.09,0
245898,oncoming_sedans.114,4.0,22.29,0
245899,oncoming_sedans.114,4.3,20.73,0
245900,oncoming_sedans.114,4.6,19.36,0
245901,oncoming_sedans.114,4.9,18.15,0
245902,oncoming_sedans.114,5.2,17.09,0
245903,oncoming_sedans.114,5.5,16.15,0
245904,oncoming_sedans.114,5.8,15.32,0
245905,oncoming_sedans.114,6.1,14.58,0
245906,oncoming_sedans.114,6.4,13.93,0
245907,oncoming_sedans.114,6.7,13.35,0
245908,oncoming_sedans.114,7.0,12.85,0
245909,oncoming_sedans.114,7.2,12.41,0
245910,oncoming_sedans.114,7.4,12.02,0
245929,oncoming_sedans.115,7.8,11.43,0
245930,oncoming_sedans.115,7.8,11.42,0
245931,oncoming_sedans.115,7.8,11.46,0
245932,oncoming_sedans.115,7.8,11.54,0
245933,oncoming_sedans.115,7.7,11.67,0
245934,oncoming_sedans.115,7.6,11.85,0
245935,oncoming_sedans.115,7.4,12.08,0
245936,oncoming_sedans.115,7.2,12.36,0
245937,oncoming_sedans.115,7.0,12.7,0
245938,oncoming_sedans.115,6.8,13.1,0
245939,oncoming_sedans.115,6.6,13.57,0
245940,oncoming_sedans.115,6.3,14.11,0
245941,oncoming_sedans.115,6.1,14.72,0
245942,oncoming_sedans.115,5.8,15.42,0
245943,oncoming_sedans.115,5.5,16.22,0
245944,oncoming_sedans.115,5.2,17.12,0
245945,oncoming_sedans.115,4.9,18.13,0
246133,oncoming_trucks.43,1.8,50.3,0
246134,oncoming_trucks.43,1.9,46.39,0
246135,oncoming_trucks.43,2.1,43.01,0
246136,oncoming_trucks.43,2.2,40.06,0
246137,oncoming_trucks.43,2.4,37.48,0
246138,oncoming_trucks.43,2.5,35.22,0
246139,oncoming_trucks.43,2.7,33.21,0
246140,oncoming_trucks.43,2.8,31.44,0
246141,oncoming_trucks.43,3.0,29.86,0
246142,oncoming_trucks.43,3.1,28.46,0
246143,oncoming_trucks.43,3.3,27.21,0
246144,oncoming_trucks.43,3.4,26.1,0
246145,oncoming_trucks.43,3.6,25.11,0
246146,oncoming_trucks.43,3.7,24.24,0
246147,oncoming_trucks.43,3.8,23.46,0
246148,oncoming_trucks.43,3.9,22.78,0
246149,oncoming_trucks.43,4.0,22.19,0
246150,oncoming_trucks.43,4.1,21.68,0
246151,oncoming_trucks.43,4.2,21.25,0
246152,oncoming_trucks.43,4.3,20.89,0
246153,oncoming_trucks.43,4.3,20.62,0
246154,oncoming_trucks.43,4.4,20.42,0
246155,oncoming_trucks.43,4.4,20.29,0
246156,oncoming_trucks.43,4.4,20.24,0
246157,oncoming_trucks.43,4.4,20.28,0
246158,oncoming_trucks.43,4.4,20.4,0
246159,oncoming_trucks.43,4.3,20.61,0
246160,oncoming_trucks.43,4.3,20.92,0
246161,oncoming_trucks.43,4.2,21.33,0
246162,oncoming_trucks.43,4.1,21.86,0
246163,oncoming_trucks.43,4.0,22.53,0
246164,oncoming_trucks.43,3.8,23.34,0
246165,oncoming_trucks.43,3.7,24.32,0
246166,oncoming_trucks.43,3.5,25.49,0
246167,oncoming_trucks.43,3.3,26.89,0
246168,oncoming_trucks.43,3.1,28.55,0
246169,oncoming_trucks.43,2.9,30.52,0
246170,oncoming_trucks.43,2.7,32.87,0
248972,oncoming_sedans.116,0.2,384.22,0
248973,oncoming_sedans.116,0.3,298.22,0
248974,oncoming_sedans.116,0.4,237.33,0
248975,oncoming_sedans.116,0.5,192.84,0
248976,oncoming_sedans.116,0.6,159.48,0
248977,oncoming_sedans.116,0.7,133.93,0
248978,oncoming_sedans.116,0.8,113.99,0
248979,oncoming_sedans.116,0.9,98.18,0
248980,oncoming_sedans.116,1.0,85.47,0
248981,oncoming_sedans.116,1.2,75.12,0
248982,oncoming_sedans.116,1.3,66.61,0
248983,oncoming_sedans.116,1.5,59.54,0
248984,oncoming_sedans.116,1.7,53.62,0
248985,oncoming_sedans.116,1.8,48.62,0
248986,oncoming_sedans.116,2.0,44.37,0
248987,oncoming_sedans.116,2.2,40.74,0
248988,oncoming_sedans.116,2.4,37.62,0
248989,oncoming_sedans.116,2.6,34.93,0
248990,oncoming_sedans.116,2.7,32.6,0
248991,oncoming_sedans.116,2.9,30.58,0
248992,oncoming_sedans.116,3.1,28.83,0
248993,oncoming_sedans.116,3.3,27.3,0
248994,oncoming_sedans.116,3.4,25.98,0
248995,oncoming_sedans.116,3.6,24.83,0
248996,oncoming_sedans.116,3.8,23.84,0
248997,oncoming_sedans.116,3.9,22.99,0
248998,oncoming_sedans.116,4.0,22.27,0
248999,oncoming_sedans.116,4.1,21.67,0
249000,oncoming_sedans.116,4.2,21.18,0
249001,oncoming_sedans.116,4.3,20.79,0
249002,oncoming_sedans.116,4.4,20.5,0
249003,oncoming_sedans.116,4.4,20.31,0
249004,oncoming_sedans.116,4.4,20.21,0
249005,oncoming_sedans.116,4.4,20.21,0
249006,oncoming_sedans.116,4.4,20.29,0
249007,oncoming_sedans.116,4.4,20.48,0
249008,oncoming_sedans.116,4.3,20.75,0
249009,oncoming_sedans.116,4.2,21.13,0
249010,oncoming_sedans.116,4.1,21.61,0
249011,oncoming_sedans.116,4.0,22.21,0
249047,oncoming_trucks.44,1.0,93.46,0
249048,oncoming_trucks.44,0.8,109.7,0
249049,oncoming_trucks.44,0.7,130.97,0
249050,oncoming_trucks.44,0.6,159.76,0
249051,oncoming_trucks.44,0.4,200.42,0
249052,oncoming_trucks.44,0.3,261.39,0
249053,oncoming_trucks.44,0.2,361.41,0
249210,oncoming_sedans.117,3.1,29.32,0
249211,oncoming_sedans.117,3.2,28.03,0
249212,oncoming_sedans.117,3.3,26.87,0
249213,oncoming_sedans.117,3.5,25.85,0
249214,oncoming_sedans.117,3.6,24.94,0
249215,oncoming_sedans.117,3.7,24.13,0
249216,oncoming_sedans.117,3.8,23.43,0
249217,oncoming_sedans.117,3.9,22.82,0
249218,oncoming_sedans.117,4.0,22.3,0
249219,oncoming_sedans.117,4.1,21.87,0
249220,oncoming_sedans.117,4.2,21.51,0
249221,oncoming_sedans.117,4.2,21.24,0
249222,oncoming_sedans.117,4.3,21.04,0
249223,oncoming_sedans.117,4.3,20.93,0
249224,oncoming_sedans.117,4.3,20.9,0
249225,oncoming_sedans.117,4.3,20.95,0
249226,oncoming_sedans.117,4.2,21.09,0
249227,oncoming_sedans.117,4.2,21.32,0
249228,oncoming_sedans.117,4.1,21.65,0
249229,oncoming_sedans.117,4.1,22.09,0
249230,oncoming_sedans.117,4.0,22.64,0
249231,oncoming_sedans.117,3.8,23.32,0
249232,oncoming_sedans.117,3.7,24.14,0
249233,oncoming_sedans.117,3.6,25.12,0
249234,oncoming_sedans.117,3.4,26.28,0
249235,oncoming_sedans.117,3.2,27.63,0
249236,oncoming_sedans.117,3.1,29.22,0
249237,oncoming_sedans.117,2.9,31.07,0
249238,oncoming_sedans.117,2.7,33.23,0
249239,oncoming_sedans.117,2.5,35.75,0
252045,oncoming_trucks.44,0.2,387.44,0
252046,oncoming_trucks.44,0.3,290.33,0
252047,oncoming_trucks.44,0.4,226.28,0
252048,oncoming_trucks.44,0.5,181.81,0
252049,oncoming_trucks.44,0.6,149.67,0
252050,oncoming_trucks.44,0.7,125.69,0
252051,oncoming_trucks.44,0.8,107.32,0
252052,oncoming_trucks.44,1.0,92.93,0
252053,oncoming_trucks.44,1.1,81.46,0
252054,oncoming_trucks.44,1.2,72.16,0
252055,oncoming_trucks.44,1.4,64.53,0
252056,oncoming_trucks.44,1.5,58.18,0
252057,oncoming_trucks.44,1.7,52.85,0
252058,oncoming_trucks.44,1.9,48.33,0
252059,oncoming_trucks.44,2.0,44.47,0
252060,oncoming_trucks.44,2.2,41.15,0
252061,oncoming_trucks.44,2.3,38.28,0
252062,oncoming_trucks.44,2.5,35.78,0
252063,oncoming_trucks.44,2.7,33.59,0
252064,oncoming_trucks.44,2.8,31.67,0
252065,oncoming_trucks.44,3.0,29.99,0
252066,oncoming_trucks.44,3.1,28.5,0
252067,oncoming_trucks.44,3.3,27.19,0
252068,oncoming_trucks.44,3.4,26.03,0
252069,oncoming_trucks.44,3.6,25.01,0
252070,oncoming_trucks.44,3.7,24.11,0
252071,oncoming_trucks.44,3.8,23.33,0
252072,oncoming_trucks.44,4.0,22.64,0
252073,oncoming_trucks.44,4.1,22.06,0
252074,oncoming_trucks.44,4.2,21.56,0
252075,oncoming_trucks.44,4.2,21.14,0
252076,oncoming_trucks.44,4.3,20.81,0
252077,oncoming_trucks.44,4.4,20.56,0
252078,oncoming_trucks.44,4.4,20.38,0
252079,oncoming_trucks.44,4.4,20.28,0
252080,oncoming_trucks.44,4.4,20.27,0
252081,oncoming_trucks.44,4.4,20.33,0
252082,oncoming_trucks.44,4.4,20.48,0
252083,oncoming_trucks.44,4.3,20.72,0
252084,oncoming_trucks.44,4.2,21.06,0
252085,oncoming_trucks.44,4.2,21.5,0
252086,oncoming_trucks.44,4.1,22.06,0
252087,oncoming_trucks.44,3.9,22.74,0
252088,oncoming_trucks.44,3.8,23.56,0
252089,oncoming_trucks.44,3.6,24.54,0
252277,oncoming_sedans.119,3.0,30.01,0
252278,oncoming_sedans.119,3.1,28.71,0
252279,oncoming_sedans.119,3.2,27.56,0
252280,oncoming_sedans.119,3.4,26.55,0
252281,oncoming_sedans.119,3.5,25.66,0
252282,oncoming_sedans.119,3.6,24.89,0
252283,oncoming_sedans.119,3.7,24.22,0
252284,oncoming_sedans.119,3.8,23.65,0
252285,oncoming_sedans.119,3.9,23.18,0
252286,oncoming_sedans.119,3.9,22.79,0
252287,oncoming_sedans.119,4.0,22.5,0
252288,oncoming_sedans.119,4.0,22.29,0
252289,oncoming_sedans.119,4.0,22.16,0
252290,oncoming_sedans.119,4.0,22.12,0
252291,oncoming_sedans.119,4.0,22.17,0
252292,oncoming_sedans.119,4.0,22.31,0
252293,oncoming_sedans.119,4.0,22.54,0
252294,oncoming_sedans.119,3.9,22.86,0
252295,oncoming_sedans.119,3.8,23.29,0
252296,oncoming_sedans.119,3.8,23.82,0
252297,oncoming_sedans.119,3.7,24.48,0
252298,oncoming_sedans.119,3.5,25.26,0
252299,oncoming_sedans.119,3.4,26.18,0
252300,oncoming_sedans.119,3.3,27.25,0
252301,oncoming_sedans.119,3.1,28.5,0
252302,oncoming_sedans.119,3.0,29.94,0
252303,oncoming_sedans.119,2.8,31.59,0
252304,oncoming_sedans.119,2.7,33.5,0
252305,oncoming_sedans.119,2.5,35.69,0
252306,oncoming_sedans.119,2.3,38.2,0
252307,oncoming_sedans.119,2.2,41.08,0
252308,oncoming_sedans.119,2.0,44.41,0
252309,oncoming_sedans.119,1.9,48.24,0
255129,oncoming_sedans.118,2.3,39.44,0
255130,oncoming_sedans.118,2.4,36.83,0
255131,oncoming_sedans.118,2.6,34.54,0
255132,oncoming_sedans.118,2.8,32.52,0
255133,oncoming_sedans.118,2.9,30.75,0
255134,oncoming_sedans.118,3.1,29.19,0
255135,oncoming_sedans.118,3.2,27.81,0
255136,oncoming_sedans.118,3.4,26.59,0
255137,oncoming_sedans.118,3.5,25.52,0
255138,oncoming_sedans.118,3.6,24.58,0
255139,oncoming_sedans.118,3.8,23.75,0
255140,oncoming_sedans.118,3.9,23.04,0
255141,oncoming_sedans.118,4.0,22.42,0
255142,oncoming_sedans.118,4.1,21.9,0
255143,oncoming_sedans.118,4.2,21.47,0
255144,oncoming_sedans.118,4.2,21.13,0
255145,oncoming_sedans.118,4.3,20.87,0
255146,oncoming_sedans.118,4.3,20.69,0
255147,oncoming_sedans.118,4.3,20.6,0
255148,oncoming_sedans.118,4.3,20.59,0
255149,oncoming_sedans.118,4.3,20.67,0
255150,oncoming_sedans.118,4.3,20.83,0
255151,oncoming_sedans.118,4.2,21.09,0
255152,oncoming_sedans.118,4.2,21.44,0
255153,oncoming_sedans.118,4.1,21.9,0
255154,oncoming_sedans.118,4.0,22.47,0
255155,oncoming_sedans.118,3.9,23.17,0
255156,oncoming_sedans.118,3.7,24.0,0
255157,oncoming_sedans.118,3.6,24.98,0
255158,oncoming_sedans.118,3.4,26.12,0
255354,oncoming_sedans.120,3.5,25.91,0
255355,oncoming_sedans.120,3.6,24.78,0
255356,oncoming_sedans.120,3.8,23.79,0
255357,oncoming_sedans.120,3.9,22.92,0
255358,oncoming_sedans.120,4.0,22.17,0
255359,oncoming_sedans.120,4.2,21.52,0
255360,oncoming_sedans.120,4.3,20.96,0
255361,oncoming_sedans.120,4.4,20.5,0
255362,oncoming_sedans.120,4.4,20.13,0
255363,oncoming_sedans.120,4.5,19.84,0
255364,oncoming_sedans.120,4.6,19.62,0
255365,oncoming_sedans.120,4.6,19.49,0
255366,oncoming_sedans.120,4.6,19.44,0
255367,oncoming_sedans.120,4.6,19.47,0
255368,oncoming_sedans.120,4.6,19.57,0
255369,oncoming_sedans.120,4.5,19.76,0
255370,oncoming_sedans.120,4.5,20.03,0
255371,oncoming_sedans.120,4.4,20.39,0
255372,oncoming_sedans.120,4.3,20.85,0
255373,oncoming_sedans.120,4.2,21.4,0
255374,oncoming_sedans.120,4.1,22.05,0
255375,oncoming_sedans.120,3.9,22.82,0
255376,oncoming_sedans.120,3.8,23.72,0
255377,oncoming_sedans.120,3.6,24.74,0
255378,oncoming_sedans.120,3.5,25.91,0
255379,oncoming_sedans.120,3.3,27.25,0
255380,oncoming_sedans.120,3.1,28.76,0
258199,school_buses.9,1.7,54.0,0
258200,school_buses.9,1.8,49.74,0
258201,school_buses.9,1.9,46.05,0
258202,school_buses.9,2.1,42.83,0
258203,school_buses.9,2.2,40.02,0
258204,school_buses.9,2.4,37.55,0
258205,school_buses.9,2.5,35.37,0
258206,school_buses.9,2.7,33.44,0
258207,school_buses.9,2.8,31.72,0
258208,school_buses.9,3.0,30.19,0
258209,school_buses.9,3.1,28.83,0
258210,school_buses.9,3.2,27.61,0
258211,school_buses.9,3.4,26.53,0
258212,school_buses.9,3.5,25.56,0
258213,school_buses.9,3.6,24.7,0
258214,school_buses.9,3.7,23.94,0
258215,school_buses.9,3.8,23.27,0
258216,school_buses.9,3.9,22.69,0
258217,school_buses.9,4.0,22.19,0
258218,school_buses.9,4.1,21.77,0
258219,school_buses.9,4.2,21.42,0
258220,school_buses.9,4.2,21.14,0
258221,school_buses.9,4.3,20.94,0
258222,school_buses.9,4.3,20.81,0
258223,school_buses.9,4.3,20.76,0
258224,school_buses.9,4.3,20.79,0
258225,school_buses.9,4.3,20.9,0
258226,school_buses.9,4.2,21.1,0
258227,school_buses.9,4.2,21.39,0
258228,school_buses.9,4.1,21.79,0
258229,school_buses.9,4.0,22.29,0
258230,school_buses.9,3.9,22.92,0
258231,school_buses.9,3.8,23.7,0
258232,school_buses.9,3.6,24.63,0
258233,school_buses.9,3.5,25.73,0
258234,school_buses.9,3.3,27.05,0
258235,school_buses.9,3.1,28.6,0
258236,school_buses.9,2.9,30.44,0
258237,school_buses.9,2.7,32.6,0
258238,school_buses.9,2.5,35.16,0
258239,school_buses.9,2.3,38.19,0
258240,school_buses.9,2.1,41.79,0
258241,school_buses.9,1.9,46.12,0
258242,school_buses.9,1.7,51.33,0
258243,school_buses.9,1.6,57.7,0
258244,school_buses.9,1.4,65.54,0
258245,school_buses.9,1.2,75.37,0
258246,school_buses.9,1.0,87.89,0
258247,school_buses.9,0.9,104.17,0
258248,school_buses.9,0.7,125.99,0
258249,school_buses.9,0.6,156.36,0
258250,school_buses.9,0.4,200.92,0
258251,school_buses.9,0.3,271.64,0
258252,school_buses.9,0.2,398.86,0
258430,oncoming_trucks.45,2.3,39.73,0
258431,oncoming_trucks.45,2.4,36.9,0
258432,oncoming_trucks.45,2.6,34.44,0
258433,oncoming_trucks.45,2.8,32.28,0
258434,oncoming_trucks.45,2.9,30.38,0
258435,oncoming_trucks.45,3.1,28.71,0
258436,oncoming_trucks.45,3.3,27.23,0
258437,oncoming_trucks.45,3.5,25.91,0
258438,oncoming_trucks.45,3.6,24.74,0
258439,oncoming_trucks.45,3.8,23.71,0
258440,oncoming_trucks.45,3.9,22.79,0
258441,oncoming_trucks.45,4.1,21.98,0
258442,oncoming_trucks.45,4.2,21.26,0
258443,oncoming_trucks.45,4.3,20.63,0
258444,oncoming_trucks.45,4.5,20.08,0
258445,oncoming_trucks.45,4.6,19.61,0
258446,oncoming_trucks.45,4.7,19.21,0
258447,oncoming_trucks.45,4.7,18.88,0
258448,oncoming_trucks.45,4.8,18.62,0
258449,oncoming_trucks.45,4.9,18.43,0
258450,oncoming_trucks.45,4.9,18.3,0
258451,oncoming_trucks.45,4.9,18.24,0
258452,oncoming_trucks.45,4.9,18.25,0
258453,oncoming_trucks.45,4.9,18.34,0
258454,oncoming_trucks.45,4.8,18.49,0
258455,oncoming_trucks.45,4.8,18.73,0
258456,oncoming_trucks.45,4.7,19.06,0
258457,oncoming_trucks.45,4.6,19.48,0
258458,oncoming_trucks.45,4.5,20.0,0
258459,oncoming_trucks.45,4.3,20.63,0
258460,oncoming_trucks.45,4.2,21.39,0
258461,oncoming_trucks.45,4.0,22.29,0
258462,oncoming_trucks.45,3.8,23.36,0
261244,school_buses.9,0.2,388.32,0
261245,school_buses.9,0.3,289.13,0
261246,school_buses.9,0.4,224.53,0
261247,school_buses.9,0.5,180.06,0
261248,school_buses.9,0.6,148.13,0
261249,school_buses.9,0.7,124.4,0
261250,school_buses.9,0.8,106.29,0
261251,school_buses.9,1.0,92.13,0
261252,school_buses.9,1.1,80.85,0
261253,school_buses.9,1.2,71.72,0
261254,school_buses.9,1.4,64.22,0
261255,school_buses.9,1.5,57.98,0
261256,school_buses.9,1.7,52.75,0
261257,school_buses.9,1.9,48.31,0
261258,school_buses.9,2.0,44.51,0
261259,school_buses.9,2.2,41.24,0
261260,school_buses.9,2.3,38.42,0
261261,school_buses.9,2.5,35.96,0
261262,school_buses.9,2.6,33.8,0
261263,school_buses.9,2.8,31.92,0
261264,school_buses.9,3.0,30.26,0
261265,school_buses.9,3.1,28.8,0
261266,school_buses.9,3.3,27.51,0
261267,school_buses.9,3.4,26.37,0
261268,school_buses.9,3.5,25.37,0
261269,school_buses.9,3.7,24.49,0
261270,school_buses.9,3.8,23.73,0
261271,school_buses.9,3.9,23.07,0
261272,school_buses.9,4.0,22.5,0
261273,school_buses.9,4.1,22.02,0
261274,school_buses.9,4.1,21.63,0
261275,school_buses.9,4.2,21.32,0
261276,school_buses.9,4.2,21.09,0
261277,school_buses.9,4.3,20.94,0
261278,school_buses.9,4.3,20.87,0
261279,school_buses.9,4.3,20.89,0
261280,school_buses.9,4.3,20.99,0
261281,school_buses.9,4.2,21.18,0
261282,school_buses.9,4.2,21.46,0
261283,school_buses.9,4.1,21.85,0
261284,school_buses.9,4.0,22.34,0
261285,school_buses.9,3.9,22.96,0
261286,school_buses.9,3.8,23.72,0
261287,school_buses.9,3.6,24.62,0
261503,oncoming_sedans.121,2.1,42.54,0
261504,oncoming_sedans.121,2.3,39.53,0
261505,oncoming_sedans.121,2.4,36.91,0
261506,oncoming_sedans.121,2.6,34.61,0
261507,oncoming_sedans.121,2.7,32.59,0
261508,oncoming_sedans.121,2.9,30.81,0
261509,oncoming_sedans.121,3.1,29.24,0
261510,oncoming_sedans.121,3.2,27.85,0
261511,oncoming_sedans.121,3.4,26.63,0
261512,oncoming_sedans.121,3.5,25.56,0
261513,oncoming_sedans.121,3.6,24.61,0
261514,oncoming_sedans.121,3.8,23.78,0
261515,oncoming_sedans.121,3.9,23.07,0
261516,oncoming_sedans.121,4.0,22.45,0
261517,oncoming_sedans.121,4.1,21.93,0
261518,oncoming_sedans.121,4.2,21.5,0
261519,oncoming_sedans.121,4.2,21.15,0
261520,oncoming_sedans.121,4.3,20.9,0
261521,oncoming_sedans.121,4.3,20.72,0
261522,oncoming_sedans.121,4.3,20.62,0
261523,oncoming_sedans.121,4.3,20.61,0
261524,oncoming_sedans.121,4.3,20.69,0
261525,oncoming_sedans.121,4.3,20.85,0
261526,oncoming_sedans.121,4.2,21.11,0
261527,oncoming_sedans.121,4.2,21.47,0
261528,oncoming_sedans.121,4.1,21.93,0
261529,oncoming_sedans.121,4.0,22.5,0
261530,oncoming_sedans.121,3.9,23.19,0
261531,oncoming_sedans.121,3.7,24.03,0
261532,oncoming_sedans.121,3.6,25.01,0
261533,oncoming_sedans.121,3.4,26.16,0
264335,oncoming_sedans.122,2.1,41.72,0
264336,oncoming_sedans.122,2.3,38.53,0
264337,oncoming_sedans.122,2.5,35.77,0
264338,oncoming_sedans.122,2.7,33.37,0
264339,oncoming_sedans.122,2.9,31.28,0
264340,oncoming_sedans.122,3.0,29.44,0
264341,oncoming_sedans.122,3.2,27.82,0
264342,oncoming_sedans.122,3.4,26.39,0
264343,oncoming_sedans.122,3.6,25.13,0
264344,oncoming_sedans.122,3.7,24.02,0
264345,oncoming_sedans.122,3.9,23.03,0
264346,oncoming_sedans.122,4.0,22.17,0
264347,oncoming_sedans.122,4.2,21.41,0
264348,oncoming_sedans.122,4.3,20.75,0
264349,oncoming_sedans.122,4.4,20.17,0
264350,oncoming_sedans.122,4.5,19.68,0
264351,oncoming_sedans.122,4.6,19.27,0
264352,oncoming_sedans.122,4.7,18.93,0
264353,oncoming_sedans.122,4.8,18.66,0
264354,oncoming_sedans.122,4.8,18.47,0
264355,oncoming_sedans.122,4.9,18.34,0
264356,oncoming_sedans.122,4.9,18.29,0
264357,oncoming_sedans.122,4.9,18.31,0
264358,oncoming_sedans.122,4.9,18.4,0
264359,oncoming_sedans.122,4.8,18.57,0
264360,oncoming_sedans.122,4.8,18.82,0
264361,oncoming_sedans.122,4.7,19.15,0
264362,oncoming_sedans.122,4.6,19.58,0
264392,oncoming_sedans.123,1.3,70.94,0
264393,oncoming_sedans.123,1.1,79.69,0
264394,oncoming_sedans.123,1.0,90.1,0
264395,oncoming_sedans.123,0.9,102.56,0
264396,oncoming_sedans.123,0.8,117.63,0
264397,oncoming_sedans.123,0.7,136.02,0
264398,oncoming_sedans.123,0.6,158.73,0
264399,oncoming_sedans.123,0.5,187.03,0
264400,oncoming_sedans.123,0.4,222.71,0
264401,oncoming_sedans.123,0.3,268.34,0
264402,oncoming_sedans.123,0.3,327.73,0
264574,oncoming_trucks.46,1.8,50.18,0
264575,oncoming_trucks.46,1.9,46.36,0
264576,oncoming_trucks.46,2.1,43.05,0
264577,oncoming_trucks.46,2.2,40.15,0
264578,oncoming_trucks.46,2.4,37.61,0
264579,oncoming_trucks.46,2.5,35.37,0
264580,oncoming_trucks.46,2.7,33.4,0
264581,oncoming_trucks.46,2.8,31.64,0
264582,oncoming_trucks.46,3.0,30.08,0
264583,oncoming_trucks.46,3.1,28.7,0
264584,oncoming_trucks.46,3.3,27.46,0
264585,oncoming_trucks.46,3.4,26.36,0
264586,oncoming_trucks.46,3.5,25.39,0
264587,oncoming_trucks.46,3.6,24.52,0
264588,oncoming_trucks.46,3.8,23.75,0
264589,oncoming_trucks.46,3.9,23.08,0
264590,oncoming_trucks.46,4.0,22.5,0
264591,oncoming_trucks.46,4.1,22.0,0
264592,oncoming_trucks.46,4.1,21.58,0
264593,oncoming_trucks.46,4.2,21.24,0
264594,oncoming_trucks.46,4.3,20.97,0
264595,oncoming_trucks.46,4.3,20.78,0
264596,oncoming_trucks.46,4.3,20.66,0
264597,oncoming_trucks.46,4.3,20.62,0
264598,oncoming_trucks.46,4.3,20.67,0
264599,oncoming_trucks.46,4.3,20.79,0
264600,oncoming_trucks.46,4.3,21.01,0
264601,oncoming_trucks.46,4.2,21.32,0
264602,oncoming_trucks.46,4.1,21.73,0
264603,oncoming_trucks.46,4.0,22.26,0
264604,oncoming_trucks.46,3.9,22.92,0
264605,oncoming_trucks.46,3.8,23.72,0
264606,oncoming_trucks.46,3.6,24.68,0
264607,oncoming_trucks.46,3.5,25.82,0
264608,oncoming_trucks.46,3.3,27.17,0
264609,oncoming_trucks.46,3.1,28.76,0
264610,oncoming_trucks.46,2.9,30.64,0
264611,oncoming_trucks.46,2.7,32.84,0
267393,oncoming_sedans.123,0.3,354.77,0
267394,oncoming_sedans.123,0.3,274.68,0
267395,oncoming_sedans.123,0.4,218.59,0
267396,oncoming_sedans.123,0.5,177.93,0
267397,oncoming_sedans.123,0.6,147.59,0
267398,oncoming_sedans.123,0.7,124.42,0
267399,oncoming_sedans.123,0.8,106.36,0
267400,oncoming_sedans.123,1.0,92.04,0
267401,oncoming_sedans.123,1.1,80.51,0
267402,oncoming_sedans.123,1.3,71.1,0
267403,oncoming_sedans.123,1.4,63.35,0
267404,oncoming_sedans.123,1.6,56.88,0
267405,oncoming_sedans.123,1.7,51.45,0
267406,oncoming_sedans.123,1.9,46.84,0
267407,oncoming_sedans.123,2.1,42.91,0
267408,oncoming_sedans.123,2.3,39.54,0
267409,oncoming_sedans.123,2.4,36.64,0
267410,oncoming_sedans.123,2.6,34.12,0
267411,oncoming_sedans.123,2.8,31.94,0
267412,oncoming_sedans.123,3.0,30.04,0
267413,oncoming_sedans.123,3.2,28.39,0
267414,oncoming_sedans.123,3.3,26.96,0
267415,oncoming_sedans.123,3.5,25.71,0
267416,oncoming_sedans.123,3.6,24.64,0
267417,oncoming_sedans.123,3.8,23.71,0
267418,oncoming_sedans.123,3.9,22.93,0
267419,oncoming_sedans.123,4.0,22.27,0
267420,oncoming_sedans.123,4.1,21.74,0
267421,oncoming_sedans.123,4.2,21.31,0
267422,oncoming_sedans.123,4.3,21.0,0
267423,oncoming_sedans.123,4.3,20.78,0
267424,oncoming_sedans.123,4.3,20.67,0
267425,oncoming_sedans.123,4.3,20.66,0
267426,oncoming_sedans.123,4.3,20.75,0
267427,oncoming_sedans.123,4.3,20.94,0
267428,oncoming_sedans.123,4.2,21.23,0
267429,oncoming_sedans.123,4.1,21.63,0
267430,oncoming_sedans.123,4.0,22.14,0
267472,oncoming_sedans.125,0.3,319.54,0
267473,oncoming_sedans.125,0.2,376.9,0
267652,oncoming_sedans.124,3.0,29.43,0
267653,oncoming_sedans.124,3.2,28.15,0
267654,oncoming_sedans.124,3.3,27.03,0
267655,oncoming_sedans.124,3.4,26.03,0
267656,oncoming_sedans.124,3.6,25.16,0
267657,oncoming_sedans.124,3.7,24.4,0
267658,oncoming_sedans.124,3.8,23.74,0
267659,oncoming_sedans.124,3.9,23.18,0
267660,oncoming_sedans.124,3.9,22.71,0
267661,oncoming_sedans.124,4.0,22.33,0
267662,oncoming_sedans.124,4.1,22.04,0
267663,oncoming_sedans.124,4.1,21.83,0
267664,oncoming_sedans.124,4.1,21.71,0
267665,oncoming_sedans.124,4.1,21.66,0
267666,oncoming_sedans.124,4.1,21.71,0
267667,oncoming_sedans.124,4.1,21.84,0
267668,oncoming_sedans.124,4.1,22.07,0
267669,oncoming_sedans.124,4.0,22.39,0
267670,oncoming_sedans.124,3.9,22.82,0
267671,oncoming_sedans.124,3.8,23.36,0
267672,oncoming_sedans.124,3.7,24.02,0
267673,oncoming_sedans.124,3.6,24.81,0
267674,oncoming_sedans.124,3.5,25.75,0
267675,oncoming_sedans.124,3.3,26.85,0
267676,oncoming_sedans.124,3.2,28.13,0
267677,oncoming_sedans.124,3.0,29.62,0
267678,oncoming_sedans.124,2.9,31.35,0
267679,oncoming_sedans.124,2.7,33.34,0
267680,oncoming_sedans.124,2.5,35.64,0
267681,oncoming_sedans.124,2.3,38.32,0
267682,oncoming_sedans.124,2.2,41.42,0
267683,oncoming_sedans.124,2.0,45.03,0
270471,oncoming_sedans.125,0.2,385.0,0
270472,oncoming_sedans.125,0.3,288.09,0
270473,oncoming_sedans.125,0.4,222.62,0
270474,oncoming_sedans.125,0.5,176.66,0
270475,oncoming_sedans.125,0.6,143.38,0
270476,oncoming_sedans.125,0.8,118.62,0
270477,oncoming_sedans.125,0.9,99.79,0
270478,oncoming_sedans.125,1.1,85.2,0
270479,oncoming_sedans.125,1.2,73.69,0
270480,oncoming_sedans.125,1.4,64.48,0
270481,oncoming_sedans.125,1.6,57.02,0
270482,oncoming_sedans.125,1.8,50.9,0
270483,oncoming_sedans.125,2.0,45.84,0
270484,oncoming_sedans.125,2.1,41.62,0
270485,oncoming_sedans.125,2.3,38.08,0
270486,oncoming_sedans.125,2.6,35.08,0
270487,oncoming_sedans.125,2.7,32.54,0
270488,oncoming_sedans.125,2.9,30.37,0
270489,oncoming_sedans.125,3.1,28.53,0
270490,oncoming_sedans.125,3.3,26.95,0
270491,oncoming_sedans.125,3.5,25.61,0
270492,oncoming_sedans.125,3.7,24.48,0
270493,oncoming_sedans.125,3.8,23.52,0
270494,oncoming_sedans.125,3.9,22.73,0
270495,oncoming_sedans.125,4.1,22.09,0
270496,oncoming_sedans.125,4.1,21.58,0
270497,oncoming_sedans.125,4.2,21.21,0
270498,oncoming_sedans.125,4.3,20.95,0
270499,oncoming_sedans.125,4.3,20.82,0
270500,oncoming_sedans.125,4.3,20.8,0
270501,oncoming_sedans.125,4.3,20.9,0
270502,oncoming_sedans.125,4.2,21.12,0
270503,oncoming_sedans.125,4.2,21.46,0
270504,oncoming_sedans.125,4.1,21.93,0
270505,oncoming_sedans.125,4.0,22.54,0
270506,oncoming_sedans.125,3.8,23.3,0
270507,oncoming_sedans.125,3.7,24.21,0
270508,oncoming_sedans.125,3.5,25.3,0
270509,oncoming_sedans.125,3.4,26.59,0
270511,oncoming_trucks.47,3.3,27.36,0
270512,oncoming_trucks.47,3.4,26.13,0
270513,oncoming_trucks.47,3.6,25.03,0
270514,oncoming_trucks.47,3.7,24.05,0
270515,oncoming_trucks.47,3.9,23.16,0
270516,oncoming_trucks.47,4.0,22.38,0
270517,oncoming_trucks.47,4.1,21.68,0
270518,oncoming_trucks.47,4.2,21.06,0
270519,oncoming_trucks.47,4.4,20.51,0
270520,oncoming_trucks.47,4.5,20.04,0
270521,oncoming_trucks.47,4.6,19.63,0
270522,oncoming_trucks.47,4.6,19.29,0
270523,oncoming_trucks.47,4.7,19.02,0
270524,oncoming_trucks.47,4.8,18.81,0
270525,oncoming_trucks.47,4.8,18.66,0
270526,oncoming_trucks.47,4.8,18.58,0
270527,oncoming_trucks.47,4.8,18.56,0
270528,oncoming_trucks.47,4.8,18.62,0
270529,oncoming_trucks.47,4.8,18.74,0
270530,oncoming_trucks.47,4.7,18.95,0
270531,oncoming_trucks.47,4.6,19.24,0
270532,oncoming_trucks.47,4.6,19.63,0
270533,oncoming_trucks.47,4.4,20.12,0
270534,oncoming_trucks.47,4.3,20.72,0
270535,oncoming_trucks.47,4.2,21.45,0
270536,oncoming_trucks.47,4.0,22.32,0
270537,oncoming_trucks.47,3.8,23.35,0
270538,oncoming_trucks.47,3.6,24.57,0
270539,oncoming_trucks.47,3.4,26.01,0
270540,oncoming_trucks.47,3.2,27.7,0
270541,oncoming_trucks.47,3.0,29.68,0
270542,oncoming_trucks.47,2.8,32.02,0
270719,oncoming_sedans.126,2.6,34.15,0
270720,oncoming_sedans.126,2.8,31.76,0
270721,oncoming_sedans.126,3.0,29.67,0
270722,oncoming_sedans.126,3.2,27.86,0
270723,oncoming_sedans.126,3.4,26.27,0
270724,oncoming_sedans.126,3.6,24.89,0
270725,oncoming_sedans.126,3.8,23.68,0
270726,oncoming_sedans.126,4.0,22.63,0
270727,oncoming_sedans.126,4.1,21.72,0
270728,oncoming_sedans.126,4.3,20.93,0
270729,oncoming_sedans.126,4.4,20.25,0
270730,oncoming_sedans.126,4.5,19.69,0
270731,oncoming_sedans.126,4.7,19.21,0
270732,oncoming_sedans.126,4.8,18.83,0
270733,oncoming_sedans.126,4.8,18.54,0
270734,oncoming_sedans.126,4.9,18.33,0
270735,oncoming_sedans.126,4.9,18.21,0
270736,oncoming_sedans.126,4.9,18.16,0
270737,oncoming_sedans.126,4.9,18.2,0
270738,oncoming_sedans.126,4.9,18.32,0
270739,oncoming_sedans.126,4.8,18.52,0
270740,oncoming_sedans.126,4.8,18.81,0
270741,oncoming_sedans.126,4.7,19.19,0
270742,oncoming_sedans.126,4.6,19.66,0
270743,oncoming_sedans.126,4.4,20.24,0
270744,oncoming_sedans.126,4.3,20.92,0
273583,oncoming_sedans.128,3.0,29.54,0
273584,oncoming_sedans.128,3.2,28.25,0
273585,oncoming_sedans.128,3.3,27.11,0
273586,oncoming_sedans.128,3.4,26.11,0
273587,oncoming_sedans.128,3.5,25.23,0
273588,oncoming_sedans.128,3.7,24.46,0
273589,oncoming_sedans.128,3.8,23.8,0
273590,oncoming_sedans.128,3.9,23.23,0
273591,oncoming_sedans.128,3.9,22.76,0
273592,oncoming_sedans.128,4.0,22.38,0
273593,oncoming_sedans.128,4.1,22.08,0
273594,oncoming_sedans.128,4.1,21.87,0
273595,oncoming_sedans.128,4.1,21.74,0
273596,oncoming_sedans.128,4.1,21.69,0
273597,oncoming_sedans.128,4.1,21.74,0
273598,oncoming_sedans.128,4.1,21.87,0
273599,oncoming_sedans.128,4.1,22.09,0
273600,oncoming_sedans.128,4.0,22.41,0
273601,oncoming_sedans.128,3.9,22.84,0
273602,oncoming_sedans.128,3.8,23.37,0
273603,oncoming_sedans.128,3.7,24.03,0
273604,oncoming_sedans.128,3.6,24.82,0
273605,oncoming_sedans.128,3.5,25.76,0
273606,oncoming_sedans.128,3.3,26.86,0
273607,oncoming_sedans.128,3.2,28.14,0
273608,oncoming_sedans.128,3.0,29.63,0
273609,oncoming_sedans.128,2.9,31.35,0
273610,oncoming_sedans.128,2.7,33.34,0
273611,oncoming_sedans.128,2.5,35.64,0
273612,oncoming_sedans.128,2.3,38.31,0
273613,oncoming_sedans.128,2.2,41.41,0
273614,oncoming_sedans.128,2.0,45.01,0
273773,oncoming_sedans.127,0.2,375.12,0
273774,oncoming_sedans.127,0.3,292.83,0
273775,oncoming_sedans.127,0.4,234.02,0
273776,oncoming_sedans.127,0.5,190.74,0
273777,oncoming_sedans.127,0.6,158.12,0
273778,oncoming_sedans.127,0.7,133.03,0
273779,oncoming_sedans.127,0.8,113.38,0
273780,oncoming_sedans.127,0.9,97.76,0
273781,oncoming_sedans.127,1.1,85.18,0
273782,oncoming_sedans.127,1.2,74.91,0
273783,oncoming_sedans.127,1.3,66.46,0
273784,oncoming_sedans.127,1.5,59.43,0
273785,oncoming_sedans.127,1.7,53.54,0
273786,oncoming_sedans.127,1.8,48.56,0
273787,oncoming_sedans.127,2.0,44.32,0
273788,oncoming_sedans.127,2.2,40.7,0
273789,oncoming_sedans.127,2.4,37.59,0
273790,oncoming_sedans.127,2.6,34.9,0
273791,oncoming_sedans.127,2.7,32.58,0
273792,oncoming_sedans.127,2.9,30.56,0
273793,oncoming_sedans.127,3.1,28.81,0
273794,oncoming_sedans.127,3.3,27.29,0
273795,oncoming_sedans.127,3.4,25.96,0
273796,oncoming_sedans.127,3.6,24.81,0
273797,oncoming_sedans.127,3.8,23.82,0
273798,oncoming_sedans.127,3.9,22.98,0
273799,oncoming_sedans.127,4.0,22.26,0
273800,oncoming_sedans.127,4.1,21.66,0
273801,oncoming_sedans.127,4.2,21.16,0
273802,oncoming_sedans.127,4.3,20.78,0
273803,oncoming_sedans.127,4.4,20.49,0
273804,oncoming_sedans.127,4.4,20.3,0
273805,oncoming_sedans.127,4.4,20.2,0
273806,oncoming_sedans.127,4.4,20.19,0
273807,oncoming_sedans.127,4.4,20.27,0
273808,oncoming_sedans.127,4.4,20.45,0
273809,oncoming_sedans.127,4.3,20.73,0
273810,oncoming_sedans.127,4.2,21.11,0
273811,oncoming_sedans.127,4.1,21.59,0
273812,oncoming_sedans.127,4.0,22.18,0
273848,oncoming_trucks.48,0.9,94.44,0
273849,oncoming_trucks.48,0.8,110.93,0
273850,oncoming_trucks.48,0.7,132.57,0
273851,oncoming_trucks.48,0.6,161.91,0
273852,oncoming_trucks.48,0.4,203.46,0
273853,oncoming_trucks.48,0.3,266.0,0
273854,oncoming_trucks.48,0.2,369.2,0
276661,oncoming_sedans.129,3.5,25.71,0
276662,oncoming_sedans.129,3.6,24.61,0
276663,oncoming_sedans.129,3.8,23.63,0
276664,oncoming_sedans.129,3.9,22.77,0
276665,oncoming_sedans.129,4.1,22.01,0
276666,oncoming_sedans.129,4.2,21.34,0
276667,oncoming_sedans.129,4.3,20.77,0
276668,oncoming_sedans.129,4.4,20.27,0
276669,oncoming_sedans.129,4.5,19.86,0
276670,oncoming_sedans.129,4.6,19.52,0
276671,oncoming_sedans.129,4.6,19.26,0
276672,oncoming_sedans.129,4.7,19.07,0
276673,oncoming_sedans.129,4.7,18.95,0
276674,oncoming_sedans.129,4.7,18.9,0
276675,oncoming_sedans.129,4.7,18.93,0
276676,oncoming_sedans.129,4.7,19.03,0
276677,oncoming_sedans.129,4.7,19.21,0
276678,oncoming_sedans.129,4.6,19.47,0
276679,oncoming_sedans.129,4.5,19.81,0
276680,oncoming_sedans.129,4.4,20.25,0
276681,oncoming_sedans.129,4.3,20.78,0
276682,oncoming_sedans.129,4.2,21.42,0
276683,oncoming_sedans.129,4.0,22.18,0
276684,oncoming_sedans.129,3.9,23.06,0
276685,oncoming_sedans.129,3.7,24.09,0
276686,oncoming_sedans.129,3.5,25.28,0
276860,oncoming_sedans.130,2.1,43.31,0
276861,oncoming_sedans.130,2.2,40.22,0
276862,oncoming_sedans.130,2.4,37.52,0
276863,oncoming_sedans.130,2.5,35.16,0
276864,oncoming_sedans.130,2.7,33.1,0
276865,oncoming_sedans.130,2.9,31.28,0
276866,oncoming_sedans.130,3.0,29.69,0
276867,oncoming_sedans.130,3.2,28.29,0
276868,oncoming_sedans.130,3.3,27.07,0
276869,oncoming_sedans.130,3.4,26.0,0
276870,oncoming_sedans.130,3.6,25.08,0
276871,oncoming_sedans.130,3.7,24.28,0
276872,oncoming_sedans.130,3.8,23.61,0
276873,oncoming_sedans.130,3.9,23.04,0
276874,oncoming_sedans.130,4.0,22.58,0
276875,oncoming_sedans.130,4.0,22.22,0
276876,oncoming_sedans.130,4.1,21.96,0
276877,oncoming_sedans.130,4.1,21.79,0
276878,oncoming_sedans.130,4.1,21.71,0
276879,oncoming_sedans.130,4.1,21.73,0
276880,oncoming_sedans.130,4.1,21.83,0
276881,oncoming_sedans.130,4.1,22.03,0
276882,oncoming_sedans.130,4.0,22.33,0
276883,oncoming_sedans.130,3.9,22.73,0
276884,oncoming_sedans.130,3.9,23.24,0
276885,oncoming_sedans.130,3.8,23.85,0
276886,oncoming_sedans.130,3.6,24.59,0
276887,oncoming_sedans.130,3.5,25.46,0
276888,oncoming_sedans.130,3.4,26.46,0
276889,oncoming_sedans.130,3.2,27.62,0
276890,oncoming_sedans.130,3.1,28.95,0
276891,oncoming_sedans.130,2.9,30.46,0
279711,oncoming_trucks.48,0.2,382.25,0
279712,oncoming_trucks.48,0.3,287.06,0
279713,oncoming_trucks.48,0.4,224.1,0
279714,oncoming_trucks.48,0.5,180.28,0
279715,oncoming_trucks.48,0.6,148.57,0
279716,oncoming_trucks.48,0.7,124.87,0
279717,oncoming_trucks.48,0.8,106.69,0
279718,oncoming_trucks.48,1.0,92.45,0
279719,oncoming_trucks.48,1.1,81.08,0
279720,oncoming_trucks.48,1.2,71.86,0
279721,oncoming_trucks.48,1.4,64.28,0
279722,oncoming_trucks.48,1.5,57.98,0
279723,oncoming_trucks.48,1.7,52.68,0
279724,oncoming_trucks.48,1.9,48.19,0
279725,oncoming_trucks.48,2.0,44.35,0
279726,oncoming_trucks.48,2.2,41.05,0
279727,oncoming_trucks.48,2.3,38.19,0
279728,oncoming_trucks.48,2.5,35.7,0
279729,oncoming_trucks.48,2.7,33.53,0
279730,oncoming_trucks.48,2.8,31.62,0
279731,oncoming_trucks.48,3.0,29.94,0
279732,oncoming_trucks.48,3.1,28.46,0
279733,oncoming_trucks.48,3.3,27.15,0
279734,oncoming_trucks.48,3.4,26.0,0
279735,oncoming_trucks.48,3.6,24.98,0
279736,oncoming_trucks.48,3.7,24.09,0
279737,oncoming_trucks.48,3.8,23.31,0
279738,oncoming_trucks.48,4.0,22.63,0
279739,oncoming_trucks.48,4.1,22.04,0
279740,oncoming_trucks.48,4.2,21.55,0
279741,oncoming_trucks.48,4.2,21.13,0
279742,oncoming_trucks.48,4.3,20.8,0
279743,oncoming_trucks.48,4.4,20.55,0
279744,oncoming_trucks.48,4.4,20.38,0
279745,oncoming_trucks.48,4.4,20.29,0
279746,oncoming_trucks.48,4.4,20.27,0
279747,oncoming_trucks.48,4.4,20.34,0
279748,oncoming_trucks.48,4.4,20.49,0
279749,oncoming_trucks.48,4.3,20.74,0
279750,oncoming_trucks.48,4.2,21.08,0
279751,oncoming_trucks.48,4.2,21.52,0
279752,oncoming_trucks.48,4.1,22.08,0
279753,oncoming_trucks.48,3.9,22.77,0
279754,oncoming_trucks.48,3.8,23.59,0
279755,oncoming_trucks.48,3.6,24.57,0
279939,oncoming_sedans.131,2.7,33.63,0
279940,oncoming_sedans.131,2.9,31.31,0
279941,oncoming_sedans.131,3.1,29.29,0
279942,oncoming_sedans.131,3.3,27.53,0
279943,oncoming_sedans.131,3.4,25.99,0
279944,oncoming_sedans.131,3.6,24.64,0
279945,oncoming_sedans.131,3.8,23.47,0
279946,oncoming_sedans.131,4.0,22.44,0
279947,oncoming_sedans.131,4.2,21.55,0
279948,oncoming_sedans.131,4.3,20.78,0
279949,oncoming_sedans.131,4.4,20.12,0
279950,oncoming_sedans.131,4.6,19.57,0
279951,oncoming_sedans.131,4.7,19.11,0
279952,oncoming_sedans.131,4.8,18.74,0
279953,oncoming_sedans.131,4.8,18.45,0
279954,oncoming_sedans.131,4.9,18.25,0
279955,oncoming_sedans.131,4.9,18.13,0
279956,oncoming_sedans.131,4.9,18.09,0
279957,oncoming_sedans.131,4.9,18.13,0
279958,oncoming_sedans.131,4.9,18.25,0
279959,oncoming_sedans.131,4.8,18.46,0
279960,oncoming_sedans.131,4.8,18.75,0
279961,oncoming_sedans.131,4.7,19.13,0
279962,oncoming_sedans.131,4.6,19.61,0
279963,oncoming_sedans.131,4.4,20.19,0
279964,oncoming_sedans.131,4.3,20.87,0
282774,oncoming_sedans.133,0.2,369.17,0
282775,oncoming_sedans.133,0.3,289.01,0
282776,oncoming_sedans.133,0.4,231.48,0
282777,oncoming_sedans.133,0.5,189.0,0
282778,oncoming_sedans.133,0.6,156.9,0
282779,oncoming_sedans.133,0.7,132.15,0
282780,oncoming_sedans.133,0.8,112.74,0
282781,oncoming_sedans.133,0.9,97.28,0
282782,oncoming_sedans.133,1.1,84.81,0
282783,oncoming_sedans.133,1.2,74.64,0
282784,oncoming_sedans.133,1.4,66.25,0
282785,oncoming_sedans.133,1.5,59.26,0
282786,oncoming_sedans.133,1.7,53.4,0
282787,oncoming_sedans.133,1.8,48.45,0
282788,oncoming_sedans.133,2.0,44.24,0
282789,oncoming_sedans.133,2.2,40.64,0
282790,oncoming_sedans.133,2.4,37.54,0
282791,oncoming_sedans.133,2.6,34.86,0
282792,oncoming_sedans.133,2.7,32.55,0
282793,oncoming_sedans.133,2.9,30.54,0
282794,oncoming_sedans.133,3.1,28.79,0
282795,oncoming_sedans.133,3.3,27.27,0
282796,oncoming_sedans.133,3.4,25.95,0
282797,oncoming_sedans.133,3.6,24.81,0
282798,oncoming_sedans.133,3.8,23.82,0
282799,oncoming_sedans.133,3.9,22.98,0
282800,oncoming_sedans.133,4.0,22.26,0
282801,oncoming_sedans.133,4.1,21.66,0
282802,oncoming_sedans.133,4.2,21.17,0
282803,oncoming_sedans.133,4.3,20.79,0
282804,oncoming_sedans.133,4.4,20.5,0
282805,oncoming_sedans.133,4.4,20.31,0
282806,oncoming_sedans.133,4.4,20.21,0
282807,oncoming_sedans.133,4.4,20.21,0
282808,oncoming_sedans.133,4.4,20.3,0
282809,oncoming_sedans.133,4.4,20.48,0
282810,oncoming_sedans.133,4.3,20.76,0
282811,oncoming_sedans.133,4.2,21.14,0
282812,oncoming_sedans.133,4.1,21.62,0
282813,oncoming_sedans.133,4.0,22.22,0
282974,oncoming_sedans.132,0.6,153.85,0
285842,oncoming_sedans.134,0.2,371.75,0
285843,oncoming_sedans.134,0.3,290.78,0
285844,oncoming_sedans.134,0.4,232.73,0
285845,oncoming_sedans.134,0.5,189.91,0
285846,oncoming_sedans.134,0.6,157.57,0
285847,oncoming_sedans.134,0.7,132.65,0
285848,oncoming_sedans.134,0.8,113.12,0
285849,oncoming_sedans.134,0.9,97.58,0
285850,oncoming_sedans.134,1.1,85.04,0
285851,oncoming_sedans.134,1.2,74.82,0
285852,oncoming_sedans.134,1.3,66.39,0
285853,oncoming_sedans.134,1.5,59.38,0
285854,oncoming_sedans.134,1.7,53.5,0
285855,oncoming_sedans.134,1.8,48.53,0
285856,oncoming_sedans.134,2.0,44.3,0
285857,oncoming_sedans.134,2.2,40.68,0
285858,oncoming_sedans.134,2.4,37.58,0
285859,oncoming_sedans.134,2.6,34.89,0
285860,oncoming_sedans.134,2.7,32.57,0
285861,oncoming_sedans.134,2.9,30.56,0
285862,oncoming_sedans.134,3.1,28.81,0
285863,oncoming_sedans.134,3.3,27.28,0
285864,oncoming_sedans.134,3.4,25.96,0
285865,oncoming_sedans.134,3.6,24.81,0
285866,oncoming_sedans.134,3.8,23.82,0
285867,oncoming_sedans.134,3.9,22.98,0
285868,oncoming_sedans.134,4.0,22.26,0
285869,oncoming_sedans.134,4.1,21.66,0
285870,oncoming_sedans.134,4.2,21.17,0
285871,oncoming_sedans.134,4.3,20.78,0
285872,oncoming_sedans.134,4.4,20.49,0
285873,oncoming_sedans.134,4.4,20.3,0
285874,oncoming_sedans.134,4.4,20.2,0
285875,oncoming_sedans.134,4.4,20.19,0
285876,oncoming_sedans.134,4.4,20.28,0
285877,oncoming_sedans.134,4.4,20.46,0
285878,oncoming_sedans.134,4.3,20.73,0
285879,oncoming_sedans.134,4.2,21.11,0
285880,oncoming_sedans.134,4.1,21.59,0
285881,oncoming_sedans.134,4.0,22.18,0
286019,school_buses.10,1.7,51.55,0
286020,school_buses.10,1.9,47.57,0
286021,school_buses.10,2.0,44.12,0
286022,school_buses.10,2.2,41.11,0
286023,school_buses.10,2.3,38.48,0
286024,school_buses.10,2.5,36.16,0
286025,school_buses.10,2.6,34.11,0
286026,school_buses.10,2.8,32.29,0
286027,school_buses.10,2.9,30.67,0
286028,school_buses.10,3.1,29.23,0
286029,school_buses.10,3.2,27.95,0
286030,school_buses.10,3.3,26.8,0
286031,school_buses.10,3.5,25.77,0
286032,school_buses.10,3.6,24.86,0
286033,school_buses.10,3.7,24.05,0
286034,school_buses.10,3.8,23.34,0
286035,school_buses.10,3.9,22.71,0
286036,school_buses.10,4.0,22.17,0
286037,school_buses.10,4.1,21.7,0
286038,school_buses.10,4.2,21.32,0
286039,school_buses.10,4.3,21.0,0
286040,school_buses.10,4.3,20.76,0
286041,school_buses.10,4.3,20.6,0
286042,school_buses.10,4.4,20.51,0
286043,school_buses.10,4.4,20.5,0
286044,school_buses.10,4.3,20.57,0
286045,school_buses.10,4.3,20.73,0
286046,school_buses.10,4.3,20.98,0
286047,school_buses.10,4.2,21.33,0
286048,school_buses.10,4.1,21.79,0
286049,school_buses.10,4.0,22.38,0
286050,school_buses.10,3.9,23.11,0
286051,school_buses.10,3.7,23.99,0
286052,school_buses.10,3.6,25.05,0
286053,school_buses.10,3.4,26.32,0
286054,school_buses.10,3.2,27.84,0
286055,school_buses.10,3.0,29.65,0
286056,school_buses.10,2.8,31.8,0
286057,school_buses.10,2.6,34.37,0
286058,school_buses.10,2.4,37.47,0
286059,school_buses.10,2.2,41.17,0
286060,school_buses.10,2.0,45.62,0
286061,school_buses.10,1.8,51.02,0
286062,school_buses.10,1.6,57.63,0
286063,school_buses.10,1.4,65.81,0
286064,school_buses.10,1.2,76.1,0
286065,school_buses.10,1.0,89.29,0
286066,school_buses.10,0.8,106.62,0
286067,school_buses.10,0.7,130.12,0
286068,school_buses.10,0.5,163.37,0
286069,school_buses.10,0.4,213.34,0
286070,school_buses.10,0.3,295.6,0
288910,oncoming_sedans.136,0.2,371.53,0
288911,oncoming_sedans.136,0.3,290.64,0
288912,oncoming_sedans.136,0.4,232.64,0
288913,oncoming_sedans.136,0.5,189.84,0
288914,oncoming_sedans.136,0.6,157.52,0
288915,oncoming_sedans.136,0.7,132.62,0
288916,oncoming_sedans.136,0.8,113.1,0
288917,oncoming_sedans.136,0.9,97.56,0
288918,oncoming_sedans.136,1.1,85.03,0
288919,oncoming_sedans.136,1.2,74.81,0
288920,oncoming_sedans.136,1.3,66.38,0
288921,oncoming_sedans.136,1.5,59.37,0
288922,oncoming_sedans.136,1.7,53.49,0
288923,oncoming_sedans.136,1.8,48.52,0
288924,oncoming_sedans.136,2.0,44.3,0
288925,oncoming_sedans.136,2.2,40.68,0
288926,oncoming_sedans.136,2.4,37.57,0
288927,oncoming_sedans.136,2.6,34.89,0
288928,oncoming_sedans.136,2.7,32.57,0
288929,oncoming_sedans.136,2.9,30.56,0
288930,oncoming_sedans.136,3.1,28.81,0
288931,oncoming_sedans.136,3.3,27.28,0
288932,oncoming_sedans.136,3.4,25.96,0
288933,oncoming_sedans.136,3.6,24.81,0
288934,oncoming_sedans.136,3.8,23.82,0
288935,oncoming_sedans.136,3.9,22.98,0
288936,oncoming_sedans.136,4.0,22.26,0
288937,oncoming_sedans.136,4.1,21.66,0
288938,oncoming_sedans.136,4.2,21.17,0
288939,oncoming_sedans.136,4.3,20.78,0
288940,oncoming_sedans.136,4.4,20.49,0
288941,oncoming_sedans.136,4.4,20.3,0
288942,oncoming_sedans.136,4.4,20.2,0
288943,oncoming_sedans.136,4.4,20.19,0
288944,oncoming_sedans.136,4.4,20.28,0
288945,oncoming_sedans.136,4.4,20.46,0
288946,oncoming_sedans.136,4.3,20.73,0
288947,oncoming_sedans.136,4.2,21.11,0
288948,oncoming_sedans.136,4.1,21.59,0
288949,oncoming_sedans.136,4.0,22.18,0
289065,school_buses.10,0.2,364.53,0
289066,school_buses.10,0.3,273.48,0
289067,school_buses.10,0.4,213.75,0
289068,school_buses.10,0.5,172.41,0
289069,school_buses.10,0.6,142.57,0
289070,school_buses.10,0.7,120.31,0
289071,school_buses.10,0.9,103.24,0
289072,school_buses.10,1.0,89.86,0
289073,school_buses.10,1.1,79.16,0
289074,school_buses.10,1.3,70.46,0
289075,school_buses.10,1.4,63.3,0
289076,school_buses.10,1.6,57.32,0
289077,school_buses.10,1.7,52.28,0
289078,school_buses.10,1.9,48.0,0
289079,school_buses.10,2.0,44.32,0
289080,school_buses.10,2.2,41.13,0
289081,school_buses.10,2.3,38.37,0
289082,school_buses.10,2.5,35.95,0
289083,school_buses.10,2.6,33.82,0
289084,school_buses.10,2.8,31.95,0
289085,school_buses.10,3.0,30.29,0
289086,school_buses.10,3.1,28.81,0
289087,school_buses.10,3.3,27.51,0
289088,school_buses.10,3.4,26.34,0
289089,school_buses.10,3.5,25.31,0
289090,school_buses.10,3.7,24.39,0
289091,school_buses.10,3.8,23.58,0
289092,school_buses.10,3.9,22.87,0
289093,school_buses.10,4.0,22.25,0
289094,school_buses.10,4.1,21.71,0
289095,school_buses.10,4.2,21.25,0
289096,school_buses.10,4.3,20.87,0
289097,school_buses.10,4.3,20.57,0
289098,school_buses.10,4.4,20.34,0
289099,school_buses.10,4.4,20.19,0
289100,school_buses.10,4.4,20.11,0
289101,school_buses.10,4.4,20.11,0
289102,school_buses.10,4.4,20.2,0
289103,school_buses.10,4.4,20.37,0
289104,school_buses.10,4.3,20.64,0
289105,school_buses.10,4.3,21.02,0
289106,school_buses.10,4.2,21.5,0
289107,school_buses.10,4.0,22.12,0
291978,oncoming_sedans.137,0.2,371.68,0
291979,oncoming_sedans.137,0.3,290.74,0
291980,oncoming_sedans.137,0.4,232.7,0
291981,oncoming_sedans.137,0.5,189.89,0
291982,oncoming_sedans.137,0.6,157.56,0
291983,oncoming_sedans.137,0.7,132.64,0
291984,oncoming_sedans.137,0.8,113.11,0
291985,oncoming_sedans.137,0.9,97.57,0
291986,oncoming_sedans.137,1.1,85.04,0
291987,oncoming_sedans.137,1.2,74.82,0
291988,oncoming_sedans.137,1.3,66.39,0
291989,oncoming_sedans.137,1.5,59.38,0
291990,oncoming_sedans.137,1.7,53.49,0
291991,oncoming_sedans.137,1.8,48.52,0
291992,oncoming_sedans.137,2.0,44.3,0
291993,oncoming_sedans.137,2.2,40.68,0
291994,oncoming_sedans.137,2.4,37.58,0
291995,oncoming_sedans.137,2.6,34.89,0
291996,oncoming_sedans.137,2.7,32.57,0
291997,oncoming_sedans.137,2.9,30.56,0
291998,oncoming_sedans.137,3.1,28.81,0
291999,oncoming_sedans.137,3.3,27.28,0
292000,oncoming_sedans.137,3.4,25.96,0
292001,oncoming_sedans.137,3.6,24.81,0
292002,oncoming_sedans.137,3.8,23.82,0
292003,oncoming_sedans.137,3.9,22.98,0
292004,oncoming_sedans.137,4.0,22.26,0
292005,oncoming_sedans.137,4.1,21.66,0
292006,oncoming_sedans.137,4.2,21.17,0
292007,oncoming_sedans.137,4.3,20.78,0
292008,oncoming_sedans.137,4.4,20.49,0
292009,oncoming_sedans.137,4.4,20.3,0
292010,oncoming_sedans.137,4.4,20.2,0
292011,oncoming_sedans.137,4.4,20.19,0
292012,oncoming_sedans.137,4.4,20.28,0
292013,oncoming_sedans.137,4.4,20.46,0
292014,oncoming_sedans.137,4.3,20.73,0
292015,oncoming_sedans.137,4.2,21.11,0
292016,oncoming_sedans.137,4.1,21.59,0
292017,oncoming_sedans.137,4.0,22.18,0
292143,oncoming_sedans.135,1.5,59.23,0
292144,oncoming_sedans.135,1.7,53.99,0
292145,oncoming_sedans.135,1.8,49.51,0
292146,oncoming_sedans.135,2.0,45.65,0
292147,oncoming_sedans.135,2.1,42.31,0
292148,oncoming_sedans.135,2.3,39.4,0
292149,oncoming_sedans.135,2.4,36.86,0
292150,oncoming_sedans.135,2.6,34.63,0
292151,oncoming_sedans.135,2.7,32.67,0
292152,oncoming_sedans.135,2.9,30.95,0
292153,oncoming_sedans.135,3.0,29.43,0
292154,oncoming_sedans.135,3.2,28.08,0
292155,oncoming_sedans.135,3.3,26.9,0
292156,oncoming_sedans.135,3.5,25.86,0
292157,oncoming_sedans.135,3.6,24.95,0
292158,oncoming_sedans.135,3.7,24.16,0
292159,oncoming_sedans.135,3.8,23.47,0
292160,oncoming_sedans.135,3.9,22.89,0
292161,oncoming_sedans.135,4.0,22.4,0
292162,oncoming_sedans.135,4.1,22.0,0
292163,oncoming_sedans.135,4.1,21.69,0
292164,oncoming_sedans.135,4.2,21.47,0
292165,oncoming_sedans.135,4.2,21.33,0
292166,oncoming_sedans.135,4.2,21.28,0
292167,oncoming_sedans.135,4.2,21.31,0
292168,oncoming_sedans.135,4.2,21.44,0
292169,oncoming_sedans.135,4.1,21.65,0
292170,oncoming_sedans.135,4.1,21.97,0
292171,oncoming_sedans.135,4.0,22.38,0
292172,oncoming_sedans.135,3.9,22.91,0
292173,oncoming_sedans.135,3.8,23.56,0
292174,oncoming_sedans.135,3.7,24.34,0
292175,oncoming_sedans.135,3.5,25.27,0
295046,oncoming_sedans.138,0.2,371.65,0
295047,oncoming_sedans.138,0.3,290.72,0
295048,oncoming_sedans.138,0.4,232.69,0
295049,oncoming_sedans.138,0.5,189.88,0
295050,oncoming_sedans.138,0.6,157.55,0
295051,oncoming_sedans.138,0.7,132.64,0
295052,oncoming_sedans.138,0.8,113.11,0
295053,oncoming_sedans.138,0.9,97.57,0
295054,oncoming_sedans.138,1.1,85.04,0
295055,oncoming_sedans.138,1.2,74.81,0
295056,oncoming_sedans.138,1.3,66.39,0
295057,oncoming_sedans.138,1.5,59.38,0
295058,oncoming_sedans.138,1.7,53.49,0
295059,oncoming_sedans.138,1.8,48.53,0
295060,oncoming_sedans.138,2.0,44.3,0
295061,oncoming_sedans.138,2.2,40.68,0
295062,oncoming_sedans.138,2.4,37.58,0
295063,oncoming_sedans.138,2.6,34.89,0
295064,oncoming_sedans.138,2.7,32.57,0
295065,oncoming_sedans.138,2.9,30.56,0
295066,oncoming_sedans.138,3.1,28.81,0
295067,oncoming_sedans.138,3.3,27.28,0
295068,oncoming_sedans.138,3.4,25.96,0
295069,oncoming_sedans.138,3.6,24.81,0
295070,oncoming_sedans.138,3.8,23.83,0
295071,oncoming_sedans.138,3.9,22.98,0
295072,oncoming_sedans.138,4.0,22.26,0
295073,oncoming_sedans.138,4.1,21.66,0
295074,oncoming_sedans.138,4.2,21.17,0
295075,oncoming_sedans.138,4.3,20.78,0
295076,oncoming_sedans.138,4.4,20.49,0
295077,oncoming_sedans.138,4.4,20.3,0
295078,oncoming_sedans.138,4.4,20.2,0
295079,oncoming_sedans.138,4.4,20.19,0
295080,oncoming_sedans.138,4.4,20.28,0
295081,oncoming_sedans.138,4.4,20.46,0
295082,oncoming_sedans.138,4.3,20.73,0
295083,oncoming_sedans.138,4.2,21.11,0
295084,oncoming_sedans.138,4.1,21.59,0
295085,oncoming_sedans.138,4.0,22.18,0
295121,oncoming_trucks.52,0.9,94.83,0
295122,oncoming_trucks.52,0.8,111.42,0
295123,oncoming_trucks.52,0.7,133.2,0
295124,oncoming_trucks.52,0.5,162.75,0
295125,oncoming_trucks.52,0.4,204.62,0
295126,oncoming_trucks.52,0.3,267.73,0
295127,oncoming_trucks.52,0.2,372.06,0
295225,oncoming_trucks.51,1.8,50.77,0
295226,oncoming_trucks.51,1.9,46.48,0
295227,oncoming_trucks.51,2.1,42.8,0
295228,oncoming_trucks.51,2.3,39.61,0
295229,oncoming_trucks.51,2.4,36.85,0
295230,oncoming_trucks.51,2.6,34.43,0
295231,oncoming_trucks.51,2.8,32.31,0
295232,oncoming_trucks.51,2.9,30.44,0
295233,oncoming_trucks.51,3.1,28.79,0
295234,oncoming_trucks.51,3.3,27.33,0
295235,oncoming_trucks.51,3.4,26.04,0
295236,oncoming_trucks.51,3.6,24.89,0
295237,oncoming_trucks.51,3.7,23.87,0
295238,oncoming_trucks.51,3.9,22.97,0
295239,oncoming_trucks.51,4.0,22.18,0
295240,oncoming_trucks.51,4.2,21.48,0
295241,oncoming_trucks.51,4.3,20.87,0
295242,oncoming_trucks.51,4.4,20.34,0
295243,oncoming_trucks.51,4.5,19.9,0
295244,oncoming_trucks.51,4.6,19.53,0
295245,oncoming_trucks.51,4.7,19.23,0
295246,oncoming_trucks.51,4.7,19.0,0
295247,oncoming_trucks.51,4.7,18.84,0
295248,oncoming_trucks.51,4.8,18.76,0
295249,oncoming_trucks.51,4.8,18.74,0
295250,oncoming_trucks.51,4.8,18.8,0
295251,oncoming_trucks.51,4.7,18.94,0
295252,oncoming_trucks.51,4.7,19.16,0
295253,oncoming_trucks.51,4.6,19.47,0
295254,oncoming_trucks.51,4.5,19.87,0
295255,oncoming_trucks.51,4.4,20.37,0
295256,oncoming_trucks.51,4.3,20.99,0
295257,oncoming_trucks.51,4.1,21.74,0
295258,oncoming_trucks.51,4.0,22.62,0
295259,oncoming_trucks.51,3.8,23.66,0
298119,oncoming_trucks.52,0.2,386.48,0
298120,oncoming_trucks.52,0.3,289.75,0
298121,oncoming_trucks.52,0.4,225.91,0
298122,oncoming_trucks.52,0.5,181.56,0
298123,oncoming_trucks.52,0.6,149.5,0
298124,oncoming_trucks.52,0.7,125.56,0
298125,oncoming_trucks.52,0.8,107.23,0
298126,oncoming_trucks.52,1.0,92.87,0
298127,oncoming_trucks.52,1.1,81.41,0
298128,oncoming_trucks.52,1.2,72.13,0
298129,oncoming_trucks.52,1.4,64.5,0
298130,oncoming_trucks.52,1.5,58.16,0
298131,oncoming_trucks.52,1.7,52.83,0
298132,oncoming_trucks.52,1.9,48.32,0
298133,oncoming_trucks.52,2.0,44.46,0
298134,oncoming_trucks.52,2.2,41.14,0
298135,oncoming_trucks.52,2.3,38.27,0
298136,oncoming_trucks.52,2.5,35.77,0
298137,oncoming_trucks.52,2.7,33.58,0
298138,oncoming_trucks.52,2.8,31.67,0
298139,oncoming_trucks.52,3.0,29.98,0
298140,oncoming_trucks.52,3.1,28.5,0
298141,oncoming_trucks.52,3.3,27.18,0
298142,oncoming_trucks.52,3.4,26.03,0
298143,oncoming_trucks.52,3.6,25.01,0
298144,oncoming_trucks.52,3.7,24.11,0
298145,oncoming_trucks.52,3.8,23.32,0
298146,oncoming_trucks.52,4.0,22.64,0
298147,oncoming_trucks.52,4.1,22.05,0
298148,oncoming_trucks.52,4.2,21.56,0
298149,oncoming_trucks.52,4.2,21.14,0
298150,oncoming_trucks.52,4.3,20.81,0
298151,oncoming_trucks.52,4.4,20.56,0
298152,oncoming_trucks.52,4.4,20.38,0
298153,oncoming_trucks.52,4.4,20.28,0
298154,oncoming_trucks.52,4.4,20.27,0
298155,oncoming_trucks.52,4.4,20.33,0
298156,oncoming_trucks.52,4.4,20.48,0
298157,oncoming_trucks.52,4.3,20.72,0
298158,oncoming_trucks.52,4.2,21.06,0
298159,oncoming_trucks.52,4.2,21.5,0
298160,oncoming_trucks.52,4.1,22.06,0
298161,oncoming_trucks.52,3.9,22.74,0
298162,oncoming_trucks.52,3.8,23.56,0
298163,oncoming_trucks.52,3.6,24.54,0
298306,oncoming_sedans.140,2.2,40.21,0
298307,oncoming_sedans.140,2.4,36.8,0
298308,oncoming_sedans.140,2.6,33.85,0
298309,oncoming_sedans.140,2.9,31.29,0
298310,oncoming_sedans.140,3.1,29.04,0
298311,oncoming_sedans.140,3.3,27.07,0
298312,oncoming_sedans.140,3.5,25.33,0
298313,oncoming_sedans.140,3.8,23.78,0
298314,oncoming_sedans.140,4.0,22.4,0
298315,oncoming_sedans.140,4.2,21.17,0
298316,oncoming_sedans.140,4.5,20.07,0
298317,oncoming_sedans.140,4.7,19.08,0
298318,oncoming_sedans.140,4.9,18.18,0
298319,oncoming_sedans.140,5.2,17.37,0
298320,oncoming_sedans.140,5.4,16.64,0
298321,oncoming_sedans.140,5.6,15.99,0
298322,oncoming_sedans.140,5.8,15.39,0
298323,oncoming_sedans.140,6.0,14.85,0
298324,oncoming_sedans.140,6.2,14.37,0
298325,oncoming_sedans.140,6.4,13.93,0
298326,oncoming_sedans.140,6.6,13.54,0
298327,oncoming_sedans.140,6.8,13.19,0
298328,oncoming_sedans.140,6.9,12.88,0
298329,oncoming_sedans.140,7.1,12.61,0
298348,oncoming_sedans.141,7.3,12.19,0
298349,oncoming_sedans.141,7.3,12.25,0
298350,oncoming_sedans.141,7.2,12.34,0
298351,oncoming_sedans.141,7.2,12.48,0
298352,oncoming_sedans.141,7.1,12.67,0
298353,oncoming_sedans.141,6.9,12.91,0
298354,oncoming_sedans.141,6.8,13.2,0
298355,oncoming_sedans.141,6.6,13.55,0
298356,oncoming_sedans.141,6.4,13.96,0
298357,oncoming_sedans.141,6.2,14.44,0
298358,oncoming_sedans.141,6.0,14.99,0
298359,oncoming_sedans.141,5.7,15.62,0
298360,oncoming_sedans.141,5.5,16.35,0
298361,oncoming_sedans.141,5.2,17.17,0
298362,oncoming_sedans.141,4.9,18.11,0
298363,oncoming_sedans.141,4.7,19.17,0
298364,oncoming_sedans.141,4.4,20.38,0
298365,oncoming_sedans.141,4.1,21.76,0
301203,oncoming_sedans.139,2.3,39.44,0
301204,oncoming_sedans.139,2.4,36.82,0
301205,oncoming_sedans.139,2.6,34.53,0
301206,oncoming_sedans.139,2.8,32.52,0
301207,oncoming_sedans.139,2.9,30.75,0
301208,oncoming_sedans.139,3.1,29.19,0
301209,oncoming_sedans.139,3.2,27.81,0
301210,oncoming_sedans.139,3.4,26.59,0
301211,oncoming_sedans.139,3.5,25.52,0
301212,oncoming_sedans.139,3.6,24.58,0
301213,oncoming_sedans.139,3.8,23.75,0
301214,oncoming_sedans.139,3.9,23.04,0
301215,oncoming_sedans.139,4.0,22.42,0
301216,oncoming_sedans.139,4.1,21.9,0
301217,oncoming_sedans.139,4.2,21.47,0
301218,oncoming_sedans.139,4.2,21.13,0
301219,oncoming_sedans.139,4.3,20.87,0
301220,oncoming_sedans.139,4.3,20.69,0
301221,oncoming_sedans.139,4.3,20.6,0
301222,oncoming_sedans.139,4.3,20.59,0
301223,oncoming_sedans.139,4.3,20.67,0
301224,oncoming_sedans.139,4.3,20.83,0
301225,oncoming_sedans.139,4.2,21.09,0
301226,oncoming_sedans.139,4.2,21.44,0
301227,oncoming_sedans.139,4.1,21.9,0
301228,oncoming_sedans.139,4.0,22.47,0
301229,oncoming_sedans.139,3.9,23.17,0
301230,oncoming_sedans.139,3.7,24.0,0
301231,oncoming_sedans.139,3.6,24.98,0
301232,oncoming_sedans.139,3.4,26.13,0
301400,oncoming_sedans.142,2.1,43.5,0
301401,oncoming_sedans.142,2.2,40.38,0
301402,oncoming_sedans.142,2.4,37.67,0
301403,oncoming_sedans.142,2.5,35.29,0
301404,oncoming_sedans.142,2.7,33.21,0
301405,oncoming_sedans.142,2.9,31.38,0
301406,oncoming_sedans.142,3.0,29.78,0
301407,oncoming_sedans.142,3.2,28.38,0
301408,oncoming_sedans.142,3.3,27.15,0
301409,oncoming_sedans.142,3.4,26.08,0
301410,oncoming_sedans.142,3.6,25.15,0
301411,oncoming_sedans.142,3.7,24.36,0
301412,oncoming_sedans.142,3.8,23.68,0
301413,oncoming_sedans.142,3.9,23.12,0
301414,oncoming_sedans.142,3.9,22.66,0
301415,oncoming_sedans.142,4.0,22.3,0
301416,oncoming_sedans.142,4.1,22.04,0
301417,oncoming_sedans.142,4.1,21.88,0
301418,oncoming_sedans.142,4.1,21.8,0
301419,oncoming_sedans.142,4.1,21.82,0
301420,oncoming_sedans.142,4.1,21.93,0
301421,oncoming_sedans.142,4.0,22.14,0
301422,oncoming_sedans.142,4.0,22.44,0
301423,oncoming_sedans.142,3.9,22.85,0
301424,oncoming_sedans.142,3.8,23.36,0
301425,oncoming_sedans.142,3.7,23.99,0
301426,oncoming_sedans.142,3.6,24.74,0
301427,oncoming_sedans.142,3.5,25.62,0
301428,oncoming_sedans.142,3.4,26.64,0
301429,oncoming_sedans.142,3.2,27.81,0
301430,oncoming_sedans.142,3.1,29.16,0
301431,oncoming_sedans.142,2.9,30.69,0
304273,oncoming_trucks.53,1.8,50.19,0
304274,oncoming_trucks.53,1.9,46.37,0
304275,oncoming_trucks.53,2.1,43.05,0
304276,oncoming_trucks.53,2.2,40.16,0
304277,oncoming_trucks.53,2.4,37.62,0
304278,oncoming_trucks.53,2.5,35.38,0
304279,oncoming_trucks.53,2.7,33.4,0
304280,oncoming_trucks.53,2.8,31.65,0
304281,oncoming_trucks.53,3.0,30.09,0
304282,oncoming_trucks.53,3.1,28.7,0
304283,oncoming_trucks.53,3.3,27.46,0
304284,oncoming_trucks.53,3.4,26.36,0
304285,oncoming_trucks.53,3.5,25.39,0
304286,oncoming_trucks.53,3.6,24.52,0
304287,oncoming_trucks.53,3.8,23.76,0
304288,oncoming_trucks.53,3.9,23.08,0
304289,oncoming_trucks.53,4.0,22.5,0
304290,oncoming_trucks.53,4.1,22.0,0
304291,oncoming_trucks.53,4.1,21.58,0
304292,oncoming_trucks.53,4.2,21.24,0
304293,oncoming_trucks.53,4.3,20.97,0
304294,oncoming_trucks.53,4.3,20.78,0
304295,oncoming_trucks.53,4.3,20.66,0
304296,oncoming_trucks.53,4.3,20.62,0
304297,oncoming_trucks.53,4.3,20.67,0
304298,oncoming_trucks.53,4.3,20.79,0
304299,oncoming_trucks.53,4.3,21.01,0
304300,oncoming_trucks.53,4.2,21.32,0
304301,oncoming_trucks.53,4.1,21.73,0
304302,oncoming_trucks.53,4.0,22.26,0
304303,oncoming_trucks.53,3.9,22.92,0
304304,oncoming_trucks.53,3.8,23.72,0
304305,oncoming_trucks.53,3.6,24.68,0
304306,oncoming_trucks.53,3.5,25.82,0
304307,oncoming_trucks.53,3.3,27.17,0
304308,oncoming_trucks.53,3.1,28.76,0
304309,oncoming_trucks.53,2.9,30.64,0
304310,oncoming_trucks.53,2.7,32.84,0
304477,oncoming_sedans.143,2.7,33.69,0
304478,oncoming_sedans.143,2.9,31.36,0
304479,oncoming_sedans.143,3.1,29.33,0
304480,oncoming_sedans.143,3.2,27.56,0
304481,oncoming_sedans.143,3.4,26.01,0
304482,oncoming_sedans.143,3.6,24.66,0
304483,oncoming_sedans.143,3.8,23.48,0
304484,oncoming_sedans.143,4.0,22.45,0
304485,oncoming_sedans.143,4.2,21.56,0
304486,oncoming_sedans.143,4.3,20.78,0
304487,oncoming_sedans.143,4.4,20.12,0
304488,oncoming_sedans.143,4.6,19.56,0
304489,oncoming_sedans.143,4.7,19.1,0
304490,oncoming_sedans.143,4.8,18.73,0
304491,oncoming_sedans.143,4.9,18.44,0
304492,oncoming_sedans.143,4.9,18.24,0
304493,oncoming_sedans.143,4.9,18.12,0
304494,oncoming_sedans.143,5.0,18.08,0
304495,oncoming_sedans.143,4.9,18.11,0
304496,oncoming_sedans.143,4.9,18.23,0
304497,oncoming_sedans.143,4.9,18.44,0
304498,oncoming_sedans.143,4.8,18.73,0
304499,oncoming_sedans.143,4.7,19.1,0
304500,oncoming_sedans.143,4.6,19.58,0
304501,oncoming_sedans.143,4.4,20.15,0
304502,oncoming_sedans.143,4.3,20.84,0
307349,oncoming_sedans.144,3.0,29.43,0
307350,oncoming_sedans.144,3.2,28.15,0
307351,oncoming_sedans.144,3.3,27.03,0
307352,oncoming_sedans.144,3.4,26.03,0
307353,oncoming_sedans.144,3.6,25.16,0
307354,oncoming_sedans.144,3.7,24.4,0
307355,oncoming_sedans.144,3.8,23.74,0
307356,oncoming_sedans.144,3.9,23.18,0
307357,oncoming_sedans.144,3.9,22.71,0
307358,oncoming_sedans.144,4.0,22.33,0
307359,oncoming_sedans.144,4.1,22.04,0
307360,oncoming_sedans.144,4.1,21.83,0
307361,oncoming_sedans.144,4.1,21.7,0
307362,oncoming_sedans.144,4.1,21.66,0
307363,oncoming_sedans.144,4.1,21.71,0
307364,oncoming_sedans.144,4.1,21.84,0
307365,oncoming_sedans.144,4.1,22.07,0
307366,oncoming_sedans.144,4.0,22.39,0
307367,oncoming_sedans.144,3.9,22.82,0
307368,oncoming_sedans.144,3.8,23.36,0
307369,oncoming_sedans.144,3.7,24.02,0
307370,oncoming_sedans.144,3.6,24.81,0
307371,oncoming_sedans.144,3.5,25.75,0
307372,oncoming_sedans.144,3.3,26.85,0
307373,oncoming_sedans.144,3.2,28.13,0
307374,oncoming_sedans.144,3.0,29.62,0
307375,oncoming_sedans.144,2.9,31.34,0
307376,oncoming_sedans.144,2.7,33.33,0
307377,oncoming_sedans.144,2.5,35.64,0
307378,oncoming_sedans.144,2.3,38.31,0
307379,oncoming_sedans.144,2.2,41.41,0
307380,oncoming_sedans.144,2.0,45.02,0
307533,oncoming_sedans.145,0.2,369.18,0
307534,oncoming_sedans.145,0.3,289.01,0
307535,oncoming_sedans.145,0.4,231.48,0
307536,oncoming_sedans.145,0.5,189.0,0
307537,oncoming_sedans.145,0.6,156.9,0
307538,oncoming_sedans.145,0.7,132.15,0
307539,oncoming_sedans.145,0.8,112.74,0
307540,oncoming_sedans.145,0.9,97.28,0
307541,oncoming_sedans.145,1.1,84.81,0
307542,oncoming_sedans.145,1.2,74.64,0
307543,oncoming_sedans.145,1.4,66.25,0
307544,oncoming_sedans.145,1.5,59.26,0
307545,oncoming_sedans.145,1.7,53.4,0
307546,oncoming_sedans.145,1.8,48.45,0
307547,oncoming_sedans.145,2.0,44.24,0
307548,oncoming_sedans.145,2.2,40.63,0
307549,oncoming_sedans.145,2.4,37.54,0
307550,oncoming_sedans.145,2.6,34.86,0
307551,oncoming_sedans.145,2.7,32.55,0
307552,oncoming_sedans.145,2.9,30.54,0
307553,oncoming_sedans.145,3.1,28.79,0
307554,oncoming_sedans.145,3.3,27.27,0
307555,oncoming_sedans.145,3.4,25.95,0
307556,oncoming_sedans.145,3.6,24.81,0
307557,oncoming_sedans.145,3.8,23.82,0
307558,oncoming_sedans.145,3.9,22.98,0
307559,oncoming_sedans.145,4.0,22.26,0
307560,oncoming_sedans.145,4.1,21.66,0
307561,oncoming_sedans.145,4.2,21.17,0
307562,oncoming_sedans.145,4.3,20.79,0
307563,oncoming_sedans.145,4.4,20.5,0
307564,oncoming_sedans.145,4.4,20.31,0
307565,oncoming_sedans.145,4.4,20.21,0
307566,oncoming_sedans.145,4.4,20.21,0
307567,oncoming_sedans.145,4.4,20.3,0
307568,oncoming_sedans.145,4.4,20.48,0
307569,oncoming_sedans.145,4.3,20.76,0
307570,oncoming_sedans.145,4.2,21.14,0
307571,oncoming_sedans.145,4.1,21.62,0
307572,oncoming_sedans.145,4.0,22.22,0
310431,oncoming_trucks.54,3.3,27.36,0
310432,oncoming_trucks.54,3.4,26.13,0
310433,oncoming_trucks.54,3.6,25.03,0
310434,oncoming_trucks.54,3.7,24.05,0
310435,oncoming_trucks.54,3.9,23.16,0
310436,oncoming_trucks.54,4.0,22.38,0
310437,oncoming_trucks.54,4.1,21.68,0
310438,oncoming_trucks.54,4.2,21.06,0
310439,oncoming_trucks.54,4.4,20.51,0
310440,oncoming_trucks.54,4.5,20.04,0
310441,oncoming_trucks.54,4.6,19.63,0
310442,oncoming_trucks.54,4.6,19.29,0
310443,oncoming_trucks.54,4.7,19.02,0
310444,oncoming_trucks.54,4.8,18.81,0
310445,oncoming_trucks.54,4.8,18.66,0
310446,oncoming_trucks.54,4.8,18.58,0
310447,oncoming_trucks.54,4.8,18.56,0
310448,oncoming_trucks.54,4.8,18.62,0
310449,oncoming_trucks.54,4.8,18.74,0
310450,oncoming_trucks.54,4.7,18.95,0
310451,oncoming_trucks.54,4.6,19.24,0
310452,oncoming_trucks.54,4.6,19.63,0
310453,oncoming_trucks.54,4.4,20.12,0
310454,oncoming_trucks.54,4.3,20.72,0
310455,oncoming_trucks.54,4.2,21.45,0
310456,oncoming_trucks.54,4.0,22.32,0
310457,oncoming_trucks.54,3.8,23.35,0
310458,oncoming_trucks.54,3.6,24.57,0
310459,oncoming_trucks.54,3.4,26.01,0
310460,oncoming_trucks.54,3.2,27.7,0
310461,oncoming_trucks.54,3.0,29.68,0
310462,oncoming_trucks.54,2.8,32.02,0
310632,oncoming_sedans.146,3.0,29.54,0
310633,oncoming_sedans.146,3.2,28.25,0
310634,oncoming_sedans.146,3.3,27.11,0
310635,oncoming_sedans.146,3.4,26.11,0
310636,oncoming_sedans.146,3.5,25.23,0
310637,oncoming_sedans.146,3.7,24.46,0
310638,oncoming_sedans.146,3.8,23.8,0
310639,oncoming_sedans.146,3.9,23.23,0
310640,oncoming_sedans.146,3.9,22.76,0
310641,oncoming_sedans.146,4.0,22.38,0
310642,oncoming_sedans.146,4.1,22.08,0
310643,oncoming_sedans.146,4.1,21.87,0
310644,oncoming_sedans.146,4.1,21.74,0
310645,oncoming_sedans.146,4.1,21.69,0
310646,oncoming_sedans.146,4.1,21.74,0
310647,oncoming_sedans.146,4.1,21.87,0
310648,oncoming_sedans.146,4.1,22.09,0
310649,oncoming_sedans.146,4.0,22.41,0
310650,oncoming_sedans.146,3.9,22.84,0
310651,oncoming_sedans.146,3.8,23.38,0
310652,oncoming_sedans.146,3.7,24.03,0
310653,oncoming_sedans.146,3.6,24.82,0
310654,oncoming_sedans.146,3.5,25.76,0
310655,oncoming_sedans.146,3.3,26.86,0
310656,oncoming_sedans.146,3.2,28.14,0
310657,oncoming_sedans.146,3.0,29.63,0
310658,oncoming_sedans.146,2.9,31.35,0
310659,oncoming_sedans.146,2.7,33.34,0
310660,oncoming_sedans.146,2.5,35.64,0
310661,oncoming_sedans.146,2.3,38.31,0
310662,oncoming_sedans.146,2.2,41.41,0
310663,oncoming_sedans.146,2.0,45.02,0
313473,oncoming_sedans.175,0.3,311.87,0
313474,oncoming_sedans.175,0.4,245.28,0
313475,oncoming_sedans.175,0.5,197.6,0
313476,oncoming_sedans.175,0.6,162.4,0
313477,oncoming_sedans.175,0.7,135.74,0
313478,oncoming_sedans.175,0.8,115.13,0
313479,oncoming_sedans.175,0.9,98.9,0
313480,oncoming_sedans.175,1.0,85.92,0
313481,oncoming_sedans.175,1.2,75.4,0
313482,oncoming_sedans.175,1.3,66.78,0
313483,oncoming_sedans.175,1.5,59.64,0
313484,oncoming_sedans.175,1.7,53.67,0
313485,oncoming_sedans.175,1.8,48.64,0
313486,oncoming_sedans.175,2.0,44.37,0
313487,oncoming_sedans.175,2.2,40.72,0
313488,oncoming_sedans.175,2.4,37.6,0
313489,oncoming_sedans.175,2.6,34.9,0
313490,oncoming_sedans.175,2.7,32.57,0
313491,oncoming_sedans.175,2.9,30.55,0
313492,oncoming_sedans.175,3.1,28.8,0
313493,oncoming_sedans.175,3.3,27.27,0
313494,oncoming_sedans.175,3.4,25.95,0
313495,oncoming_sedans.175,3.6,24.8,0
313496,oncoming_sedans.175,3.8,23.81,0
313497,oncoming_sedans.175,3.9,22.96,0
313498,oncoming_sedans.175,4.0,22.25,0
313499,oncoming_sedans.175,4.1,21.65,0
313500,oncoming_sedans.175,4.2,21.16,0
313501,oncoming_sedans.175,4.3,20.77,0
313502,oncoming_sedans.175,4.4,20.49,0
313503,oncoming_sedans.175,4.4,20.29,0
313504,oncoming_sedans.175,4.4,20.2,0
313505,oncoming_sedans.175,4.4,20.19,0
313506,oncoming_sedans.175,4.4,20.28,0
313507,oncoming_sedans.175,4.4,20.46,0
313508,oncoming_sedans.175,4.3,20.74,0
313509,oncoming_sedans.175,4.2,21.12,0
313510,oncoming_sedans.175,4.1,21.6,0
313511,oncoming_sedans.175,4.0,22.2,0
313547,school_buses.11,1.1,80.45,0
313548,school_buses.11,1.0,93.48,0
313549,school_buses.11,0.8,110.32,0
313550,school_buses.11,0.7,132.73,0
313551,school_buses.11,0.5,163.65,0
313552,school_buses.11,0.4,208.54,0
313553,school_buses.11,0.3,278.67,0
313714,oncoming_trucks.55,3.3,27.36,0
313715,oncoming_trucks.55,3.4,26.13,0
313716,oncoming_trucks.55,3.6,25.03,0
313717,oncoming_trucks.55,3.7,24.05,0
313718,oncoming_trucks.55,3.9,23.16,0
313719,oncoming_trucks.55,4.0,22.38,0
313720,oncoming_trucks.55,4.1,21.68,0
313721,oncoming_trucks.55,4.2,21.06,0
313722,oncoming_trucks.55,4.4,20.51,0
313723,oncoming_trucks.55,4.5,20.04,0
313724,oncoming_trucks.55,4.6,19.63,0
313725,oncoming_trucks.55,4.6,19.29,0
313726,oncoming_trucks.55,4.7,19.02,0
313727,oncoming_trucks.55,4.8,18.81,0
313728,oncoming_trucks.55,4.8,18.66,0
313729,oncoming_trucks.55,4.8,18.58,0
313730,oncoming_trucks.55,4.8,18.56,0
313731,oncoming_trucks.55,4.8,18.62,0
313732,oncoming_trucks.55,4.8,18.74,0
313733,oncoming_trucks.55,4.7,18.95,0
313734,oncoming_trucks.55,4.6,19.24,0
313735,oncoming_trucks.55,4.6,19.63,0
313736,oncoming_trucks.55,4.4,20.12,0
313737,oncoming_trucks.55,4.3,20.72,0
313738,oncoming_trucks.55,4.2,21.45,0
313739,oncoming_trucks.55,4.0,22.32,0
313740,oncoming_trucks.55,3.8,23.35,0
313741,oncoming_trucks.55,3.6,24.57,0
313742,oncoming_trucks.55,3.4,26.01,0
313743,oncoming_trucks.55,3.2,27.7,0
313744,oncoming_trucks.55,3.0,29.68,0
313745,oncoming_trucks.55,2.8,32.02,0
316571,oncoming_sedans.349,3.0,29.54,0
316572,oncoming_sedans.349,3.2,28.25,0
316573,oncoming_sedans.349,3.3,27.11,0
316574,oncoming_sedans.349,3.4,26.11,0
316575,oncoming_sedans.349,3.5,25.23,0
316576,oncoming_sedans.349,3.7,24.46,0
316577,oncoming_sedans.349,3.8,23.8,0
316578,oncoming_sedans.349,3.9,23.24,0
316579,oncoming_sedans.349,3.9,22.76,0
316580,oncoming_sedans.349,4.0,22.38,0
316581,oncoming_sedans.349,4.1,22.08,0
316582,oncoming_sedans.349,4.1,21.87,0
316583,oncoming_sedans.349,4.1,21.74,0
316584,oncoming_sedans.349,4.1,21.7,0
316585,oncoming_sedans.349,4.1,21.74,0
316586,oncoming_sedans.349,4.1,21.87,0
316587,oncoming_sedans.349,4.1,22.09,0
316588,oncoming_sedans.349,4.0,22.41,0
316589,oncoming_sedans.349,3.9,22.84,0
316590,oncoming_sedans.349,3.8,23.38,0
316591,oncoming_sedans.349,3.7,24.03,0
316592,oncoming_sedans.349,3.6,24.82,0
316593,oncoming_sedans.349,3.5,25.76,0
316594,oncoming_sedans.349,3.3,26.86,0
316595,oncoming_sedans.349,3.2,28.14,0
316596,oncoming_sedans.349,3.0,29.62,0
316597,oncoming_sedans.349,2.9,31.34,0
316598,oncoming_sedans.349,2.7,33.33,0
316599,oncoming_sedans.349,2.5,35.63,0
316600,oncoming_sedans.349,2.3,38.3,0
316601,oncoming_sedans.349,2.2,41.4,0
316602,oncoming_sedans.349,2.0,45.0,0
316761,school_buses.11,0.3,349.2,0
316762,school_buses.11,0.3,265.79,0
316763,school_buses.11,0.4,209.75,0
316764,school_buses.11,0.5,170.27,0
316765,school_buses.11,0.6,141.4,0
316766,school_buses.11,0.7,119.64,0
316767,school_buses.11,0.9,102.83,0
316768,school_buses.11,1.0,89.58,0
316769,school_buses.11,1.1,78.93,0
316770,school_buses.11,1.3,70.26,0
316771,school_buses.11,1.4,63.1,0
316772,school_buses.11,1.6,57.11,0
316773,school_buses.11,1.7,52.07,0
316774,school_buses.11,1.9,47.77,0
316775,school_buses.11,2.0,44.09,0
316776,school_buses.11,2.2,40.91,0
316777,school_buses.11,2.3,38.15,0
316778,school_buses.11,2.5,35.74,0
316779,school_buses.11,2.7,33.63,0
316780,school_buses.11,2.8,31.77,0
316781,school_buses.11,3.0,30.13,0
316782,school_buses.11,3.1,28.68,0
316783,school_buses.11,3.3,27.4,0
316784,school_buses.11,3.4,26.26,0
316785,school_buses.11,3.5,25.26,0
316786,school_buses.11,3.7,24.38,0
316787,school_buses.11,3.8,23.6,0
316788,school_buses.11,3.9,22.92,0
316789,school_buses.11,4.0,22.33,0
316790,school_buses.11,4.1,21.83,0
316791,school_buses.11,4.2,21.41,0
316792,school_buses.11,4.2,21.07,0
316793,school_buses.11,4.3,20.81,0
316794,school_buses.11,4.3,20.62,0
316795,school_buses.11,4.4,20.51,0
316796,school_buses.11,4.4,20.48,0
316797,school_buses.11,4.4,20.52,0
316798,school_buses.11,4.3,20.65,0
316799,school_buses.11,4.3,20.87,0
316800,school_buses.11,4.2,21.18,0
316801,school_buses.11,4.1,21.59,0
316802,school_buses.11,4.0,22.11,0
316803,school_buses.11,3.9,22.75,0
316804,school_buses.11,3.8,23.53,0
316805,school_buses.11,3.7,24.47,0
316806,school_buses.11,3.5,25.57,0
316807,school_buses.11,3.3,26.87,0
316808,school_buses.11,3.2,28.4,0
316809,school_buses.11,3.0,30.19,0
316810,school_buses.11,2.8,32.28,0
316811,school_buses.11,2.6,34.74,0
316812,school_buses.11,2.4,37.64,0
316813,school_buses.11,2.2,41.06,0
316814,school_buses.11,2.0,45.11,0
316815,school_buses.11,1.8,49.96,0
316816,school_buses.11,1.6,55.79,0
316817,school_buses.11,1.4,62.89,0
316818,school_buses.11,1.2,71.62,0
316819,school_buses.11,1.1,82.53,0
316820,school_buses.11,0.9,96.41,0
316821,school_buses.11,0.8,114.49,0
316822,school_buses.11,0.6,138.76,0
316823,school_buses.11,0.5,172.64,0
316824,school_buses.11,0.4,222.67,0
316825,school_buses.11,0.3,302.84,0
319649,oncoming_sedans.148,3.5,25.72,0
319650,oncoming_sedans.148,3.6,24.61,0
319651,oncoming_sedans.148,3.8,23.63,0
319652,oncoming_sedans.148,3.9,22.77,0
319653,oncoming_sedans.148,4.1,22.01,0
319654,oncoming_sedans.148,4.2,21.34,0
319655,oncoming_sedans.148,4.3,20.77,0
319656,oncoming_sedans.148,4.4,20.28,0
319657,oncoming_sedans.148,4.5,19.86,0
319658,oncoming_sedans.148,4.6,19.53,0
319659,oncoming_sedans.148,4.6,19.26,0
319660,oncoming_sedans.148,4.7,19.07,0
319661,oncoming_sedans.148,4.7,18.95,0
319662,oncoming_sedans.148,4.7,18.9,0
319663,oncoming_sedans.148,4.7,18.93,0
319664,oncoming_sedans.148,4.7,19.03,0
319665,oncoming_sedans.148,4.7,19.21,0
319666,oncoming_sedans.148,4.6,19.47,0
319667,oncoming_sedans.148,4.5,19.81,0
319668,oncoming_sedans.148,4.4,20.25,0
319669,oncoming_sedans.148,4.3,20.78,0
319670,oncoming_sedans.148,4.2,21.42,0
319671,oncoming_sedans.148,4.0,22.18,0
319672,oncoming_sedans.148,3.9,23.06,0
319673,oncoming_sedans.148,3.7,24.09,0
319674,oncoming_sedans.148,3.5,25.28,0
319845,oncoming_trucks.56,1.8,50.7,0
319846,oncoming_trucks.56,1.9,46.77,0
319847,oncoming_trucks.56,2.1,43.38,0
319848,oncoming_trucks.56,2.2,40.42,0
319849,oncoming_trucks.56,2.4,37.84,0
319850,oncoming_trucks.56,2.5,35.57,0
319851,oncoming_trucks.56,2.7,33.58,0
319852,oncoming_trucks.56,2.8,31.82,0
319853,oncoming_trucks.56,3.0,30.26,0
319854,oncoming_trucks.56,3.1,28.88,0
319855,oncoming_trucks.56,3.2,27.66,0
319856,oncoming_trucks.56,3.4,26.58,0
319857,oncoming_trucks.56,3.5,25.63,0
319858,oncoming_trucks.56,3.6,24.79,0
319859,oncoming_trucks.56,3.7,24.06,0
319860,oncoming_trucks.56,3.8,23.42,0
319861,oncoming_trucks.56,3.9,22.88,0
319862,oncoming_trucks.56,4.0,22.43,0
319863,oncoming_trucks.56,4.1,22.06,0
319864,oncoming_trucks.56,4.1,21.77,0
319865,oncoming_trucks.56,4.1,21.56,0
319866,oncoming_trucks.56,4.2,21.44,0
319867,oncoming_trucks.56,4.2,21.39,0
319868,oncoming_trucks.56,4.2,21.43,0
319869,oncoming_trucks.56,4.2,21.55,0
319870,oncoming_trucks.56,4.1,21.76,0
319871,oncoming_trucks.56,4.1,22.07,0
319872,oncoming_trucks.56,4.0,22.48,0
319873,oncoming_trucks.56,3.9,23.0,0
319874,oncoming_trucks.56,3.8,23.65,0
319875,oncoming_trucks.56,3.7,24.43,0
319876,oncoming_trucks.56,3.5,25.36,0
319877,oncoming_trucks.56,3.4,26.46,0
319878,oncoming_trucks.56,3.2,27.75,0
319879,oncoming_trucks.56,3.1,29.26,0
319880,oncoming_trucks.56,2.9,31.03,0
319881,oncoming_trucks.56,2.7,33.08,0
319882,oncoming_trucks.56,2.5,35.49,0
319883,oncoming_trucks.56,2.3,38.3,0
319884,oncoming_trucks.56,2.2,41.6,0
322691,school_buses.11,0.3,336.69,0
322692,school_buses.11,0.4,249.52,0
322693,school_buses.11,0.5,193.13,0
322694,school_buses.11,0.6,154.55,0
322695,school_buses.11,0.7,126.98,0
322696,school_buses.11,0.8,106.6,0
322697,school_buses.11,1.0,91.1,0
322698,school_buses.11,1.1,79.04,0
322699,school_buses.11,1.3,69.47,0
322700,school_buses.11,1.4,61.74,0
322701,school_buses.11,1.6,55.41,0
322702,school_buses.11,1.8,50.16,0
322703,school_buses.11,2.0,45.77,0
322704,school_buses.11,2.1,42.05,0
322705,school_buses.11,2.3,38.88,0
322706,school_buses.11,2.5,36.15,0
322707,school_buses.11,2.6,33.8,0
322708,school_buses.11,2.8,31.75,0
322709,school_buses.11,3.0,29.97,0
322710,school_buses.11,3.2,28.4,0
322711,school_buses.11,3.3,27.04,0
322712,school_buses.11,3.5,25.83,0
322713,school_buses.11,3.6,24.78,0
322714,school_buses.11,3.8,23.86,0
322715,school_buses.11,3.9,23.05,0
322716,school_buses.11,4.0,22.35,0
322717,school_buses.11,4.1,21.75,0
322718,school_buses.11,4.2,21.23,0
322719,school_buses.11,4.3,20.81,0
322720,school_buses.11,4.4,20.46,0
322721,school_buses.11,4.4,20.2,0
322722,school_buses.11,4.5,20.01,0
322723,school_buses.11,4.5,19.9,0
322724,school_buses.11,4.5,19.87,0
322725,school_buses.11,4.5,19.93,0
322726,school_buses.11,4.5,20.06,0
322727,school_buses.11,4.4,20.29,0
322758,oncoming_sedans.152,1.2,76.65,0
322759,oncoming_sedans.152,1.0,87.44,0
322760,oncoming_sedans.152,0.9,100.53,0
322761,oncoming_sedans.152,0.8,116.53,0
322762,oncoming_sedans.152,0.7,136.24,0
322763,oncoming_sedans.152,0.6,160.78,0
322764,oncoming_sedans.152,0.5,191.7,0
322765,oncoming_sedans.152,0.4,231.24,0
322766,oncoming_sedans.152,0.3,282.66,0
322767,oncoming_sedans.152,0.3,351.03,0
322932,oncoming_sedans.151,3.5,25.23,0
322933,oncoming_sedans.151,3.7,24.15,0
322934,oncoming_sedans.151,3.9,23.19,0
322935,oncoming_sedans.151,4.0,22.34,0
322936,oncoming_sedans.151,4.1,21.59,0
322937,oncoming_sedans.151,4.3,20.94,0
322938,oncoming_sedans.151,4.4,20.37,0
322939,oncoming_sedans.151,4.5,19.88,0
322940,oncoming_sedans.151,4.6,19.47,0
322941,oncoming_sedans.151,4.7,19.13,0
322942,oncoming_sedans.151,4.7,18.87,0
322943,oncoming_sedans.151,4.8,18.68,0
322944,oncoming_sedans.151,4.8,18.56,0
322945,oncoming_sedans.151,4.8,18.51,0
322946,oncoming_sedans.151,4.8,18.53,0
322947,oncoming_sedans.151,4.8,18.63,0
322948,oncoming_sedans.151,4.8,18.8,0
322949,oncoming_sedans.151,4.7,19.06,0
322950,oncoming_sedans.151,4.6,19.4,0
322951,oncoming_sedans.151,4.5,19.84,0
322952,oncoming_sedans.151,4.4,20.38,0
322953,oncoming_sedans.151,4.3,21.04,0
322954,oncoming_sedans.151,4.1,21.81,0
322955,oncoming_sedans.151,3.9,22.72,0
322956,oncoming_sedans.151,3.8,23.78,0
325782,oncoming_sedans.153,2.1,43.07,0
325783,oncoming_sedans.153,2.2,40.07,0
325784,oncoming_sedans.153,2.4,37.45,0
325785,oncoming_sedans.153,2.5,35.14,0
325786,oncoming_sedans.153,2.7,33.11,0
325787,oncoming_sedans.153,2.9,31.32,0
325788,oncoming_sedans.153,3.0,29.74,0
325789,oncoming_sedans.153,3.2,28.34,0
325790,oncoming_sedans.153,3.3,27.11,0
325791,oncoming_sedans.153,3.4,26.02,0
325792,oncoming_sedans.153,3.6,25.07,0
325793,oncoming_sedans.153,3.7,24.24,0
325794,oncoming_sedans.153,3.8,23.51,0
325795,oncoming_sedans.153,3.9,22.9,0
325796,oncoming_sedans.153,4.0,22.38,0
325797,oncoming_sedans.153,4.1,21.95,0
325798,oncoming_sedans.153,4.1,21.6,0
325799,oncoming_sedans.153,4.2,21.35,0
325800,oncoming_sedans.153,4.2,21.18,0
325801,oncoming_sedans.153,4.2,21.09,0
325802,oncoming_sedans.153,4.2,21.09,0
325803,oncoming_sedans.153,4.2,21.17,0
325804,oncoming_sedans.153,4.2,21.34,0
325805,oncoming_sedans.153,4.1,21.61,0
325806,oncoming_sedans.153,4.1,21.97,0
325807,oncoming_sedans.153,4.0,22.43,0
325808,oncoming_sedans.153,3.9,23.0,0
325809,oncoming_sedans.153,3.8,23.69,0
325810,oncoming_sedans.153,3.7,24.51,0
325811,oncoming_sedans.153,3.5,25.47,0
325812,oncoming_sedans.153,3.4,26.59,0
325973,oncoming_sedans.152,0.2,361.6,0
325974,oncoming_sedans.152,0.3,276.07,0
325975,oncoming_sedans.152,0.4,217.6,0
325976,oncoming_sedans.152,0.5,176.0,0
325977,oncoming_sedans.152,0.6,145.42,0
325978,oncoming_sedans.152,0.7,122.34,0
325979,oncoming_sedans.152,0.9,104.52,0
325980,oncoming_sedans.152,1.0,90.49,0
325981,oncoming_sedans.152,1.1,79.27,0
325982,oncoming_sedans.152,1.3,70.16,0
325983,oncoming_sedans.152,1.4,62.67,0
325984,oncoming_sedans.152,1.6,56.45,0
325985,oncoming_sedans.152,1.7,51.23,0
325986,oncoming_sedans.152,1.9,46.81,0
325987,oncoming_sedans.152,2.1,43.04,0
325988,oncoming_sedans.152,2.2,39.8,0
325989,oncoming_sedans.152,2.4,37.01,0
325990,oncoming_sedans.152,2.6,34.58,0
325991,oncoming_sedans.152,2.8,32.47,0
325992,oncoming_sedans.152,2.9,30.62,0
325993,oncoming_sedans.152,3.1,29.01,0
325994,oncoming_sedans.152,3.2,27.59,0
325995,oncoming_sedans.152,3.4,26.34,0
325996,oncoming_sedans.152,3.5,25.25,0
325997,oncoming_sedans.152,3.7,24.29,0
325998,oncoming_sedans.152,3.8,23.46,0
325999,oncoming_sedans.152,3.9,22.74,0
326000,oncoming_sedans.152,4.0,22.12,0
326001,oncoming_sedans.152,4.1,21.61,0
326002,oncoming_sedans.152,4.2,21.18,0
326003,oncoming_sedans.152,4.3,20.84,0
326004,oncoming_sedans.152,4.3,20.58,0
326005,oncoming_sedans.152,4.4,20.41,0
326006,oncoming_sedans.152,4.4,20.32,0
326007,oncoming_sedans.152,4.4,20.31,0
326008,oncoming_sedans.152,4.4,20.39,0
326009,oncoming_sedans.152,4.4,20.55,0
326010,oncoming_sedans.152,4.3,20.81,0
326042,oncoming_trucks.58,1.9,46.33,0
326043,oncoming_trucks.58,1.7,51.49,0
326044,oncoming_trucks.58,1.5,57.76,0
326045,oncoming_trucks.58,1.4,65.45,0
326046,oncoming_trucks.58,1.2,75.0,0
326047,oncoming_trucks.58,1.0,87.08,0
326048,oncoming_trucks.58,0.9,102.65,0
326049,oncoming_trucks.58,0.7,123.23,0
326050,oncoming_trucks.58,0.6,151.35,0
326051,oncoming_trucks.58,0.5,191.54,0
326052,oncoming_trucks.58,0.4,252.79,0
326053,oncoming_trucks.58,0.3,355.81,0
328850,oncoming_sedans.154,2.2,40.17,0
328851,oncoming_sedans.154,2.4,37.48,0
328852,oncoming_sedans.154,2.5,35.13,0
328853,oncoming_sedans.154,2.7,33.07,0
328854,oncoming_sedans.154,2.9,31.26,0
328855,oncoming_sedans.154,3.0,29.67,0
328856,oncoming_sedans.154,3.2,28.27,0
328857,oncoming_sedans.154,3.3,27.05,0
328858,oncoming_sedans.154,3.4,25.98,0
328859,oncoming_sedans.154,3.6,25.06,0
328860,oncoming_sedans.154,3.7,24.27,0
328861,oncoming_sedans.154,3.8,23.59,0
328862,oncoming_sedans.154,3.9,23.03,0
328863,oncoming_sedans.154,4.0,22.57,0
328864,oncoming_sedans.154,4.0,22.21,0
328865,oncoming_sedans.154,4.1,21.94,0
328866,oncoming_sedans.154,4.1,21.77,0
328867,oncoming_sedans.154,4.1,21.69,0
328868,oncoming_sedans.154,4.1,21.71,0
328869,oncoming_sedans.154,4.1,21.81,0
328870,oncoming_sedans.154,4.1,22.01,0
328871,oncoming_sedans.154,4.0,22.31,0
328872,oncoming_sedans.154,3.9,22.71,0
328873,oncoming_sedans.154,3.9,23.21,0
328874,oncoming_sedans.154,3.8,23.83,0
328875,oncoming_sedans.154,3.6,24.56,0
328876,oncoming_sedans.154,3.5,25.42,0
328877,oncoming_sedans.154,3.4,26.43,0
328878,oncoming_sedans.154,3.2,27.58,0
328879,oncoming_sedans.154,3.1,28.91,0
328880,oncoming_sedans.154,2.9,30.42,0
329045,oncoming_trucks.58,0.2,360.43,0
329046,oncoming_trucks.58,0.3,271.83,0
329047,oncoming_trucks.58,0.4,213.09,0
329048,oncoming_trucks.58,0.5,172.1,0
329049,oncoming_trucks.58,0.6,142.36,0
329050,oncoming_trucks.58,0.7,120.07,0
329051,oncoming_trucks.58,0.9,102.93,0
329052,oncoming_trucks.58,1.0,89.46,0
329053,oncoming_trucks.58,1.1,78.67,0
329054,oncoming_trucks.58,1.3,69.9,0
329055,oncoming_trucks.58,1.4,62.68,0
329056,oncoming_trucks.58,1.6,56.66,0
329057,oncoming_trucks.58,1.7,51.58,0
329058,oncoming_trucks.58,1.9,47.27,0
329059,oncoming_trucks.58,2.1,43.58,0
329060,oncoming_trucks.58,2.2,40.4,0
329061,oncoming_trucks.58,2.4,37.64,0
329062,oncoming_trucks.58,2.5,35.24,0
329063,oncoming_trucks.58,2.7,33.14,0
329064,oncoming_trucks.58,2.9,31.3,0
329065,oncoming_trucks.58,3.0,29.68,0
329066,oncoming_trucks.58,3.2,28.26,0
329067,oncoming_trucks.58,3.3,27.0,0
329068,oncoming_trucks.58,3.5,25.9,0
329069,oncoming_trucks.58,3.6,24.94,0
329070,oncoming_trucks.58,3.7,24.09,0
329071,oncoming_trucks.58,3.8,23.36,0
329072,oncoming_trucks.58,3.9,22.73,0
329073,oncoming_trucks.58,4.0,22.2,0
329074,oncoming_trucks.58,4.1,21.76,0
329075,oncoming_trucks.58,4.2,21.4,0
329076,oncoming_trucks.58,4.2,21.13,0
329077,oncoming_trucks.58,4.3,20.95,0
329078,oncoming_trucks.58,4.3,20.85,0
329079,oncoming_trucks.58,4.3,20.83,0
329080,oncoming_trucks.58,4.3,20.9,0
329081,oncoming_trucks.58,4.2,21.06,0
329082,oncoming_trucks.58,4.2,21.31,0
329083,oncoming_trucks.58,4.1,21.67,0
329084,oncoming_trucks.58,4.0,22.13,0
329085,oncoming_trucks.58,3.9,22.72,0
329086,oncoming_trucks.58,3.8,23.44,0
329087,oncoming_trucks.58,3.7,24.3,0
331928,oncoming_sedans.155,2.7,33.63,0
331929,oncoming_sedans.155,2.9,31.31,0
331930,oncoming_sedans.155,3.1,29.29,0
331931,oncoming_sedans.155,3.3,27.53,0
331932,oncoming_sedans.155,3.4,25.99,0
331933,oncoming_sedans.155,3.6,24.64,0
331934,oncoming_sedans.155,3.8,23.47,0
331935,oncoming_sedans.155,4.0,22.44,0
331936,oncoming_sedans.155,4.2,21.55,0
331937,oncoming_sedans.155,4.3,20.78,0
331938,oncoming_sedans.155,4.4,20.12,0
331939,oncoming_sedans.155,4.6,19.56,0
331940,oncoming_sedans.155,4.7,19.1,0
331941,oncoming_sedans.155,4.8,18.73,0
331942,oncoming_sedans.155,4.8,18.45,0
331943,oncoming_sedans.155,4.9,18.25,0
331944,oncoming_sedans.155,4.9,18.13,0
331945,oncoming_sedans.155,4.9,18.09,0
331946,oncoming_sedans.155,4.9,18.13,0
331947,oncoming_sedans.155,4.9,18.25,0
331948,oncoming_sedans.155,4.8,18.46,0
331949,oncoming_sedans.155,4.8,18.75,0
331950,oncoming_sedans.155,4.7,19.13,0
331951,oncoming_sedans.155,4.6,19.61,0
331952,oncoming_sedans.155,4.4,20.18,0
331953,oncoming_sedans.155,4.3,20.87,0
332126,oncoming_sedans.157,0.2,368.97,0
332127,oncoming_sedans.157,0.3,288.88,0
332128,oncoming_sedans.157,0.4,231.39,0
332129,oncoming_sedans.157,0.5,188.94,0
332130,oncoming_sedans.157,0.6,156.85,0
332131,oncoming_sedans.157,0.7,132.12,0
332132,oncoming_sedans.157,0.8,112.71,0
332133,oncoming_sedans.157,0.9,97.26,0
332134,oncoming_sedans.157,1.1,84.8,0
332135,oncoming_sedans.157,1.2,74.63,0
332136,oncoming_sedans.156,2.1,41.88,0
332136,oncoming_sedans.157,1.4,66.24,0
332137,oncoming_sedans.156,2.3,38.7,0
332137,oncoming_sedans.157,1.5,59.26,0
332138,oncoming_sedans.156,2.5,35.95,0
332138,oncoming_sedans.157,1.7,53.4,0
332139,oncoming_sedans.156,2.7,33.56,0
332139,oncoming_sedans.157,1.8,48.45,0
332140,oncoming_sedans.156,2.8,31.47,0
332140,oncoming_sedans.157,2.0,44.23,0
332141,oncoming_sedans.156,3.0,29.65,0
332141,oncoming_sedans.157,2.2,40.63,0
332142,oncoming_sedans.156,3.2,28.05,0
332142,oncoming_sedans.157,2.4,37.53,0
332143,oncoming_sedans.156,3.4,26.64,0
332143,oncoming_sedans.157,2.6,34.86,0
332144,oncoming_sedans.156,3.5,25.41,0
332144,oncoming_sedans.157,2.7,32.55,0
332145,oncoming_sedans.156,3.7,24.33,0
332145,oncoming_sedans.157,2.9,30.54,0
332146,oncoming_sedans.156,3.8,23.39,0
332146,oncoming_sedans.157,3.1,28.79,0
332147,oncoming_sedans.156,4.0,22.57,0
332147,oncoming_sedans.157,3.3,27.27,0
332148,oncoming_sedans.156,4.1,21.86,0
332148,oncoming_sedans.157,3.4,25.95,0
332149,oncoming_sedans.156,4.2,21.25,0
332149,oncoming_sedans.157,3.6,24.81,0
332150,oncoming_sedans.156,4.3,20.75,0
332150,oncoming_sedans.157,3.8,23.82,0
332151,oncoming_sedans.156,4.4,20.33,0
332151,oncoming_sedans.157,3.9,22.98,0
332152,oncoming_sedans.156,4.5,20.01,0
332152,oncoming_sedans.157,4.0,22.26,0
332153,oncoming_sedans.156,4.5,19.77,0
332153,oncoming_sedans.157,4.1,21.66,0
332154,oncoming_sedans.156,4.6,19.62,0
332154,oncoming_sedans.157,4.2,21.17,0
332155,oncoming_sedans.156,4.6,19.56,0
332155,oncoming_sedans.157,4.3,20.79,0
332156,oncoming_sedans.156,4.6,19.58,0
332156,oncoming_sedans.157,4.4,20.5,0
332157,oncoming_sedans.156,4.5,19.7,0
332157,oncoming_sedans.157,4.4,20.31,0
332158,oncoming_sedans.156,4.5,19.91,0
332158,oncoming_sedans.157,4.4,20.21,0
332159,oncoming_sedans.156,4.4,20.22,0
332159,oncoming_sedans.157,4.4,20.21,0
332160,oncoming_sedans.156,4.3,20.64,0
332160,oncoming_sedans.157,4.4,20.3,0
332161,oncoming_sedans.156,4.2,21.17,0
332161,oncoming_sedans.157,4.4,20.48,0
332162,oncoming_sedans.156,4.1,21.83,0
332162,oncoming_sedans.157,4.3,20.76,0
332163,oncoming_sedans.156,4.0,22.63,0
332163,oncoming_sedans.157,4.2,21.14,0
332164,oncoming_sedans.156,3.8,23.59,0
332164,oncoming_sedans.157,4.1,21.62,0
332165,oncoming_sedans.157,4.0,22.22,0
335006,oncoming_trucks.59,1.6,56.18,0
335007,oncoming_trucks.59,1.7,51.53,0
335008,oncoming_trucks.59,1.9,47.52,0
335009,oncoming_trucks.59,2.0,44.06,0
335010,oncoming_trucks.59,2.2,41.04,0
335011,oncoming_trucks.59,2.3,38.39,0
335012,oncoming_trucks.59,2.5,36.07,0
335013,oncoming_trucks.59,2.6,34.02,0
335014,oncoming_trucks.59,2.8,32.2,0
335015,oncoming_trucks.59,2.9,30.59,0
335016,oncoming_trucks.59,3.1,29.16,0
335017,oncoming_trucks.59,3.2,27.88,0
335018,oncoming_trucks.59,3.3,26.75,0
335019,oncoming_trucks.59,3.5,25.74,0
335020,oncoming_trucks.59,3.6,24.85,0
335021,oncoming_trucks.59,3.7,24.06,0
335022,oncoming_trucks.59,3.8,23.37,0
335023,oncoming_trucks.59,3.9,22.76,0
335024,oncoming_trucks.59,4.0,22.25,0
335025,oncoming_trucks.59,4.1,21.81,0
335026,oncoming_trucks.59,4.2,21.46,0
335027,oncoming_trucks.59,4.2,21.18,0
335028,oncoming_trucks.59,4.3,20.98,0
335029,oncoming_trucks.59,4.3,20.85,0
335030,oncoming_trucks.59,4.3,20.81,0
335031,oncoming_trucks.59,4.3,20.84,0
335032,oncoming_trucks.59,4.3,20.96,0
335033,oncoming_trucks.59,4.2,21.17,0
335034,oncoming_trucks.59,4.2,21.48,0
335035,oncoming_trucks.59,4.1,21.89,0
335036,oncoming_trucks.59,4.0,22.42,0
335037,oncoming_trucks.59,3.9,23.07,0
335038,oncoming_trucks.59,3.7,23.87,0
335039,oncoming_trucks.59,3.6,24.83,0
335040,oncoming_trucks.59,3.4,25.97,0
335041,oncoming_trucks.59,3.3,27.32,0
335042,oncoming_trucks.59,3.1,28.91,0
335043,oncoming_trucks.59,2.9,30.79,0
335044,oncoming_trucks.59,2.7,32.99,0
335194,oncoming_sedans.159,0.2,371.41,0
335195,oncoming_sedans.159,0.3,290.57,0
335196,oncoming_sedans.159,0.4,232.59,0
335197,oncoming_sedans.159,0.5,189.81,0
335198,oncoming_sedans.159,0.6,157.5,0
335199,oncoming_sedans.159,0.7,132.6,0
335200,oncoming_sedans.159,0.8,113.08,0
335201,oncoming_sedans.159,0.9,97.55,0
335202,oncoming_sedans.159,1.1,85.02,0
335203,oncoming_sedans.159,1.2,74.8,0
335204,oncoming_sedans.159,1.3,66.38,0
335205,oncoming_sedans.159,1.5,59.37,0
335206,oncoming_sedans.159,1.7,53.49,0
335207,oncoming_sedans.159,1.8,48.52,0
335208,oncoming_sedans.159,2.0,44.29,0
335209,oncoming_sedans.159,2.2,40.68,0
335210,oncoming_sedans.159,2.4,37.57,0
335211,oncoming_sedans.159,2.6,34.89,0
335212,oncoming_sedans.159,2.7,32.57,0
335213,oncoming_sedans.159,2.9,30.56,0
335214,oncoming_sedans.159,3.1,28.8,0
335215,oncoming_sedans.159,3.3,27.28,0
335216,oncoming_sedans.159,3.4,25.96,0
335217,oncoming_sedans.159,3.6,24.81,0
335218,oncoming_sedans.159,3.8,23.82,0
335219,oncoming_sedans.159,3.9,22.98,0
335220,oncoming_sedans.159,4.0,22.26,0
335221,oncoming_sedans.159,4.1,21.66,0
335222,oncoming_sedans.159,4.2,21.17,0
335223,oncoming_sedans.159,4.3,20.78,0
335224,oncoming_sedans.159,4.4,20.49,0
335225,oncoming_sedans.159,4.4,20.3,0
335226,oncoming_sedans.159,4.4,20.2,0
335227,oncoming_sedans.159,4.4,20.19,0
335228,oncoming_sedans.159,4.4,20.28,0
335229,oncoming_sedans.159,4.4,20.46,0
335230,oncoming_sedans.159,4.3,20.73,0
335231,oncoming_sedans.159,4.2,21.11,0
335232,oncoming_sedans.159,4.1,21.59,0
335233,oncoming_sedans.159,4.0,22.18,0
335269,oncoming_trucks.60,0.9,94.89,0
335270,oncoming_trucks.60,0.8,111.5,0
335271,oncoming_trucks.60,0.7,133.31,0
335272,oncoming_trucks.60,0.5,162.91,0
335273,oncoming_trucks.60,0.4,204.87,0
335274,oncoming_trucks.60,0.3,268.14,0
335275,oncoming_trucks.60,0.2,372.83,0
338083,oncoming_sedans.158,3.0,29.42,0
338084,oncoming_sedans.158,3.2,28.15,0
338085,oncoming_sedans.158,3.3,27.02,0
338086,oncoming_sedans.158,3.4,26.03,0
338087,oncoming_sedans.158,3.6,25.16,0
338088,oncoming_sedans.158,3.7,24.4,0
338089,oncoming_sedans.158,3.8,23.74,0
338090,oncoming_sedans.158,3.9,23.18,0
338091,oncoming_sedans.158,3.9,22.71,0
338092,oncoming_sedans.158,4.0,22.33,0
338093,oncoming_sedans.158,4.1,22.04,0
338094,oncoming_sedans.158,4.1,21.83,0
338095,oncoming_sedans.158,4.1,21.7,0
338096,oncoming_sedans.158,4.1,21.66,0
338097,oncoming_sedans.158,4.1,21.71,0
338098,oncoming_sedans.158,4.1,21.84,0
338099,oncoming_sedans.158,4.1,22.07,0
338100,oncoming_sedans.158,4.0,22.39,0
338101,oncoming_sedans.158,3.9,22.82,0
338102,oncoming_sedans.158,3.8,23.36,0
338103,oncoming_sedans.158,3.7,24.02,0
338104,oncoming_sedans.158,3.6,24.81,0
338105,oncoming_sedans.158,3.5,25.75,0
338106,oncoming_sedans.158,3.3,26.85,0
338107,oncoming_sedans.158,3.2,28.13,0
338108,oncoming_sedans.158,3.0,29.62,0
338109,oncoming_sedans.158,2.9,31.35,0
338110,oncoming_sedans.158,2.7,33.34,0
338111,oncoming_sedans.158,2.5,35.65,0
338112,oncoming_sedans.158,2.3,38.32,0
338113,oncoming_sedans.158,2.2,41.42,0
338114,oncoming_sedans.158,2.0,45.03,0
338267,oncoming_trucks.60,0.2,386.69,0
338268,oncoming_trucks.60,0.3,289.88,0
338269,oncoming_trucks.60,0.4,225.99,0
338270,oncoming_trucks.60,0.5,181.62,0
338271,oncoming_trucks.60,0.6,149.54,0
338272,oncoming_trucks.60,0.7,125.59,0
338273,oncoming_trucks.60,0.8,107.25,0
338274,oncoming_trucks.60,1.0,92.88,0
338275,oncoming_trucks.60,1.1,81.42,0
338276,oncoming_trucks.60,1.2,72.13,0
338277,oncoming_trucks.60,1.4,64.51,0
338278,oncoming_trucks.60,1.5,58.16,0
338279,oncoming_trucks.60,1.7,52.84,0
338280,oncoming_trucks.60,1.9,48.32,0
338281,oncoming_trucks.60,2.0,44.46,0
338282,oncoming_trucks.60,2.2,41.14,0
338283,oncoming_trucks.60,2.3,38.27,0
338284,oncoming_trucks.60,2.5,35.77,0
338285,oncoming_trucks.60,2.7,33.58,0
338286,oncoming_trucks.60,2.8,31.67,0
338287,oncoming_trucks.60,3.0,29.98,0
338288,oncoming_trucks.60,3.1,28.5,0
338289,oncoming_trucks.60,3.3,27.18,0
338290,oncoming_trucks.60,3.4,26.03,0
338291,oncoming_trucks.60,3.6,25.01,0
338292,oncoming_trucks.60,3.7,24.11,0
338293,oncoming_trucks.60,3.8,23.32,0
338294,oncoming_trucks.60,4.0,22.64,0
338295,oncoming_trucks.60,4.1,22.05,0
338296,oncoming_trucks.60,4.2,21.56,0
338297,oncoming_trucks.60,4.2,21.14,0
338298,oncoming_trucks.60,4.3,20.81,0
338299,oncoming_trucks.60,4.4,20.55,0
338300,oncoming_trucks.60,4.4,20.38,0
338301,oncoming_trucks.60,4.4,20.28,0
338302,oncoming_trucks.60,4.4,20.27,0
338303,oncoming_trucks.60,4.4,20.33,0
338304,oncoming_trucks.60,4.4,20.48,0
338305,oncoming_trucks.60,4.3,20.72,0
338306,oncoming_trucks.60,4.2,21.06,0
338307,oncoming_trucks.60,4.2,21.5,0
338308,oncoming_trucks.60,4.1,22.06,0
338309,oncoming_trucks.60,3.9,22.74,0
338310,oncoming_trucks.60,3.8,23.56,0
338311,oncoming_trucks.60,3.6,24.54,0
341161,oncoming_sedans.160,3.5,25.71,0
341162,oncoming_sedans.160,3.6,24.61,0
341163,oncoming_sedans.160,3.8,23.63,0
341164,oncoming_sedans.160,3.9,22.77,0
341165,oncoming_sedans.160,4.1,22.01,0
341166,oncoming_sedans.160,4.2,21.34,0
341167,oncoming_sedans.160,4.3,20.76,0
341168,oncoming_sedans.160,4.4,20.27,0
341169,oncoming_sedans.160,4.5,19.86,0
341170,oncoming_sedans.160,4.6,19.52,0
341171,oncoming_sedans.160,4.6,19.26,0
341172,oncoming_sedans.160,4.7,19.07,0
341173,oncoming_sedans.160,4.7,18.95,0
341174,oncoming_sedans.160,4.7,18.9,0
341175,oncoming_sedans.160,4.7,18.93,0
341176,oncoming_sedans.160,4.7,19.03,0
341177,oncoming_sedans.160,4.7,19.21,0
341178,oncoming_sedans.160,4.6,19.47,0
341179,oncoming_sedans.160,4.5,19.81,0
341180,oncoming_sedans.160,4.4,20.25,0
341181,oncoming_sedans.160,4.3,20.78,0
341182,oncoming_sedans.160,4.2,21.42,0
341183,oncoming_sedans.160,4.0,22.18,0
341184,oncoming_sedans.160,3.9,23.06,0
341185,oncoming_sedans.160,3.7,24.09,0
341186,oncoming_sedans.160,3.5,25.28,0
341351,oncoming_sedans.162,2.3,39.44,0
341352,oncoming_sedans.162,2.4,36.82,0
341353,oncoming_sedans.162,2.6,34.53,0
341354,oncoming_sedans.162,2.8,32.52,0
341355,oncoming_sedans.162,2.9,30.75,0
341356,oncoming_sedans.162,3.1,29.19,0
341357,oncoming_sedans.162,3.2,27.81,0
341358,oncoming_sedans.162,3.4,26.59,0
341359,oncoming_sedans.162,3.5,25.52,0
341360,oncoming_sedans.162,3.6,24.58,0
341361,oncoming_sedans.162,3.8,23.75,0
341362,oncoming_sedans.162,3.9,23.04,0
341363,oncoming_sedans.162,4.0,22.42,0
341364,oncoming_sedans.162,4.1,21.9,0
341365,oncoming_sedans.162,4.2,21.47,0
341366,oncoming_sedans.162,4.2,21.13,0
341367,oncoming_sedans.162,4.3,20.87,0
341368,oncoming_sedans.162,4.3,20.69,0
341369,oncoming_sedans.162,4.3,20.6,0
341370,oncoming_sedans.162,4.3,20.59,0
341371,oncoming_sedans.162,4.3,20.67,0
341372,oncoming_sedans.162,4.3,20.83,0
341373,oncoming_sedans.162,4.2,21.09,0
341374,oncoming_sedans.162,4.2,21.44,0
341375,oncoming_sedans.162,4.1,21.9,0
341376,oncoming_sedans.162,4.0,22.47,0
341377,oncoming_sedans.162,3.9,23.17,0
341378,oncoming_sedans.162,3.7,24.0,0
341379,oncoming_sedans.162,3.6,24.98,0
341380,oncoming_sedans.162,3.4,26.13,0
344229,school_buses.12,1.8,50.29,0
344230,school_buses.12,1.9,46.5,0
344231,school_buses.12,2.1,43.21,0
344232,school_buses.12,2.2,40.34,0
344233,school_buses.12,2.4,37.83,0
344234,school_buses.12,2.5,35.62,0
344235,school_buses.12,2.7,33.67,0
344236,school_buses.12,2.8,31.94,0
344237,school_buses.12,2.9,30.41,0
344238,school_buses.12,3.1,29.06,0
344239,school_buses.12,3.2,27.85,0
344240,school_buses.12,3.3,26.79,0
344241,school_buses.12,3.5,25.84,0
344242,school_buses.12,3.6,25.01,0
344243,school_buses.12,3.7,24.28,0
344244,school_buses.12,3.8,23.65,0
344245,school_buses.12,3.9,23.11,0
344246,school_buses.12,4.0,22.65,0
344247,school_buses.12,4.0,22.27,0
344248,school_buses.12,4.1,21.97,0
344249,school_buses.12,4.1,21.76,0
344250,school_buses.12,4.1,21.61,0
344251,school_buses.12,4.2,21.55,0
344252,school_buses.12,4.1,21.57,0
344253,school_buses.12,4.1,21.67,0
344254,school_buses.12,4.1,21.86,0
344255,school_buses.12,4.0,22.14,0
344256,school_buses.12,4.0,22.52,0
344257,school_buses.12,3.9,23.02,0
344258,school_buses.12,3.8,23.63,0
344259,school_buses.12,3.7,24.37,0
344260,school_buses.12,3.5,25.26,0
344261,school_buses.12,3.4,26.32,0
344262,school_buses.12,3.2,27.57,0
344263,school_buses.12,3.1,29.03,0
344264,school_buses.12,2.9,30.74,0
344265,school_buses.12,2.7,32.75,0
344266,school_buses.12,2.5,35.09,0
344267,school_buses.12,2.4,37.84,0
344268,school_buses.12,2.2,41.08,0
344269,school_buses.12,2.0,44.9,0
344270,school_buses.12,1.8,49.44,0
344271,school_buses.12,1.6,54.88,0
344272,school_buses.12,1.5,61.43,0
344273,school_buses.12,1.3,69.42,0
344274,school_buses.12,1.1,79.28,0
344275,school_buses.12,1.0,91.64,0
344276,school_buses.12,0.8,107.44,0
344277,school_buses.12,0.7,128.14,0
344278,school_buses.12,0.6,156.13,0
344279,school_buses.12,0.5,195.6,0
344280,school_buses.12,0.4,254.71,0
344281,school_buses.12,0.3,351.5,0
344418,oncoming_sedans.161,2.1,43.01,0
344419,oncoming_sedans.161,2.2,40.02,0
344420,oncoming_sedans.161,2.4,37.4,0
344421,oncoming_sedans.161,2.5,35.1,0
344422,oncoming_sedans.161,2.7,33.08,0
344423,oncoming_sedans.161,2.9,31.29,0
344424,oncoming_sedans.161,3.0,29.71,0
344425,oncoming_sedans.161,3.2,28.32,0
344426,oncoming_sedans.161,3.3,27.09,0
344427,oncoming_sedans.161,3.4,26.0,0
344428,oncoming_sedans.161,3.6,25.05,0
344429,oncoming_sedans.161,3.7,24.22,0
344430,oncoming_sedans.161,3.8,23.49,0
344431,oncoming_sedans.161,3.9,22.88,0
344432,oncoming_sedans.161,4.0,22.36,0
344433,oncoming_sedans.161,4.1,21.93,0
344434,oncoming_sedans.161,4.1,21.58,0
344435,oncoming_sedans.161,4.2,21.33,0
344436,oncoming_sedans.161,4.2,21.16,0
344437,oncoming_sedans.161,4.2,21.07,0
344438,oncoming_sedans.161,4.2,21.07,0
344439,oncoming_sedans.161,4.2,21.15,0
344440,oncoming_sedans.161,4.2,21.32,0
344441,oncoming_sedans.161,4.1,21.58,0
344442,oncoming_sedans.161,4.1,21.94,0
344443,oncoming_sedans.161,4.0,22.4,0
344444,oncoming_sedans.161,3.9,22.97,0
344445,oncoming_sedans.161,3.8,23.66,0
344446,oncoming_sedans.161,3.7,24.48,0
344447,oncoming_sedans.161,3.5,25.44,0
344448,oncoming_sedans.161,3.4,26.55,0
347284,school_buses.12,0.3,316.02,0
347285,school_buses.12,0.4,236.57,0
347286,school_buses.12,0.5,184.4,0
347287,school_buses.12,0.6,148.3,0
347288,school_buses.12,0.7,122.28,0
347289,school_buses.12,0.9,102.91,0
347290,school_buses.12,1.0,88.1,0
347291,school_buses.12,1.2,76.52,0
347292,school_buses.12,1.3,67.29,0
347293,school_buses.12,1.5,59.81,0
347294,school_buses.12,1.7,53.67,0
347295,school_buses.12,1.8,48.57,0
347296,school_buses.12,2.0,44.28,0
347297,school_buses.12,2.2,40.65,0
347298,school_buses.12,2.4,37.54,0
347299,school_buses.12,2.6,34.86,0
347300,school_buses.12,2.7,32.54,0
347301,school_buses.12,2.9,30.52,0
347302,school_buses.12,3.1,28.75,0
347303,school_buses.12,3.3,27.2,0
347304,school_buses.12,3.5,25.83,0
347305,school_buses.12,3.6,24.62,0
347306,school_buses.12,3.8,23.55,0
347307,school_buses.12,4.0,22.61,0
347308,school_buses.12,4.1,21.78,0
347309,school_buses.12,4.3,21.04,0
347310,school_buses.12,4.4,20.4,0
347311,school_buses.12,4.5,19.84,0
347312,school_buses.12,4.6,19.36,0
347313,school_buses.12,4.7,18.95,0
347314,school_buses.12,4.8,18.62,0
347315,school_buses.12,4.9,18.35,0
347316,school_buses.12,4.9,18.14,0
347317,school_buses.12,5.0,18.01,0
347318,school_buses.12,5.0,17.94,0
347319,school_buses.12,5.0,17.93,0
347320,school_buses.12,5.0,18.0,0
347321,school_buses.12,4.9,18.15,0
347322,school_buses.12,4.9,18.37,0
347323,school_buses.12,4.8,18.67,0
347355,oncoming_sedans.164,1.4,64.96,0
347356,oncoming_sedans.164,1.2,75.25,0
347357,oncoming_sedans.164,1.0,87.8,0
347358,oncoming_sedans.164,0.9,103.27,0
347359,oncoming_sedans.164,0.7,122.52,0
347360,oncoming_sedans.164,0.6,146.8,0
347361,oncoming_sedans.164,0.5,177.88,0
347362,oncoming_sedans.164,0.4,218.38,0
347363,oncoming_sedans.164,0.3,272.32,0
347364,oncoming_sedans.164,0.3,346.21,0
347485,oncoming_sedans.163,2.1,43.25,0
347486,oncoming_sedans.163,2.2,40.17,0
347487,oncoming_sedans.163,2.4,37.48,0
347488,oncoming_sedans.163,2.5,35.13,0
347489,oncoming_sedans.163,2.7,33.07,0
347490,oncoming_sedans.163,2.9,31.26,0
347491,oncoming_sedans.163,3.0,29.67,0
347492,oncoming_sedans.163,3.2,28.27,0
347493,oncoming_sedans.163,3.3,27.05,0
347494,oncoming_sedans.163,3.4,25.98,0
347495,oncoming_sedans.163,3.6,25.06,0
347496,oncoming_sedans.163,3.7,24.27,0
347497,oncoming_sedans.163,3.8,23.59,0
347498,oncoming_sedans.163,3.9,23.03,0
347499,oncoming_sedans.163,4.0,22.57,0
347500,oncoming_sedans.163,4.0,22.21,0
347501,oncoming_sedans.163,4.1,21.94,0
347502,oncoming_sedans.163,4.1,21.77,0
347503,oncoming_sedans.163,4.1,21.7,0
347504,oncoming_sedans.163,4.1,21.71,0
347505,oncoming_sedans.163,4.1,21.81,0
347506,oncoming_sedans.163,4.1,22.01,0
347507,oncoming_sedans.163,4.0,22.31,0
347508,oncoming_sedans.163,3.9,22.71,0
347509,oncoming_sedans.163,3.9,23.21,0
347510,oncoming_sedans.163,3.8,23.83,0
347511,oncoming_sedans.163,3.6,24.56,0
347512,oncoming_sedans.163,3.5,25.42,0
347513,oncoming_sedans.163,3.4,26.43,0
347514,oncoming_sedans.163,3.2,27.58,0
347515,oncoming_sedans.163,3.1,28.91,0
347516,oncoming_sedans.163,2.9,30.42,0
350356,oncoming_sedans.164,0.2,384.9,0
350357,oncoming_sedans.164,0.3,289.87,0
350358,oncoming_sedans.164,0.4,226.22,0
350359,oncoming_sedans.164,0.5,181.62,0
350360,oncoming_sedans.164,0.6,149.22,0
350361,oncoming_sedans.164,0.7,124.99,0
350362,oncoming_sedans.164,0.8,106.41,0
350363,oncoming_sedans.164,1.0,91.88,0
350364,oncoming_sedans.164,1.1,80.3,0
350365,oncoming_sedans.164,1.3,70.95,0
350366,oncoming_sedans.164,1.4,63.28,0
350367,oncoming_sedans.164,1.6,56.93,0
350368,oncoming_sedans.164,1.7,51.61,0
350369,oncoming_sedans.164,1.9,47.11,0
350370,oncoming_sedans.164,2.1,43.29,0
350371,oncoming_sedans.164,2.2,40.01,0
350372,oncoming_sedans.164,2.4,37.18,0
350373,oncoming_sedans.164,2.6,34.73,0
350374,oncoming_sedans.164,2.7,32.59,0
350375,oncoming_sedans.164,2.9,30.73,0
350376,oncoming_sedans.164,3.1,29.09,0
350377,oncoming_sedans.164,3.2,27.66,0
350378,oncoming_sedans.164,3.4,26.41,0
350379,oncoming_sedans.164,3.5,25.31,0
350380,oncoming_sedans.164,3.7,24.34,0
350381,oncoming_sedans.164,3.8,23.51,0
350382,oncoming_sedans.164,3.9,22.78,0
350383,oncoming_sedans.164,4.0,22.16,0
350384,oncoming_sedans.164,4.1,21.64,0
350385,oncoming_sedans.164,4.2,21.21,0
350386,oncoming_sedans.164,4.3,20.86,0
350387,oncoming_sedans.164,4.3,20.6,0
350388,oncoming_sedans.164,4.4,20.43,0
350389,oncoming_sedans.164,4.4,20.33,0
350390,oncoming_sedans.164,4.4,20.32,0
350391,oncoming_sedans.164,4.4,20.4,0
350392,oncoming_sedans.164,4.4,20.56,0
350393,oncoming_sedans.164,4.3,20.82,0
350425,oncoming_sedans.165,1.1,79.08,0
350426,oncoming_sedans.165,1.0,89.0,0
350427,oncoming_sedans.165,0.9,100.83,0
350428,oncoming_sedans.165,0.8,115.06,0
350429,oncoming_sedans.165,0.7,132.33,0
350430,oncoming_sedans.165,0.6,153.52,0
350431,oncoming_sedans.165,0.5,179.79,0
350432,oncoming_sedans.165,0.4,212.69,0
350433,oncoming_sedans.165,0.4,254.41,0
350434,oncoming_sedans.165,0.3,308.16,0
350435,oncoming_sedans.165,0.2,378.76,0
350567,oncoming_trucks.62,2.3,39.49,0
350568,oncoming_trucks.62,2.4,36.7,0
350569,oncoming_trucks.62,2.6,34.27,0
350570,oncoming_trucks.62,2.8,32.14,0
350571,oncoming_trucks.62,3.0,30.26,0
350572,oncoming_trucks.62,3.1,28.6,0
350573,oncoming_trucks.62,3.3,27.14,0
350574,oncoming_trucks.62,3.5,25.83,0
350575,oncoming_trucks.62,3.6,24.68,0
350576,oncoming_trucks.62,3.8,23.65,0
350577,oncoming_trucks.62,3.9,22.74,0
350578,oncoming_trucks.62,4.1,21.93,0
350579,oncoming_trucks.62,4.2,21.22,0
350580,oncoming_trucks.62,4.3,20.6,0
350581,oncoming_trucks.62,4.5,20.05,0
350582,oncoming_trucks.62,4.6,19.59,0
350583,oncoming_trucks.62,4.7,19.19,0
350584,oncoming_trucks.62,4.7,18.87,0
350585,oncoming_trucks.62,4.8,18.61,0
350586,oncoming_trucks.62,4.9,18.42,0
350587,oncoming_trucks.62,4.9,18.3,0
350588,oncoming_trucks.62,4.9,18.24,0
350589,oncoming_trucks.62,4.9,18.26,0
350590,oncoming_trucks.62,4.9,18.34,0
350591,oncoming_trucks.62,4.8,18.5,0
350592,oncoming_trucks.62,4.8,18.75,0
350593,oncoming_trucks.62,4.7,19.08,0
350594,oncoming_trucks.62,4.6,19.5,0
350595,oncoming_trucks.62,4.5,20.02,0
350596,oncoming_trucks.62,4.3,20.66,0
350597,oncoming_trucks.62,4.2,21.43,0
350598,oncoming_trucks.62,4.0,22.34,0
350599,oncoming_trucks.62,3.8,23.41,0
353423,oncoming_sedans.165,0.3,351.15,0
353424,oncoming_sedans.165,0.3,272.47,0
353425,oncoming_sedans.165,0.4,217.18,0
353426,oncoming_sedans.165,0.5,176.99,0
353427,oncoming_sedans.165,0.6,146.95,0
353428,oncoming_sedans.165,0.7,123.97,0
353429,oncoming_sedans.165,0.8,106.04,0
353430,oncoming_sedans.165,1.0,91.8,0
353431,oncoming_sedans.165,1.1,80.33,0
353432,oncoming_sedans.165,1.3,70.97,0
353433,oncoming_sedans.165,1.4,63.25,0
353434,oncoming_sedans.165,1.6,56.81,0
353435,oncoming_sedans.165,1.7,51.39,0
353436,oncoming_sedans.165,1.9,46.79,0
353437,oncoming_sedans.165,2.1,42.87,0
353438,oncoming_sedans.165,2.3,39.51,0
353439,oncoming_sedans.165,2.4,36.61,0
353440,oncoming_sedans.165,2.6,34.1,0
353441,oncoming_sedans.165,2.8,31.92,0
353442,oncoming_sedans.165,3.0,30.02,0
353443,oncoming_sedans.165,3.2,28.37,0
353444,oncoming_sedans.165,3.3,26.94,0
353445,oncoming_sedans.165,3.5,25.7,0
353446,oncoming_sedans.165,3.6,24.62,0
353447,oncoming_sedans.165,3.8,23.7,0
353448,oncoming_sedans.165,3.9,22.91,0
353449,oncoming_sedans.165,4.0,22.26,0
353450,oncoming_sedans.165,4.1,21.72,0
353451,oncoming_sedans.165,4.2,21.3,0
353452,oncoming_sedans.165,4.3,20.98,0
353453,oncoming_sedans.165,4.3,20.77,0
353454,oncoming_sedans.165,4.3,20.65,0
353455,oncoming_sedans.165,4.3,20.64,0
353456,oncoming_sedans.165,4.3,20.72,0
353457,oncoming_sedans.165,4.3,20.91,0
353458,oncoming_sedans.165,4.2,21.2,0
353459,oncoming_sedans.165,4.1,21.6,0
353460,oncoming_sedans.165,4.0,22.11,0
353502,oncoming_sedans.166,0.3,318.17,0
353503,oncoming_sedans.166,0.2,375.26,0
353640,oncoming_sedans.168,2.1,42.54,0
353641,oncoming_sedans.168,2.3,39.53,0
353642,oncoming_sedans.168,2.4,36.9,0
353643,oncoming_sedans.168,2.6,34.6,0
353644,oncoming_sedans.168,2.7,32.58,0
353645,oncoming_sedans.168,2.9,30.8,0
353646,oncoming_sedans.168,3.1,29.24,0
353647,oncoming_sedans.168,3.2,27.85,0
353648,oncoming_sedans.168,3.4,26.63,0
353649,oncoming_sedans.168,3.5,25.55,0
353650,oncoming_sedans.168,3.6,24.61,0
353651,oncoming_sedans.168,3.8,23.78,0
353652,oncoming_sedans.168,3.9,23.07,0
353653,oncoming_sedans.168,4.0,22.45,0
353654,oncoming_sedans.168,4.1,21.93,0
353655,oncoming_sedans.168,4.2,21.5,0
353656,oncoming_sedans.168,4.2,21.15,0
353657,oncoming_sedans.168,4.3,20.89,0
353658,oncoming_sedans.168,4.3,20.72,0
353659,oncoming_sedans.168,4.3,20.62,0
353660,oncoming_sedans.168,4.3,20.61,0
353661,oncoming_sedans.168,4.3,20.69,0
353662,oncoming_sedans.168,4.3,20.85,0
353663,oncoming_sedans.168,4.2,21.11,0
353664,oncoming_sedans.168,4.2,21.46,0
353665,oncoming_sedans.168,4.1,21.92,0
353666,oncoming_sedans.168,4.0,22.5,0
353667,oncoming_sedans.168,3.9,23.19,0
353668,oncoming_sedans.168,3.7,24.03,0
353669,oncoming_sedans.168,3.6,25.01,0
353670,oncoming_sedans.168,3.4,26.16,0
356501,oncoming_sedans.166,0.3,342.25,0
356502,oncoming_sedans.166,0.3,255.74,0
356503,oncoming_sedans.166,0.5,197.18,0
356504,oncoming_sedans.166,0.6,156.03,0
356505,oncoming_sedans.166,0.7,126.2,0
356506,oncoming_sedans.166,0.9,104.0,0
356507,oncoming_sedans.166,1.0,87.1,0
356508,oncoming_sedans.166,1.2,73.98,0
356509,oncoming_sedans.166,1.4,63.63,0
356510,oncoming_sedans.166,1.6,55.33,0
356511,oncoming_sedans.166,1.8,48.59,0
356512,oncoming_sedans.166,2.1,43.05,0
356513,oncoming_sedans.166,2.3,38.45,0
356514,oncoming_sedans.166,2.6,34.59,0
356515,oncoming_sedans.166,2.9,31.32,0
356516,oncoming_sedans.166,3.1,28.54,0
356517,oncoming_sedans.166,3.4,26.15,0
356518,oncoming_sedans.166,3.7,24.09,0
356519,oncoming_sedans.166,4.0,22.29,0
356520,oncoming_sedans.166,4.3,20.73,0
356521,oncoming_sedans.166,4.6,19.36,0
356522,oncoming_sedans.166,4.9,18.15,0
356523,oncoming_sedans.166,5.2,17.09,0
356524,oncoming_sedans.166,5.5,16.15,0
356525,oncoming_sedans.166,5.8,15.32,0
356526,oncoming_sedans.166,6.1,14.58,0
356527,oncoming_sedans.166,6.4,13.93,0
356528,oncoming_sedans.166,6.7,13.35,0
356529,oncoming_sedans.166,7.0,12.85,0
356530,oncoming_sedans.166,7.2,12.41,0
356531,oncoming_sedans.166,7.4,12.02,0
356550,oncoming_sedans.169,7.8,11.43,0
356551,oncoming_sedans.169,7.8,11.42,0
356552,oncoming_sedans.169,7.8,11.46,0
356553,oncoming_sedans.169,7.8,11.54,0
356554,oncoming_sedans.169,7.7,11.67,0
356555,oncoming_sedans.169,7.6,11.85,0
356556,oncoming_sedans.169,7.4,12.08,0
356557,oncoming_sedans.169,7.2,12.36,0
356558,oncoming_sedans.169,7.0,12.7,0
356559,oncoming_sedans.169,6.8,13.1,0
356560,oncoming_sedans.169,6.6,13.57,0
356561,oncoming_sedans.169,6.3,14.11,0
356562,oncoming_sedans.169,6.1,14.72,0
356563,oncoming_sedans.169,5.8,15.42,0
356564,oncoming_sedans.169,5.5,16.22,0
356565,oncoming_sedans.169,5.2,17.12,0
356566,oncoming_sedans.169,4.9,18.13,0
356708,oncoming_sedans.167,2.1,43.01,0
356709,oncoming_sedans.167,2.2,40.02,0
356710,oncoming_sedans.167,2.4,37.4,0
356711,oncoming_sedans.167,2.5,35.1,0
356712,oncoming_sedans.167,2.7,33.08,0
356713,oncoming_sedans.167,2.9,31.29,0
356714,oncoming_sedans.167,3.0,29.71,0
356715,oncoming_sedans.167,3.2,28.32,0
356716,oncoming_sedans.167,3.3,27.08,0
356717,oncoming_sedans.167,3.4,26.0,0
356718,oncoming_sedans.167,3.6,25.05,0
356719,oncoming_sedans.167,3.7,24.21,0
356720,oncoming_sedans.167,3.8,23.49,0
356721,oncoming_sedans.167,3.9,22.88,0
356722,oncoming_sedans.167,4.0,22.35,0
356723,oncoming_sedans.167,4.1,21.93,0
356724,oncoming_sedans.167,4.1,21.58,0
356725,oncoming_sedans.167,4.2,21.33,0
356726,oncoming_sedans.167,4.2,21.16,0
356727,oncoming_sedans.167,4.2,21.07,0
356728,oncoming_sedans.167,4.2,21.07,0
356729,oncoming_sedans.167,4.2,21.15,0
356730,oncoming_sedans.167,4.2,21.32,0
356731,oncoming_sedans.167,4.1,21.58,0
356732,oncoming_sedans.167,4.1,21.94,0
356733,oncoming_sedans.167,4.0,22.4,0
356734,oncoming_sedans.167,3.9,22.97,0
356735,oncoming_sedans.167,3.8,23.66,0
356736,oncoming_sedans.167,3.7,24.48,0
356737,oncoming_sedans.167,3.5,25.44,0
356738,oncoming_sedans.167,3.4,26.55,0
359593,oncoming_sedans.170,0.2,384.22,0
359594,oncoming_sedans.170,0.3,298.22,0
359595,oncoming_sedans.170,0.4,237.32,0
359596,oncoming_sedans.170,0.5,192.83,0
359597,oncoming_sedans.170,0.6,159.48,0
359598,oncoming_sedans.170,0.7,133.93,0
359599,oncoming_sedans.170,0.8,113.99,0
359600,oncoming_sedans.170,0.9,98.18,0
359601,oncoming_sedans.170,1.0,85.47,0
359602,oncoming_sedans.170,1.2,75.12,0
359603,oncoming_sedans.170,1.3,66.61,0
359604,oncoming_sedans.170,1.5,59.54,0
359605,oncoming_sedans.170,1.7,53.62,0
359606,oncoming_sedans.170,1.8,48.62,0
359607,oncoming_sedans.170,2.0,44.37,0
359608,oncoming_sedans.170,2.2,40.74,0
359609,oncoming_sedans.170,2.4,37.62,0
359610,oncoming_sedans.170,2.6,34.93,0
359611,oncoming_sedans.170,2.7,32.6,0
359612,oncoming_sedans.170,2.9,30.58,0
359613,oncoming_sedans.170,3.1,28.83,0
359614,oncoming_sedans.170,3.3,27.3,0
359615,oncoming_sedans.170,3.4,25.98,0
359616,oncoming_sedans.170,3.6,24.83,0
359617,oncoming_sedans.170,3.8,23.84,0
359618,oncoming_sedans.170,3.9,22.99,0
359619,oncoming_sedans.170,4.0,22.27,0
359620,oncoming_sedans.170,4.1,21.67,0
359621,oncoming_sedans.170,4.2,21.18,0
359622,oncoming_sedans.170,4.3,20.79,0
359623,oncoming_sedans.170,4.4,20.5,0
359624,oncoming_sedans.170,4.4,20.31,0
359625,oncoming_sedans.170,4.4,20.21,0
359626,oncoming_sedans.170,4.4,20.21,0
359627,oncoming_sedans.170,4.4,20.29,0
359628,oncoming_sedans.170,4.4,20.48,0
359629,oncoming_sedans.170,4.3,20.75,0
359630,oncoming_sedans.170,4.2,21.13,0
359631,oncoming_sedans.170,4.1,21.61,0
359632,oncoming_sedans.170,4.0,22.21,0
359778,oncoming_trucks.63,1.8,50.31,0
359779,oncoming_trucks.63,1.9,46.45,0
359780,oncoming_trucks.63,2.1,43.1,0
359781,oncoming_trucks.63,2.2,40.19,0
359782,oncoming_trucks.63,2.4,37.64,0
359783,oncoming_trucks.63,2.5,35.4,0
359784,oncoming_trucks.63,2.7,33.43,0
359785,oncoming_trucks.63,2.8,31.69,0
359786,oncoming_trucks.63,3.0,30.15,0
359787,oncoming_trucks.63,3.1,28.78,0
359788,oncoming_trucks.63,3.2,27.57,0
359789,oncoming_trucks.63,3.4,26.5,0
359790,oncoming_trucks.63,3.5,25.56,0
359791,oncoming_trucks.63,3.6,24.73,0
359792,oncoming_trucks.63,3.7,24.0,0
359793,oncoming_trucks.63,3.8,23.37,0
359794,oncoming_trucks.63,3.9,22.84,0
359795,oncoming_trucks.63,4.0,22.39,0
359796,oncoming_trucks.63,4.1,22.02,0
359797,oncoming_trucks.63,4.1,21.74,0
359798,oncoming_trucks.63,4.2,21.53,0
359799,oncoming_trucks.63,4.2,21.41,0
359800,oncoming_trucks.63,4.2,21.37,0
359801,oncoming_trucks.63,4.2,21.4,0
359802,oncoming_trucks.63,4.2,21.53,0
359803,oncoming_trucks.63,4.1,21.74,0
359804,oncoming_trucks.63,4.1,22.05,0
359805,oncoming_trucks.63,4.0,22.47,0
359806,oncoming_trucks.63,3.9,22.99,0
359807,oncoming_trucks.63,3.8,23.64,0
359808,oncoming_trucks.63,3.7,24.42,0
359809,oncoming_trucks.63,3.5,25.35,0
359810,oncoming_trucks.63,3.4,26.45,0
359811,oncoming_trucks.63,3.2,27.75,0
359812,oncoming_trucks.63,3.1,29.26,0
359813,oncoming_trucks.63,2.9,31.03,0
359814,oncoming_trucks.63,2.7,33.09,0
359815,oncoming_trucks.63,2.5,35.5,0
359816,oncoming_trucks.63,2.3,38.31,0
359817,oncoming_trucks.63,2.2,41.61,0
362661,oncoming_sedans.172,0.2,371.85,0
362662,oncoming_sedans.172,0.3,290.85,0
362663,oncoming_sedans.172,0.4,232.77,0
362664,oncoming_sedans.172,0.5,189.93,0
362665,oncoming_sedans.172,0.6,157.59,0
362666,oncoming_sedans.172,0.7,132.66,0
362667,oncoming_sedans.172,0.8,113.13,0
362668,oncoming_sedans.172,0.9,97.58,0
362669,oncoming_sedans.172,1.1,85.05,0
362670,oncoming_sedans.172,1.2,74.82,0
362671,oncoming_sedans.172,1.3,66.39,0
362672,oncoming_sedans.172,1.5,59.38,0
362673,oncoming_sedans.172,1.7,53.5,0
362674,oncoming_sedans.172,1.8,48.53,0
362675,oncoming_sedans.172,2.0,44.3,0
362676,oncoming_sedans.172,2.2,40.68,0
362677,oncoming_sedans.172,2.4,37.58,0
362678,oncoming_sedans.172,2.6,34.89,0
362679,oncoming_sedans.172,2.7,32.57,0
362680,oncoming_sedans.172,2.9,30.56,0
362681,oncoming_sedans.172,3.1,28.81,0
362682,oncoming_sedans.172,3.3,27.28,0
362683,oncoming_sedans.172,3.4,25.96,0
362684,oncoming_sedans.172,3.6,24.81,0
362685,oncoming_sedans.172,3.8,23.82,0
362686,oncoming_sedans.172,3.9,22.98,0
362687,oncoming_sedans.172,4.0,22.26,0
362688,oncoming_sedans.172,4.1,21.66,0
362689,oncoming_sedans.172,4.2,21.17,0
362690,oncoming_sedans.172,4.3,20.78,0
362691,oncoming_sedans.172,4.4,20.49,0
362692,oncoming_sedans.172,4.4,20.3,0
362693,oncoming_sedans.172,4.4,20.2,0
362694,oncoming_sedans.172,4.4,20.19,0
362695,oncoming_sedans.172,4.4,20.28,0
362696,oncoming_sedans.172,4.4,20.46,0
362697,oncoming_sedans.172,4.3,20.73,0
362698,oncoming_sedans.172,4.2,21.11,0
362699,oncoming_sedans.172,4.1,21.59,0
362700,oncoming_sedans.172,4.0,22.18,0
362878,oncoming_sedans.171,9.7,9.23,0
362879,oncoming_sedans.171,9.5,9.42,0
362880,oncoming_sedans.171,9.3,9.66,0
362881,oncoming_sedans.171,9.0,9.94,0
362882,oncoming_sedans.171,8.7,10.28,0
362883,oncoming_sedans.171,8.4,10.67,0
362884,oncoming_sedans.171,8.0,11.13,0
362885,oncoming_sedans.171,7.7,11.65,0
362886,oncoming_sedans.171,7.3,12.25,0
362887,oncoming_sedans.171,6.9,12.93,0
362888,oncoming_sedans.171,6.5,13.71,0
362889,oncoming_sedans.171,6.1,14.6,0
362890,oncoming_sedans.171,5.7,15.61,0
362891,oncoming_sedans.171,5.3,16.76,0
362892,oncoming_sedans.171,5.0,18.07,0
362893,oncoming_sedans.171,4.6,19.56,0
365752,oncoming_trucks.65,1.7,52.47,0
365753,oncoming_trucks.65,1.9,48.26,0
365754,oncoming_trucks.65,2.0,44.63,0
365755,oncoming_trucks.65,2.2,41.49,0
365756,oncoming_trucks.65,2.3,38.75,0
365757,oncoming_trucks.65,2.5,36.34,0
365758,oncoming_trucks.65,2.6,34.23,0
365759,oncoming_trucks.65,2.8,32.36,0
365760,oncoming_trucks.65,2.9,30.7,0
365761,oncoming_trucks.65,3.1,29.23,0
365762,oncoming_trucks.65,3.2,27.93,0
365763,oncoming_trucks.65,3.3,26.77,0
365764,oncoming_trucks.65,3.5,25.74,0
365765,oncoming_trucks.65,3.6,24.83,0
365766,oncoming_trucks.65,3.7,24.02,0
365767,oncoming_trucks.65,3.8,23.32,0
365768,oncoming_trucks.65,3.9,22.7,0
365769,oncoming_trucks.65,4.0,22.17,0
365770,oncoming_trucks.65,4.1,21.73,0
365771,oncoming_trucks.65,4.2,21.36,0
365772,oncoming_trucks.65,4.2,21.07,0
365773,oncoming_trucks.65,4.3,20.86,0
365774,oncoming_trucks.65,4.3,20.73,0
365775,oncoming_trucks.65,4.3,20.67,0
365776,oncoming_trucks.65,4.3,20.69,0
365777,oncoming_trucks.65,4.3,20.8,0
365778,oncoming_trucks.65,4.3,21.0,0
365779,oncoming_trucks.65,4.2,21.29,0
365780,oncoming_trucks.65,4.1,21.69,0
365781,oncoming_trucks.65,4.0,22.2,0
365782,oncoming_trucks.65,3.9,22.83,0
365783,oncoming_trucks.65,3.8,23.61,0
365784,oncoming_trucks.65,3.6,24.54,0
365785,oncoming_trucks.65,3.5,25.66,0
365786,oncoming_trucks.65,3.3,26.98,0
365787,oncoming_trucks.65,3.1,28.53,0
365788,oncoming_trucks.65,2.9,30.37,0
365789,oncoming_trucks.65,2.8,32.53,0
365792,school_buses.13,1.4,63.29,0
365793,school_buses.13,1.2,73.4,0
365794,school_buses.13,1.0,86.39,0
365795,school_buses.13,0.9,103.51,0
365796,school_buses.13,0.7,126.83,0
365797,school_buses.13,0.6,160.03,0
365798,school_buses.13,0.4,210.39,0
365799,school_buses.13,0.3,294.48,0
365916,school_buses.13,0.2,394.62,0
365917,school_buses.13,0.3,293.4,0
365918,school_buses.13,0.4,227.57,0
365919,school_buses.13,0.5,182.32,0
365920,school_buses.13,0.6,149.85,0
365921,school_buses.13,0.7,125.76,0
365922,school_buses.13,0.8,107.37,0
365923,school_buses.13,1.0,93.02,0
365924,school_buses.13,1.1,81.6,0
365925,school_buses.13,1.2,72.36,0
365926,school_buses.13,1.4,64.77,0
365927,school_buses.13,1.5,58.47,0
365928,school_buses.13,1.7,53.18,0
365929,school_buses.13,1.8,48.69,0
365930,school_buses.13,2.0,44.86,0
365931,school_buses.13,2.2,41.56,0
365932,school_buses.13,2.3,38.7,0
365933,school_buses.13,2.5,36.21,0
365934,school_buses.13,2.6,34.03,0
365935,school_buses.13,2.8,32.12,0
365936,school_buses.13,2.9,30.44,0
365937,school_buses.13,3.1,28.95,0
365938,school_buses.13,3.2,27.63,0
365939,school_buses.13,3.4,26.47,0
365940,school_buses.13,3.5,25.44,0
365941,school_buses.13,3.6,24.53,0
365942,school_buses.13,3.8,23.74,0
365943,school_buses.13,3.9,23.04,0
365944,school_buses.13,4.0,22.44,0
365945,school_buses.13,4.1,21.93,0
365946,school_buses.13,4.2,21.5,0
365947,school_buses.13,4.2,21.14,0
365948,school_buses.13,4.3,20.87,0
365949,school_buses.13,4.3,20.67,0
365950,school_buses.13,4.4,20.55,0
365951,school_buses.13,4.4,20.51,0
365952,school_buses.13,4.4,20.54,0
365953,school_buses.13,4.3,20.66,0
365954,school_buses.13,4.3,20.87,0
365955,school_buses.13,4.2,21.17,0
365956,school_buses.13,4.1,21.57,0
365957,school_buses.13,4.1,22.08,0
365958,school_buses.13,3.9,22.71,0
365959,school_buses.13,3.8,23.48,0
365960,school_buses.13,3.7,24.4,0
365961,school_buses.13,3.5,25.48,0
365962,school_buses.13,3.3,26.77,0
365963,school_buses.13,3.2,28.27,0
365964,school_buses.13,3.0,30.04,0
365965,school_buses.13,2.8,32.11,0
365966,school_buses.13,2.6,34.54,0
365967,school_buses.13,2.4,37.39,0
365968,school_buses.13,2.2,40.77,0
365969,school_buses.13,2.0,44.77,0
365970,school_buses.13,1.8,49.55,0
365971,school_buses.13,1.6,55.3,0
365972,school_buses.13,1.4,62.28,0
365973,school_buses.13,1.3,70.88,0
365974,school_buses.13,1.1,81.6,0
365975,school_buses.13,0.9,95.22,0
365976,school_buses.13,0.8,112.94,0
365977,school_buses.13,0.7,136.65,0
365978,school_buses.13,0.5,169.67,0
365979,school_buses.13,0.4,218.18,0
365980,school_buses.13,0.3,295.38,0
368828,oncoming_sedans.178,3.0,29.43,0
368829,oncoming_sedans.178,3.2,28.15,0
368830,oncoming_sedans.178,3.3,27.03,0
368831,oncoming_sedans.178,3.4,26.03,0
368832,oncoming_sedans.178,3.6,25.16,0
368833,oncoming_sedans.178,3.7,24.4,0
368834,oncoming_sedans.178,3.8,23.74,0
368835,oncoming_sedans.178,3.9,23.18,0
368836,oncoming_sedans.178,3.9,22.71,0
368837,oncoming_sedans.178,4.0,22.33,0
368838,oncoming_sedans.178,4.1,22.04,0
368839,oncoming_sedans.178,4.1,21.83,0
368840,oncoming_sedans.178,4.1,21.71,0
368841,oncoming_sedans.178,4.1,21.66,0
368842,oncoming_sedans.178,4.1,21.71,0
368843,oncoming_sedans.178,4.1,21.84,0
368844,oncoming_sedans.178,4.1,22.07,0
368845,oncoming_sedans.178,4.0,22.39,0
368846,oncoming_sedans.178,3.9,22.82,0
368847,oncoming_sedans.178,3.8,23.36,0
368848,oncoming_sedans.178,3.7,24.02,0
368849,oncoming_sedans.178,3.6,24.81,0
368850,oncoming_sedans.178,3.5,25.75,0
368851,oncoming_sedans.178,3.3,26.85,0
368852,oncoming_sedans.178,3.2,28.13,0
368853,oncoming_sedans.178,3.0,29.62,0
368854,oncoming_sedans.178,2.9,31.34,0
368855,oncoming_sedans.178,2.7,33.33,0
368856,oncoming_sedans.178,2.5,35.63,0
368857,oncoming_sedans.178,2.3,38.3,0
368858,oncoming_sedans.178,2.2,41.4,0
368859,oncoming_sedans.178,2.0,45.01,0
368975,school_buses.13,0.3,341.05,0
368976,school_buses.13,0.4,252.16,0
368977,school_buses.13,0.5,194.84,0
368978,school_buses.13,0.6,155.71,0
368979,school_buses.13,0.7,127.81,0
368980,school_buses.13,0.8,107.21,0
368981,school_buses.13,1.0,91.56,0
368982,school_buses.13,1.1,79.39,0
368983,school_buses.13,1.3,69.74,0
368984,school_buses.13,1.4,61.96,0
368985,school_buses.13,1.6,55.59,0
368986,school_buses.13,1.8,50.31,0
368987,school_buses.13,1.9,45.89,0
368988,school_buses.13,2.1,42.15,0
368989,school_buses.13,2.3,38.96,0
368990,school_buses.13,2.5,36.22,0
368991,school_buses.13,2.6,33.86,0
368992,school_buses.13,2.8,31.8,0
368993,school_buses.13,3.0,30.01,0
368994,school_buses.13,3.1,28.44,0
368995,school_buses.13,3.3,27.07,0
368996,school_buses.13,3.5,25.86,0
368997,school_buses.13,3.6,24.8,0
368998,school_buses.13,3.7,23.88,0
368999,school_buses.13,3.9,23.07,0
369000,school_buses.13,4.0,22.36,0
369001,school_buses.13,4.1,21.76,0
369002,school_buses.13,4.2,21.24,0
369003,school_buses.13,4.3,20.81,0
369004,school_buses.13,4.4,20.47,0
369005,school_buses.13,4.4,20.2,0
369006,school_buses.13,4.5,20.01,0
369007,school_buses.13,4.5,19.9,0
369008,school_buses.13,4.5,19.87,0
369009,school_buses.13,4.5,19.92,0
369010,school_buses.13,4.5,20.05,0
369011,school_buses.13,4.4,20.28,0
369042,oncoming_sedans.174,1.2,76.43,0
369043,oncoming_sedans.174,1.0,87.18,0
369044,oncoming_sedans.174,0.9,100.21,0
369045,oncoming_sedans.174,0.8,116.14,0
369046,oncoming_sedans.174,0.7,135.76,0
369047,oncoming_sedans.174,0.6,160.19,0
369048,oncoming_sedans.174,0.5,190.96,0
369049,oncoming_sedans.174,0.4,230.28,0
369050,oncoming_sedans.174,0.3,281.42,0
369051,oncoming_sedans.174,0.3,349.37,0
371906,oncoming_sedans.176,3.5,25.71,0
371907,oncoming_sedans.176,3.6,24.61,0
371908,oncoming_sedans.176,3.8,23.63,0
371909,oncoming_sedans.176,3.9,22.77,0
371910,oncoming_sedans.176,4.1,22.01,0
371911,oncoming_sedans.176,4.2,21.34,0
371912,oncoming_sedans.176,4.3,20.77,0
371913,oncoming_sedans.176,4.4,20.27,0
371914,oncoming_sedans.176,4.5,19.86,0
371915,oncoming_sedans.176,4.6,19.52,0
371916,oncoming_sedans.176,4.6,19.26,0
371917,oncoming_sedans.176,4.7,19.07,0
371918,oncoming_sedans.176,4.7,18.95,0
371919,oncoming_sedans.176,4.7,18.9,0
371920,oncoming_sedans.176,4.7,18.93,0
371921,oncoming_sedans.176,4.7,19.03,0
371922,oncoming_sedans.176,4.7,19.21,0
371923,oncoming_sedans.176,4.6,19.47,0
371924,oncoming_sedans.176,4.5,19.81,0
371925,oncoming_sedans.176,4.4,20.25,0
371926,oncoming_sedans.176,4.3,20.78,0
371927,oncoming_sedans.176,4.2,21.42,0
371928,oncoming_sedans.176,4.0,22.18,0
371929,oncoming_sedans.176,3.9,23.06,0
371930,oncoming_sedans.176,3.7,24.09,0
371931,oncoming_sedans.176,3.5,25.28,0
372042,oncoming_sedans.174,0.2,365.11,0
372043,oncoming_sedans.174,0.3,278.35,0
372044,oncoming_sedans.174,0.4,219.16,0
372045,oncoming_sedans.174,0.5,177.1,0
372046,oncoming_sedans.174,0.6,146.22,0
372047,oncoming_sedans.174,0.7,122.94,0
372048,oncoming_sedans.174,0.9,104.97,0
372049,oncoming_sedans.174,1.0,90.85,0
372050,oncoming_sedans.174,1.1,79.55,0
372051,oncoming_sedans.174,1.3,70.38,0
372052,oncoming_sedans.174,1.4,62.85,0
372053,oncoming_sedans.174,1.6,56.6,0
372054,oncoming_sedans.174,1.7,51.35,0
372055,oncoming_sedans.174,1.9,46.91,0
372056,oncoming_sedans.174,2.1,43.13,0
372057,oncoming_sedans.174,2.2,39.88,0
372058,oncoming_sedans.174,2.4,37.07,0
372059,oncoming_sedans.174,2.6,34.64,0
372060,oncoming_sedans.174,2.8,32.52,0
372061,oncoming_sedans.174,2.9,30.66,0
372062,oncoming_sedans.174,3.1,29.04,0
372063,oncoming_sedans.174,3.2,27.62,0
372064,oncoming_sedans.174,3.4,26.37,0
372065,oncoming_sedans.174,3.5,25.27,0
372066,oncoming_sedans.174,3.7,24.31,0
372067,oncoming_sedans.174,3.8,23.48,0
372068,oncoming_sedans.174,3.9,22.75,0
372069,oncoming_sedans.174,4.0,22.14,0
372070,oncoming_sedans.174,4.1,21.61,0
372071,oncoming_sedans.174,4.2,21.18,0
372072,oncoming_sedans.174,4.3,20.84,0
372073,oncoming_sedans.174,4.3,20.58,0
372074,oncoming_sedans.174,4.4,20.41,0
372075,oncoming_sedans.174,4.4,20.31,0
372076,oncoming_sedans.174,4.4,20.3,0
372077,oncoming_sedans.174,4.4,20.38,0
372078,oncoming_sedans.174,4.4,20.54,0
372079,oncoming_sedans.174,4.3,20.8,0
372111,oncoming_sedans.177,1.1,78.92,0
372112,oncoming_sedans.177,1.0,88.81,0
372113,oncoming_sedans.177,0.9,100.6,0
372114,oncoming_sedans.177,0.8,114.78,0
372115,oncoming_sedans.177,0.7,131.99,0
372116,oncoming_sedans.177,0.6,153.1,0
372117,oncoming_sedans.177,0.5,179.28,0
372118,oncoming_sedans.177,0.4,212.04,0
372119,oncoming_sedans.177,0.4,253.59,0
372120,oncoming_sedans.177,0.3,307.1,0
372121,oncoming_sedans.177,0.2,377.35,0
374973,oncoming_trucks.66,1.8,50.7,0
374974,oncoming_trucks.66,1.9,46.77,0
374975,oncoming_trucks.66,2.1,43.38,0
374976,oncoming_trucks.66,2.2,40.42,0
374977,oncoming_trucks.66,2.4,37.84,0
374978,oncoming_trucks.66,2.5,35.57,0
374979,oncoming_trucks.66,2.7,33.58,0
374980,oncoming_trucks.66,2.8,31.82,0
374981,oncoming_trucks.66,3.0,30.26,0
374982,oncoming_trucks.66,3.1,28.88,0
374983,oncoming_trucks.66,3.2,27.66,0
374984,oncoming_trucks.66,3.4,26.58,0
374985,oncoming_trucks.66,3.5,25.62,0
374986,oncoming_trucks.66,3.6,24.79,0
374987,oncoming_trucks.66,3.7,24.06,0
374988,oncoming_trucks.66,3.8,23.42,0
374989,oncoming_trucks.66,3.9,22.88,0
374990,oncoming_trucks.66,4.0,22.43,0
374991,oncoming_trucks.66,4.1,22.06,0
374992,oncoming_trucks.66,4.1,21.77,0
374993,oncoming_trucks.66,4.1,21.56,0
374994,oncoming_trucks.66,4.2,21.44,0
374995,oncoming_trucks.66,4.2,21.39,0
374996,oncoming_trucks.66,4.2,21.43,0
374997,oncoming_trucks.66,4.2,21.55,0
374998,oncoming_trucks.66,4.1,21.76,0
374999,oncoming_trucks.66,4.1,22.07,0
375000,oncoming_trucks.66,4.0,22.48,0
375001,oncoming_trucks.66,3.9,23.0,0
375002,oncoming_trucks.66,3.8,23.65,0
375003,oncoming_trucks.66,3.7,24.43,0
375004,oncoming_trucks.66,3.5,25.36,0
375005,oncoming_trucks.66,3.4,26.46,0
375006,oncoming_trucks.66,3.2,27.75,0
375007,oncoming_trucks.66,3.1,29.26,0
375008,oncoming_trucks.66,2.9,31.03,0
375009,oncoming_trucks.66,2.7,33.09,0
375010,oncoming_trucks.66,2.5,35.49,0
375011,oncoming_trucks.66,2.3,38.3,0
375012,oncoming_trucks.66,2.2,41.6,0
375109,oncoming_sedans.177,0.3,351.17,0
375110,oncoming_sedans.177,0.3,272.48,0
375111,oncoming_sedans.177,0.4,217.18,0
375112,oncoming_sedans.177,0.5,176.99,0
375113,oncoming_sedans.177,0.6,146.96,0
375114,oncoming_sedans.177,0.7,123.97,0
375115,oncoming_sedans.177,0.8,106.04,0
375116,oncoming_sedans.177,1.0,91.8,0
375117,oncoming_sedans.177,1.1,80.34,0
375118,oncoming_sedans.177,1.3,70.98,0
375119,oncoming_sedans.177,1.4,63.25,0
375120,oncoming_sedans.177,1.6,56.81,0
375121,oncoming_sedans.177,1.7,51.39,0
375122,oncoming_sedans.177,1.9,46.79,0
375123,oncoming_sedans.177,2.1,42.87,0
375124,oncoming_sedans.177,2.3,39.51,0
375125,oncoming_sedans.177,2.4,36.61,0
375126,oncoming_sedans.177,2.6,34.1,0
375127,oncoming_sedans.177,2.8,31.92,0
375128,oncoming_sedans.177,3.0,30.02,0
375129,oncoming_sedans.177,3.2,28.37,0
375130,oncoming_sedans.177,3.3,26.94,0
375131,oncoming_sedans.177,3.5,25.7,0
375132,oncoming_sedans.177,3.6,24.62,0
375133,oncoming_sedans.177,3.8,23.7,0
375134,oncoming_sedans.177,3.9,22.91,0
375135,oncoming_sedans.177,4.0,22.26,0
375136,oncoming_sedans.177,4.1,21.72,0
375137,oncoming_sedans.177,4.2,21.3,0
375138,oncoming_sedans.177,4.3,20.98,0
375139,oncoming_sedans.177,4.3,20.77,0
375140,oncoming_sedans.177,4.3,20.65,0
375141,oncoming_sedans.177,4.3,20.64,0
375142,oncoming_sedans.177,4.3,20.72,0
375143,oncoming_sedans.177,4.3,20.91,0
375144,oncoming_sedans.177,4.2,21.2,0
375145,oncoming_sedans.177,4.1,21.6,0
375146,oncoming_sedans.177,4.0,22.11,0
375181,oncoming_trucks.67,1.2,74.01,0
375182,oncoming_trucks.67,1.1,84.62,0
375183,oncoming_trucks.67,0.9,97.89,0
375184,oncoming_trucks.67,0.8,114.79,0
375185,oncoming_trucks.67,0.7,136.84,0
375186,oncoming_trucks.67,0.5,166.48,0
375187,oncoming_trucks.67,0.4,207.94,0
375188,oncoming_trucks.67,0.3,269.29,0
375189,oncoming_trucks.67,0.2,367.84,0
378060,oncoming_sedans.179,3.5,25.23,0
378061,oncoming_sedans.179,3.7,24.14,0
378062,oncoming_sedans.179,3.9,23.18,0
378063,oncoming_sedans.179,4.0,22.34,0
378064,oncoming_sedans.179,4.1,21.59,0
378065,oncoming_sedans.179,4.3,20.93,0
378066,oncoming_sedans.179,4.4,20.37,0
378067,oncoming_sedans.179,4.5,19.88,0
378068,oncoming_sedans.179,4.6,19.47,0
378069,oncoming_sedans.179,4.7,19.13,0
378070,oncoming_sedans.179,4.7,18.87,0
378071,oncoming_sedans.179,4.8,18.68,0
378072,oncoming_sedans.179,4.8,18.56,0
378073,oncoming_sedans.179,4.8,18.51,0
378074,oncoming_sedans.179,4.8,18.53,0
378075,oncoming_sedans.179,4.8,18.63,0
378076,oncoming_sedans.179,4.8,18.8,0
378077,oncoming_sedans.179,4.7,19.06,0
378078,oncoming_sedans.179,4.6,19.4,0
378079,oncoming_sedans.179,4.5,19.84,0
378080,oncoming_sedans.179,4.4,20.38,0
378081,oncoming_sedans.179,4.3,21.04,0
378082,oncoming_sedans.179,4.1,21.81,0
378083,oncoming_sedans.179,3.9,22.72,0
378084,oncoming_sedans.179,3.8,23.78,0
378192,oncoming_trucks.67,0.3,303.65,0
378193,oncoming_trucks.67,0.4,229.77,0
378194,oncoming_trucks.67,0.5,180.52,0
378195,oncoming_trucks.67,0.6,146.04,0
378196,oncoming_trucks.67,0.7,120.97,0
378197,oncoming_trucks.67,0.9,102.16,0
378198,oncoming_trucks.67,1.0,87.69,0
378199,oncoming_trucks.67,1.2,76.32,0
378200,oncoming_trucks.67,1.3,67.23,0
378201,oncoming_trucks.67,1.5,59.84,0
378202,oncoming_trucks.67,1.7,53.75,0
378203,oncoming_trucks.67,1.8,48.68,0
378204,oncoming_trucks.67,2.0,44.41,0
378205,oncoming_trucks.67,2.2,40.79,0
378206,oncoming_trucks.67,2.4,37.7,0
378207,oncoming_trucks.67,2.6,35.03,0
378208,oncoming_trucks.67,2.7,32.72,0
378209,oncoming_trucks.67,2.9,30.71,0
378210,oncoming_trucks.67,3.1,28.96,0
378211,oncoming_trucks.67,3.3,27.42,0
378212,oncoming_trucks.67,3.4,26.08,0
378213,oncoming_trucks.67,3.6,24.89,0
378214,oncoming_trucks.67,3.8,23.86,0
378215,oncoming_trucks.67,3.9,22.95,0
378215,oncoming_sedans.180,2.1,43.07,0
378216,oncoming_trucks.67,4.0,22.16,0
378216,oncoming_sedans.180,2.2,40.07,0
378217,oncoming_trucks.67,4.2,21.47,0
378217,oncoming_sedans.180,2.4,37.45,0
378218,oncoming_trucks.67,4.3,20.89,0
378218,oncoming_sedans.180,2.5,35.14,0
378219,oncoming_trucks.67,4.4,20.39,0
378219,oncoming_sedans.180,2.7,33.11,0
378220,oncoming_trucks.67,4.5,19.98,0
378220,oncoming_sedans.180,2.9,31.32,0
378221,oncoming_trucks.67,4.6,19.66,0
378221,oncoming_sedans.180,3.0,29.74,0
378222,oncoming_trucks.67,4.6,19.42,0
378222,oncoming_sedans.180,3.2,28.34,0
378223,oncoming_trucks.67,4.6,19.26,0
378223,oncoming_sedans.180,3.3,27.11,0
378224,oncoming_trucks.67,4.7,19.18,0
378224,oncoming_sedans.180,3.4,26.02,0
378225,oncoming_trucks.67,4.7,19.18,0
378225,oncoming_sedans.180,3.6,25.07,0
378226,oncoming_trucks.67,4.6,19.27,0
378226,oncoming_sedans.180,3.7,24.24,0
378227,oncoming_trucks.67,4.6,19.45,0
378227,oncoming_sedans.180,3.8,23.52,0
378228,oncoming_trucks.67,4.5,19.73,0
378228,oncoming_sedans.180,3.9,22.9,0
378229,oncoming_trucks.67,4.4,20.12,0
378229,oncoming_sedans.180,4.0,22.38,0
378230,oncoming_trucks.67,4.3,20.62,0
378230,oncoming_sedans.180,4.1,21.95,0
378231,oncoming_trucks.67,4.2,21.24,0
378231,oncoming_sedans.180,4.1,21.61,0
378232,oncoming_trucks.67,4.1,22.01,0
378232,oncoming_sedans.180,4.2,21.35,0
378233,oncoming_trucks.67,3.9,22.94,0
378233,oncoming_sedans.180,4.2,21.18,0
378234,oncoming_sedans.180,4.2,21.09,0
378235,oncoming_sedans.180,4.2,21.09,0
378236,oncoming_sedans.180,4.2,21.17,0
378237,oncoming_sedans.180,4.2,21.34,0
378238,oncoming_sedans.180,4.1,21.61,0
378239,oncoming_sedans.180,4.1,21.97,0
378240,oncoming_sedans.180,4.0,22.43,0
378241,oncoming_sedans.180,3.9,23.0,0
378242,oncoming_sedans.180,3.8,23.69,0
378243,oncoming_sedans.180,3.7,24.51,0
378244,oncoming_sedans.180,3.5,25.47,0
378245,oncoming_sedans.180,3.4,26.59,0
381125,oncoming_sedans.181,2.1,43.52,0
381126,oncoming_sedans.181,2.2,40.38,0
381127,oncoming_sedans.181,2.4,37.65,0
381128,oncoming_sedans.181,2.5,35.26,0
381129,oncoming_sedans.181,2.7,33.16,0
381130,oncoming_sedans.181,2.9,31.32,0
381131,oncoming_sedans.181,3.0,29.7,0
381132,oncoming_sedans.181,3.2,28.27,0
381133,oncoming_sedans.181,3.3,27.0,0
381134,oncoming_sedans.181,3.5,25.89,0
381135,oncoming_sedans.181,3.6,24.92,0
381136,oncoming_sedans.181,3.7,24.07,0
381137,oncoming_sedans.181,3.8,23.32,0
381138,oncoming_sedans.181,3.9,22.69,0
381139,oncoming_sedans.181,4.0,22.15,0
381140,oncoming_sedans.181,4.1,21.7,0
381141,oncoming_sedans.181,4.2,21.34,0
381142,oncoming_sedans.181,4.2,21.07,0
381143,oncoming_sedans.181,4.3,20.88,0
381144,oncoming_sedans.181,4.3,20.78,0
381145,oncoming_sedans.181,4.3,20.76,0
381146,oncoming_sedans.181,4.3,20.82,0
381147,oncoming_sedans.181,4.3,20.98,0
381148,oncoming_sedans.181,4.2,21.23,0
381149,oncoming_sedans.181,4.1,21.58,0
381150,oncoming_sedans.181,4.1,22.03,0
381151,oncoming_sedans.181,4.0,22.6,0
381152,oncoming_sedans.181,3.8,23.29,0
381153,oncoming_sedans.181,3.7,24.11,0
381154,oncoming_sedans.181,3.6,25.09,0
381155,oncoming_sedans.181,3.4,26.24,0
381285,oncoming_trucks.68,1.8,50.31,0
381286,oncoming_trucks.68,1.9,46.45,0
381287,oncoming_trucks.68,2.1,43.1,0
381288,oncoming_trucks.68,2.2,40.19,0
381289,oncoming_trucks.68,2.4,37.64,0
381290,oncoming_trucks.68,2.5,35.4,0
381291,oncoming_trucks.68,2.7,33.43,0
381292,oncoming_trucks.68,2.8,31.69,0
381293,oncoming_trucks.68,3.0,30.15,0
381294,oncoming_trucks.68,3.1,28.78,0
381295,oncoming_trucks.68,3.2,27.57,0
381296,oncoming_trucks.68,3.4,26.5,0
381297,oncoming_trucks.68,3.5,25.56,0
381298,oncoming_trucks.68,3.6,24.73,0
381299,oncoming_trucks.68,3.7,24.0,0
381300,oncoming_trucks.68,3.8,23.37,0
381301,oncoming_trucks.68,3.9,22.84,0
381302,oncoming_trucks.68,4.0,22.39,0
381303,oncoming_trucks.68,4.1,22.02,0
381304,oncoming_trucks.68,4.1,21.74,0
381305,oncoming_trucks.68,4.2,21.53,0
381306,oncoming_trucks.68,4.2,21.41,0
381307,oncoming_trucks.68,4.2,21.37,0
381308,oncoming_trucks.68,4.2,21.4,0
381309,oncoming_trucks.68,4.2,21.53,0
381310,oncoming_trucks.68,4.1,21.74,0
381311,oncoming_trucks.68,4.1,22.05,0
381312,oncoming_trucks.68,4.0,22.47,0
381313,oncoming_trucks.68,3.9,22.99,0
381314,oncoming_trucks.68,3.8,23.64,0
381315,oncoming_trucks.68,3.7,24.42,0
381316,oncoming_trucks.68,3.5,25.35,0
381317,oncoming_trucks.68,3.4,26.45,0
381318,oncoming_trucks.68,3.2,27.75,0
381319,oncoming_trucks.68,3.1,29.26,0
381320,oncoming_trucks.68,2.9,31.03,0
381321,oncoming_trucks.68,2.7,33.09,0
381322,oncoming_trucks.68,2.5,35.5,0
381323,oncoming_trucks.68,2.3,38.31,0
381324,oncoming_trucks.68,2.2,41.61,0
384193,oncoming_sedans.182,2.1,43.0,0
384194,oncoming_sedans.182,2.2,40.01,0
384195,oncoming_sedans.182,2.4,37.39,0
384196,oncoming_sedans.182,2.5,35.09,0
384197,oncoming_sedans.182,2.7,33.07,0
384198,oncoming_sedans.182,2.9,31.28,0
384199,oncoming_sedans.182,3.0,29.71,0
384200,oncoming_sedans.182,3.2,28.31,0
384201,oncoming_sedans.182,3.3,27.08,0
384202,oncoming_sedans.182,3.4,26.0,0
384203,oncoming_sedans.182,3.6,25.05,0
384204,oncoming_sedans.182,3.7,24.21,0
384205,oncoming_sedans.182,3.8,23.49,0
384206,oncoming_sedans.182,3.9,22.88,0
384207,oncoming_sedans.182,4.0,22.36,0
384208,oncoming_sedans.182,4.1,21.93,0
384209,oncoming_sedans.182,4.1,21.59,0
384210,oncoming_sedans.182,4.2,21.33,0
384211,oncoming_sedans.182,4.2,21.16,0
384212,oncoming_sedans.182,4.2,21.07,0
384213,oncoming_sedans.182,4.2,21.07,0
384214,oncoming_sedans.182,4.2,21.15,0
384215,oncoming_sedans.182,4.2,21.32,0
384216,oncoming_sedans.182,4.1,21.58,0
384217,oncoming_sedans.182,4.1,21.94,0
384218,oncoming_sedans.182,4.0,22.4,0
384219,oncoming_sedans.182,3.9,22.97,0
384220,oncoming_sedans.182,3.8,23.66,0
384221,oncoming_sedans.182,3.7,24.48,0
384222,oncoming_sedans.182,3.5,25.44,0
384223,oncoming_sedans.182,3.4,26.56,0
384372,oncoming_sedans.185,3.5,25.22,0
384373,oncoming_sedans.185,3.7,24.14,0
384374,oncoming_sedans.185,3.9,23.18,0
384375,oncoming_sedans.185,4.0,22.33,0
384376,oncoming_sedans.185,4.1,21.59,0
384377,oncoming_sedans.185,4.3,20.93,0
384378,oncoming_sedans.185,4.4,20.36,0
384379,oncoming_sedans.185,4.5,19.88,0
384380,oncoming_sedans.185,4.6,19.47,0
384381,oncoming_sedans.185,4.7,19.13,0
384382,oncoming_sedans.185,4.7,18.87,0
384383,oncoming_sedans.185,4.8,18.68,0
384384,oncoming_sedans.185,4.8,18.56,0
384385,oncoming_sedans.185,4.8,18.51,0
384386,oncoming_sedans.185,4.8,18.53,0
384387,oncoming_sedans.185,4.8,18.62,0
384388,oncoming_sedans.185,4.8,18.8,0
384389,oncoming_sedans.185,4.7,19.06,0
384390,oncoming_sedans.185,4.6,19.4,0
384391,oncoming_sedans.185,4.5,19.84,0
384392,oncoming_sedans.185,4.4,20.38,0
384393,oncoming_sedans.185,4.3,21.04,0
384394,oncoming_sedans.185,4.1,21.81,0
384395,oncoming_sedans.185,3.9,22.72,0
384396,oncoming_sedans.185,3.8,23.78,0
387261,oncoming_sedans.183,2.2,40.17,0
387262,oncoming_sedans.183,2.4,37.49,0
387263,oncoming_sedans.183,2.5,35.13,0
387264,oncoming_sedans.183,2.7,33.07,0
387265,oncoming_sedans.183,2.9,31.26,0
387266,oncoming_sedans.183,3.0,29.67,0
387267,oncoming_sedans.183,3.2,28.27,0
387268,oncoming_sedans.183,3.3,27.05,0
387269,oncoming_sedans.183,3.4,25.99,0
387270,oncoming_sedans.183,3.6,25.06,0
387271,oncoming_sedans.183,3.7,24.27,0
387272,oncoming_sedans.183,3.8,23.59,0
387273,oncoming_sedans.183,3.9,23.03,0
387274,oncoming_sedans.183,4.0,22.57,0
387275,oncoming_sedans.183,4.0,22.21,0
387276,oncoming_sedans.183,4.1,21.94,0
387277,oncoming_sedans.183,4.1,21.77,0
387278,oncoming_sedans.183,4.1,21.7,0
387279,oncoming_sedans.183,4.1,21.71,0
387280,oncoming_sedans.183,4.1,21.81,0
387281,oncoming_sedans.183,4.1,22.01,0
387282,oncoming_sedans.183,4.0,22.31,0
387283,oncoming_sedans.183,3.9,22.71,0
387284,oncoming_sedans.183,3.9,23.21,0
387285,oncoming_sedans.183,3.8,23.83,0
387286,oncoming_sedans.183,3.6,24.56,0
387287,oncoming_sedans.183,3.5,25.42,0
387288,oncoming_sedans.183,3.4,26.43,0
387289,oncoming_sedans.183,3.2,27.58,0
387290,oncoming_sedans.183,3.1,28.91,0
387291,oncoming_sedans.183,2.9,30.42,0
387440,oncoming_trucks.69,1.8,50.58,0
387441,oncoming_trucks.69,1.9,46.7,0
387442,oncoming_trucks.69,2.1,43.33,0
387443,oncoming_trucks.69,2.2,40.39,0
387444,oncoming_trucks.69,2.4,37.82,0
387445,oncoming_trucks.69,2.5,35.56,0
387446,oncoming_trucks.69,2.7,33.55,0
387447,oncoming_trucks.69,2.8,31.78,0
387448,oncoming_trucks.69,3.0,30.2,0
387449,oncoming_trucks.69,3.1,28.8,0
387450,oncoming_trucks.69,3.2,27.56,0
387451,oncoming_trucks.69,3.4,26.45,0
387452,oncoming_trucks.69,3.5,25.46,0
387453,oncoming_trucks.69,3.6,24.59,0
387454,oncoming_trucks.69,3.8,23.81,0
387455,oncoming_trucks.69,3.9,23.14,0
387456,oncoming_trucks.69,4.0,22.55,0
387457,oncoming_trucks.69,4.1,22.04,0
387458,oncoming_trucks.69,4.1,21.62,0
387459,oncoming_trucks.69,4.2,21.27,0
387460,oncoming_trucks.69,4.3,21.0,0
387461,oncoming_trucks.69,4.3,20.81,0
387462,oncoming_trucks.69,4.3,20.69,0
387463,oncoming_trucks.69,4.3,20.65,0
387464,oncoming_trucks.69,4.3,20.69,0
387465,oncoming_trucks.69,4.3,20.81,0
387466,oncoming_trucks.69,4.3,21.03,0
387467,oncoming_trucks.69,4.2,21.34,0
387468,oncoming_trucks.69,4.1,21.75,0
387469,oncoming_trucks.69,4.0,22.28,0
387470,oncoming_trucks.69,3.9,22.93,0
387471,oncoming_trucks.69,3.8,23.73,0
387472,oncoming_trucks.69,3.6,24.69,0
387473,oncoming_trucks.69,3.5,25.83,0
387474,oncoming_trucks.69,3.3,27.18,0
387475,oncoming_trucks.69,3.1,28.77,0
387476,oncoming_trucks.69,2.9,30.64,0
387477,oncoming_trucks.69,2.7,32.85,0
390339,oncoming_sedans.184,2.7,33.63,0
390340,oncoming_sedans.184,2.9,31.31,0
390341,oncoming_sedans.184,3.1,29.29,0
390342,oncoming_sedans.184,3.2,27.53,0
390343,oncoming_sedans.184,3.4,25.99,0
390344,oncoming_sedans.184,3.6,24.64,0
390345,oncoming_sedans.184,3.8,23.47,0
390346,oncoming_sedans.184,4.0,22.44,0
390347,oncoming_sedans.184,4.2,21.55,0
390348,oncoming_sedans.184,4.3,20.78,0
390349,oncoming_sedans.184,4.4,20.12,0
390350,oncoming_sedans.184,4.6,19.57,0
390351,oncoming_sedans.184,4.7,19.11,0
390352,oncoming_sedans.184,4.8,18.74,0
390353,oncoming_sedans.184,4.8,18.45,0
390354,oncoming_sedans.184,4.9,18.25,0
390355,oncoming_sedans.184,4.9,18.13,0
390356,oncoming_sedans.184,4.9,18.09,0
390357,oncoming_sedans.184,4.9,18.13,0
390358,oncoming_sedans.184,4.9,18.25,0
390359,oncoming_sedans.184,4.8,18.46,0
390360,oncoming_sedans.184,4.8,18.75,0
390361,oncoming_sedans.184,4.7,19.13,0
390362,oncoming_sedans.184,4.6,19.61,0
390363,oncoming_sedans.184,4.4,20.19,0
390364,oncoming_sedans.184,4.3,20.87,0
390516,oncoming_sedans.187,3.0,29.43,0
390517,oncoming_sedans.187,3.2,28.15,0
390518,oncoming_sedans.187,3.3,27.03,0
390519,oncoming_sedans.187,3.4,26.03,0
390520,oncoming_sedans.187,3.6,25.16,0
390521,oncoming_sedans.187,3.7,24.4,0
390522,oncoming_sedans.187,3.8,23.74,0
390523,oncoming_sedans.187,3.9,23.18,0
390524,oncoming_sedans.187,3.9,22.71,0
390525,oncoming_sedans.187,4.0,22.33,0
390526,oncoming_sedans.187,4.1,22.04,0
390527,oncoming_sedans.187,4.1,21.83,0
390528,oncoming_sedans.187,4.1,21.7,0
390529,oncoming_sedans.187,4.1,21.66,0
390530,oncoming_sedans.187,4.1,21.71,0
390531,oncoming_sedans.187,4.1,21.84,0
390532,oncoming_sedans.187,4.1,22.07,0
390533,oncoming_sedans.187,4.0,22.39,0
390534,oncoming_sedans.187,3.9,22.82,0
390535,oncoming_sedans.187,3.8,23.36,0
390536,oncoming_sedans.187,3.7,24.02,0
390537,oncoming_sedans.187,3.6,24.81,0
390538,oncoming_sedans.187,3.5,25.75,0
390539,oncoming_sedans.187,3.3,26.85,0
390540,oncoming_sedans.187,3.2,28.13,0
390541,oncoming_sedans.187,3.0,29.62,0
390542,oncoming_sedans.187,2.9,31.34,0
390543,oncoming_sedans.187,2.7,33.33,0
390544,oncoming_sedans.187,2.5,35.64,0
390545,oncoming_sedans.187,2.3,38.31,0
390546,oncoming_sedans.187,2.2,41.41,0
390547,oncoming_sedans.187,2.0,45.02,0
393395,oncoming_sedans.186,0.2,369.16,0
393396,oncoming_sedans.186,0.3,289.01,0
393397,oncoming_sedans.186,0.4,231.47,0
393398,oncoming_sedans.186,0.5,189.0,0
393399,oncoming_sedans.186,0.6,156.9,0
393400,oncoming_sedans.186,0.7,132.15,0
393401,oncoming_sedans.186,0.8,112.74,0
393402,oncoming_sedans.186,0.9,97.28,0
393403,oncoming_sedans.186,1.1,84.81,0
393404,oncoming_sedans.186,1.2,74.64,0
393405,oncoming_sedans.186,1.4,66.25,0
393406,oncoming_sedans.186,1.5,59.26,0
393407,oncoming_sedans.186,1.7,53.4,0
393408,oncoming_sedans.186,1.8,48.45,0
393409,oncoming_sedans.186,2.0,44.24,0
393410,oncoming_sedans.186,2.2,40.64,0
393411,oncoming_sedans.186,2.4,37.54,0
393412,oncoming_sedans.186,2.6,34.86,0
393413,oncoming_sedans.186,2.7,32.55,0
393414,oncoming_sedans.186,2.9,30.54,0
393415,oncoming_sedans.186,3.1,28.79,0
393416,oncoming_sedans.186,3.3,27.27,0
393417,oncoming_sedans.186,3.4,25.95,0
393418,oncoming_sedans.186,3.6,24.81,0
393419,oncoming_sedans.186,3.8,23.82,0
393420,oncoming_sedans.186,3.9,22.98,0
393421,oncoming_sedans.186,4.0,22.26,0
393422,oncoming_sedans.186,4.1,21.66,0
393423,oncoming_sedans.186,4.2,21.17,0
393424,oncoming_sedans.186,4.3,20.79,0
393425,oncoming_sedans.186,4.4,20.5,0
393426,oncoming_sedans.186,4.4,20.31,0
393427,oncoming_sedans.186,4.4,20.21,0
393428,oncoming_sedans.186,4.4,20.21,0
393429,oncoming_sedans.186,4.4,20.3,0
393430,oncoming_sedans.186,4.4,20.48,0
393431,oncoming_sedans.186,4.3,20.76,0
393432,oncoming_sedans.186,4.2,21.14,0
393433,oncoming_sedans.186,4.1,21.62,0
393434,oncoming_sedans.186,4.0,22.22,0
393470,oncoming_trucks.70,0.9,94.99,0
393471,oncoming_trucks.70,0.8,111.63,0
393472,oncoming_trucks.70,0.7,133.49,0
393473,oncoming_trucks.70,0.5,163.15,0
393474,oncoming_trucks.70,0.4,205.21,0
393475,oncoming_trucks.70,0.3,268.67,0
393476,oncoming_trucks.70,0.2,373.74,0
393594,oncoming_sedans.188,3.5,25.71,0
393595,oncoming_sedans.188,3.6,24.61,0
393596,oncoming_sedans.188,3.8,23.63,0
393597,oncoming_sedans.188,3.9,22.77,0
393598,oncoming_sedans.188,4.1,22.01,0
393599,oncoming_sedans.188,4.2,21.34,0
393600,oncoming_sedans.188,4.3,20.77,0
393601,oncoming_sedans.188,4.4,20.27,0
393602,oncoming_sedans.188,4.5,19.86,0
393603,oncoming_sedans.188,4.6,19.52,0
393604,oncoming_sedans.188,4.6,19.26,0
393605,oncoming_sedans.188,4.7,19.07,0
393606,oncoming_sedans.188,4.7,18.95,0
393607,oncoming_sedans.188,4.7,18.9,0
393608,oncoming_sedans.188,4.7,18.93,0
393609,oncoming_sedans.188,4.7,19.03,0
393610,oncoming_sedans.188,4.7,19.21,0
393611,oncoming_sedans.188,4.6,19.47,0
393612,oncoming_sedans.188,4.5,19.81,0
393613,oncoming_sedans.188,4.4,20.25,0
393614,oncoming_sedans.188,4.3,20.78,0
393615,oncoming_sedans.188,4.2,21.42,0
393616,oncoming_sedans.188,4.0,22.18,0
393617,oncoming_sedans.188,3.9,23.06,0
393618,oncoming_sedans.188,3.7,24.09,0
393619,oncoming_sedans.188,3.5,25.28,0
396482,oncoming_sedans.189,2.1,43.31,0
396483,oncoming_sedans.189,2.2,40.22,0
396484,oncoming_sedans.189,2.4,37.52,0
396485,oncoming_sedans.189,2.5,35.16,0
396486,oncoming_sedans.189,2.7,33.1,0
396487,oncoming_sedans.189,2.9,31.28,0
396488,oncoming_sedans.189,3.0,29.69,0
396489,oncoming_sedans.189,3.2,28.29,0
396490,oncoming_sedans.189,3.3,27.07,0
396491,oncoming_sedans.189,3.4,26.0,0
396492,oncoming_sedans.189,3.6,25.08,0
396493,oncoming_sedans.189,3.7,24.28,0
396494,oncoming_sedans.189,3.8,23.61,0
396495,oncoming_sedans.189,3.9,23.04,0
396496,oncoming_sedans.189,4.0,22.58,0
396497,oncoming_sedans.189,4.0,22.22,0
396498,oncoming_sedans.189,4.1,21.96,0
396499,oncoming_sedans.189,4.1,21.79,0
396500,oncoming_sedans.189,4.1,21.71,0
396501,oncoming_sedans.189,4.1,21.73,0
396502,oncoming_sedans.189,4.1,21.83,0
396503,oncoming_sedans.189,4.1,22.03,0
396504,oncoming_sedans.189,4.0,22.33,0
396505,oncoming_sedans.189,3.9,22.73,0
396506,oncoming_sedans.189,3.9,23.24,0
396507,oncoming_sedans.189,3.8,23.85,0
396508,oncoming_sedans.189,3.6,24.59,0
396509,oncoming_sedans.189,3.5,25.46,0
396510,oncoming_sedans.189,3.4,26.46,0
396511,oncoming_sedans.189,3.2,27.62,0
396512,oncoming_sedans.189,3.1,28.95,0
396513,oncoming_sedans.189,2.9,30.46,0
396644,oncoming_trucks.70,0.2,381.98,0
396645,oncoming_trucks.70,0.3,286.89,0
396646,oncoming_trucks.70,0.4,223.99,0
396647,oncoming_trucks.70,0.5,180.21,0
396648,oncoming_trucks.70,0.6,148.52,0
396649,oncoming_trucks.70,0.7,124.84,0
396650,oncoming_trucks.70,0.8,106.67,0
396651,oncoming_trucks.70,1.0,92.43,0
396652,oncoming_trucks.70,1.1,81.06,0
396653,oncoming_trucks.70,1.2,71.85,0
396654,oncoming_trucks.70,1.4,64.27,0
396655,oncoming_trucks.70,1.5,57.97,0
396656,oncoming_trucks.70,1.7,52.68,0
396657,oncoming_trucks.70,1.9,48.19,0
396658,oncoming_trucks.70,2.0,44.35,0
396659,oncoming_trucks.70,2.2,41.05,0
396660,oncoming_trucks.70,2.3,38.19,0
396661,oncoming_trucks.70,2.5,35.7,0
396662,oncoming_trucks.70,2.7,33.52,0
396663,oncoming_trucks.70,2.8,31.62,0
396664,oncoming_trucks.70,3.0,29.94,0
396665,oncoming_trucks.70,3.1,28.46,0
396666,oncoming_trucks.70,3.3,27.15,0
396667,oncoming_trucks.70,3.4,26.0,0
396668,oncoming_trucks.70,3.6,24.98,0
396669,oncoming_trucks.70,3.7,24.09,0
396670,oncoming_trucks.70,3.8,23.31,0
396671,oncoming_trucks.70,4.0,22.63,0
396672,oncoming_trucks.70,4.1,22.04,0
396673,oncoming_trucks.70,4.2,21.55,0
396674,oncoming_trucks.70,4.2,21.13,0
396675,oncoming_trucks.70,4.3,20.8,0
396676,oncoming_trucks.70,4.4,20.55,0
396677,oncoming_trucks.70,4.4,20.38,0
396678,oncoming_trucks.70,4.4,20.29,0
396679,oncoming_trucks.70,4.4,20.27,0
396680,oncoming_trucks.70,4.4,20.34,0
396681,oncoming_trucks.70,4.4,20.49,0
396682,oncoming_trucks.70,4.3,20.74,0
396683,oncoming_trucks.70,4.2,21.08,0
396684,oncoming_trucks.70,4.2,21.52,0
396685,oncoming_trucks.70,4.1,22.08,0
396686,oncoming_trucks.70,3.9,22.77,0
396687,oncoming_trucks.70,3.8,23.59,0
396688,oncoming_trucks.70,3.6,24.57,0
399561,oncoming_sedans.190,2.7,33.63,0
399562,oncoming_sedans.190,2.9,31.31,0
399563,oncoming_sedans.190,3.1,29.29,0
399564,oncoming_sedans.190,3.2,27.53,0
399565,oncoming_sedans.190,3.4,25.99,0
399566,oncoming_sedans.190,3.6,24.64,0
399567,oncoming_sedans.190,3.8,23.47,0
399568,oncoming_sedans.190,4.0,22.44,0
399569,oncoming_sedans.190,4.2,21.55,0
399570,oncoming_sedans.190,4.3,20.78,0
399571,oncoming_sedans.190,4.4,20.12,0
399572,oncoming_sedans.190,4.6,19.57,0
399573,oncoming_sedans.190,4.7,19.11,0
399574,oncoming_sedans.190,4.8,18.74,0
399575,oncoming_sedans.190,4.8,18.45,0
399576,oncoming_sedans.190,4.9,18.25,0
399577,oncoming_sedans.190,4.9,18.13,0
399578,oncoming_sedans.190,4.9,18.09,0
399579,oncoming_sedans.190,4.9,18.13,0
399580,oncoming_sedans.190,4.9,18.25,0
399581,oncoming_sedans.190,4.8,18.46,0
399582,oncoming_sedans.190,4.8,18.75,0
399583,oncoming_sedans.190,4.7,19.13,0
399584,oncoming_sedans.190,4.6,19.61,0
399585,oncoming_sedans.190,4.4,20.18,0
399586,oncoming_sedans.190,4.3,20.87,0
399730,oncoming_trucks.71,1.8,50.31,0
399731,oncoming_trucks.71,1.9,46.4,0
399732,oncoming_trucks.71,2.1,43.01,0
399733,oncoming_trucks.71,2.2,40.07,0
399734,oncoming_trucks.71,2.4,37.49,0
399735,oncoming_trucks.71,2.5,35.22,0
399736,oncoming_trucks.71,2.7,33.21,0
399737,oncoming_trucks.71,2.8,31.44,0
399738,oncoming_trucks.71,3.0,29.86,0
399739,oncoming_trucks.71,3.1,28.46,0
399740,oncoming_trucks.71,3.3,27.21,0
399741,oncoming_trucks.71,3.4,26.1,0
399742,oncoming_trucks.71,3.6,25.11,0
399743,oncoming_trucks.71,3.7,24.24,0
399744,oncoming_trucks.71,3.8,23.46,0
399745,oncoming_trucks.71,3.9,22.78,0
399746,oncoming_trucks.71,4.0,22.19,0
399747,oncoming_trucks.71,4.1,21.68,0
399748,oncoming_trucks.71,4.2,21.25,0
399749,oncoming_trucks.71,4.3,20.89,0
399750,oncoming_trucks.71,4.3,20.62,0
399751,oncoming_trucks.71,4.4,20.42,0
399752,oncoming_trucks.71,4.4,20.29,0
399753,oncoming_trucks.71,4.4,20.24,0
399754,oncoming_trucks.71,4.4,20.28,0
399755,oncoming_trucks.71,4.4,20.4,0
399756,oncoming_trucks.71,4.3,20.61,0
399757,oncoming_trucks.71,4.3,20.92,0
399758,oncoming_trucks.71,4.2,21.33,0
399759,oncoming_trucks.71,4.1,21.86,0
399760,oncoming_trucks.71,4.0,22.53,0
399761,oncoming_trucks.71,3.8,23.34,0
399762,oncoming_trucks.71,3.7,24.31,0
399763,oncoming_trucks.71,3.5,25.49,0
399764,oncoming_trucks.71,3.3,26.88,0
399765,oncoming_trucks.71,3.1,28.54,0
399766,oncoming_trucks.71,2.9,30.52,0
399767,oncoming_trucks.71,2.7,32.86,0
402617,oncoming_sedans.191,0.2,369.01,0
402618,oncoming_sedans.191,0.3,288.91,0
402619,oncoming_sedans.191,0.4,231.41,0
402620,oncoming_sedans.191,0.5,188.95,0
402621,oncoming_sedans.191,0.6,156.87,0
402622,oncoming_sedans.191,0.7,132.13,0
402623,oncoming_sedans.191,0.8,112.72,0
402624,oncoming_sedans.191,0.9,97.27,0
402625,oncoming_sedans.191,1.1,84.8,0
402626,oncoming_sedans.191,1.2,74.63,0
402627,oncoming_sedans.191,1.4,66.24,0
402628,oncoming_sedans.191,1.5,59.26,0
402629,oncoming_sedans.191,1.7,53.4,0
402630,oncoming_sedans.191,1.8,48.45,0
402631,oncoming_sedans.191,2.0,44.24,0
402632,oncoming_sedans.191,2.2,40.63,0
402633,oncoming_sedans.191,2.4,37.54,0
402634,oncoming_sedans.191,2.6,34.86,0
402635,oncoming_sedans.191,2.7,32.55,0
402636,oncoming_sedans.191,2.9,30.54,0
402637,oncoming_sedans.191,3.1,28.79,0
402638,oncoming_sedans.191,3.3,27.27,0
402639,oncoming_sedans.191,3.4,25.95,0
402640,oncoming_sedans.191,3.6,24.81,0
402641,oncoming_sedans.191,3.8,23.82,0
402642,oncoming_sedans.191,3.9,22.98,0
402643,oncoming_sedans.191,4.0,22.26,0
402644,oncoming_sedans.191,4.1,21.66,0
402645,oncoming_sedans.191,4.2,21.17,0
402646,oncoming_sedans.191,4.3,20.79,0
402647,oncoming_sedans.191,4.4,20.5,0
402648,oncoming_sedans.191,4.4,20.31,0
402649,oncoming_sedans.191,4.4,20.21,0
402650,oncoming_sedans.191,4.4,20.21,0
402651,oncoming_sedans.191,4.4,20.3,0
402652,oncoming_sedans.191,4.4,20.48,0
402653,oncoming_sedans.191,4.3,20.76,0
402654,oncoming_sedans.191,4.2,21.14,0
402655,oncoming_sedans.191,4.1,21.62,0
402656,oncoming_sedans.191,4.0,22.22,0
402811,oncoming_trucks.72,2.9,30.91,0
402812,oncoming_trucks.72,3.0,29.45,0
402813,oncoming_trucks.72,3.2,28.14,0
402814,oncoming_trucks.72,3.3,26.97,0
402815,oncoming_trucks.72,3.5,25.92,0
402816,oncoming_trucks.72,3.6,24.99,0
402817,oncoming_trucks.72,3.7,24.16,0
402818,oncoming_trucks.72,3.8,23.42,0
402819,oncoming_trucks.72,3.9,22.77,0
402820,oncoming_trucks.72,4.0,22.2,0
402821,oncoming_trucks.72,4.1,21.72,0
402822,oncoming_trucks.72,4.2,21.31,0
402823,oncoming_trucks.72,4.3,20.97,0
402824,oncoming_trucks.72,4.3,20.71,0
402825,oncoming_trucks.72,4.4,20.53,0
402826,oncoming_trucks.72,4.4,20.42,0
402827,oncoming_trucks.72,4.4,20.39,0
402828,oncoming_trucks.72,4.4,20.45,0
402829,oncoming_trucks.72,4.3,20.59,0
402830,oncoming_trucks.72,4.3,20.83,0
402831,oncoming_trucks.72,4.2,21.17,0
402832,oncoming_trucks.72,4.1,21.62,0
402833,oncoming_trucks.72,4.0,22.2,0
402834,oncoming_trucks.72,3.9,22.92,0
402835,oncoming_trucks.72,3.8,23.79,0
402836,oncoming_trucks.72,3.6,24.86,0
402837,oncoming_trucks.72,3.4,26.13,0
402838,oncoming_trucks.72,3.2,27.66,0
402839,oncoming_trucks.72,3.0,29.47,0
402840,oncoming_trucks.72,2.8,31.65,0
402841,oncoming_trucks.72,2.6,34.25,0
402842,oncoming_trucks.72,2.4,37.38,0
402843,oncoming_trucks.72,2.2,41.13,0
402844,oncoming_trucks.72,2.0,45.64,0
402845,oncoming_trucks.72,1.8,51.09,0
402846,oncoming_trucks.72,1.5,57.75,0
402847,oncoming_trucks.72,1.4,65.99,0
402848,oncoming_trucks.72,1.2,76.32,0
402849,oncoming_trucks.72,1.0,89.52,0
402850,oncoming_trucks.72,0.8,106.77,0
405685,oncoming_sedans.192,0.2,371.55,0
405686,oncoming_sedans.192,0.3,290.66,0
405687,oncoming_sedans.192,0.4,232.65,0
405688,oncoming_sedans.192,0.5,189.85,0
405689,oncoming_sedans.192,0.6,157.53,0
405690,oncoming_sedans.192,0.7,132.62,0
405691,oncoming_sedans.192,0.8,113.1,0
405692,oncoming_sedans.192,0.9,97.56,0
405693,oncoming_sedans.192,1.1,85.03,0
405694,oncoming_sedans.192,1.2,74.81,0
405695,oncoming_sedans.192,1.3,66.38,0
405696,oncoming_sedans.192,1.5,59.37,0
405697,oncoming_sedans.192,1.7,53.49,0
405698,oncoming_sedans.192,1.8,48.52,0
405699,oncoming_sedans.192,2.0,44.3,0
405700,oncoming_sedans.192,2.2,40.68,0
405701,oncoming_sedans.192,2.4,37.57,0
405702,oncoming_sedans.192,2.6,34.89,0
405703,oncoming_sedans.192,2.7,32.57,0
405704,oncoming_sedans.192,2.9,30.56,0
405705,oncoming_sedans.192,3.1,28.81,0
405706,oncoming_sedans.192,3.3,27.28,0
405707,oncoming_sedans.192,3.4,25.96,0
405708,oncoming_sedans.192,3.6,24.81,0
405709,oncoming_sedans.192,3.8,23.82,0
405710,oncoming_sedans.192,3.9,22.98,0
405711,oncoming_sedans.192,4.0,22.26,0
405712,oncoming_sedans.192,4.1,21.66,0
405713,oncoming_sedans.192,4.2,21.17,0
405714,oncoming_sedans.192,4.3,20.78,0
405715,oncoming_sedans.192,4.4,20.49,0
405716,oncoming_sedans.192,4.4,20.3,0
405717,oncoming_sedans.192,4.4,20.2,0
405718,oncoming_sedans.192,4.4,20.19,0
405719,oncoming_sedans.192,4.4,20.28,0
405720,oncoming_sedans.192,4.4,20.46,0
405721,oncoming_sedans.192,4.3,20.73,0
405722,oncoming_sedans.192,4.2,21.11,0
405723,oncoming_sedans.192,4.1,21.59,0
405724,oncoming_sedans.192,4.0,22.18,0
405760,oncoming_trucks.73,0.9,94.85,0
405761,oncoming_trucks.73,0.8,111.45,0
405762,oncoming_trucks.73,0.7,133.25,0
405763,oncoming_trucks.73,0.5,162.82,0
405764,oncoming_trucks.73,0.4,204.73,0
405765,oncoming_trucks.73,0.3,267.91,0
405766,oncoming_trucks.73,0.2,372.4,0
405885,oncoming_sedans.193,3.7,24.46,0
405886,oncoming_sedans.193,3.8,23.82,0
405887,oncoming_sedans.193,3.8,23.28,0
405888,oncoming_sedans.193,3.9,22.82,0
405889,oncoming_sedans.193,4.0,22.44,0
405890,oncoming_sedans.193,4.0,22.15,0
405891,oncoming_sedans.193,4.1,21.93,0
405892,oncoming_sedans.193,4.1,21.8,0
405893,oncoming_sedans.193,4.1,21.76,0
405894,oncoming_sedans.193,4.1,21.8,0
405895,oncoming_sedans.193,4.1,21.93,0
405896,oncoming_sedans.193,4.0,22.15,0
405897,oncoming_sedans.193,4.0,22.47,0
405898,oncoming_sedans.193,3.9,22.91,0
405899,oncoming_sedans.193,3.8,23.45,0
405900,oncoming_sedans.193,3.7,24.13,0
405901,oncoming_sedans.193,3.6,24.95,0
405902,oncoming_sedans.193,3.5,25.93,0
405903,oncoming_sedans.193,3.3,27.09,0
405904,oncoming_sedans.193,3.1,28.45,0
405905,oncoming_sedans.193,3.0,30.04,0
405906,oncoming_sedans.193,2.8,31.9,0
405907,oncoming_sedans.193,2.6,34.06,0
405908,oncoming_sedans.193,2.4,36.59,0
405909,oncoming_sedans.193,2.3,39.55,0
405910,oncoming_sedans.193,2.1,43.02,0
405911,oncoming_sedans.193,1.9,47.11,0
405912,oncoming_sedans.193,1.7,51.97,0
405913,oncoming_sedans.193,1.5,57.77,0
405914,oncoming_sedans.193,1.4,64.76,0
405915,oncoming_sedans.193,1.2,73.18,0
405916,oncoming_sedans.193,1.1,83.32,0
405917,oncoming_sedans.193,0.9,95.59,0
405918,oncoming_sedans.193,0.8,110.55,0
405919,oncoming_sedans.193,0.7,128.94,0
405920,oncoming_sedans.193,0.6,151.76,0
405921,oncoming_sedans.193,0.5,180.42,0
405922,oncoming_sedans.193,0.4,216.88,0
405923,oncoming_sedans.193,0.3,264.06,0
405924,oncoming_sedans.193,0.3,326.36,0
408758,oncoming_trucks.73,0.2,386.57,0
408759,oncoming_trucks.73,0.3,289.81,0
408760,oncoming_trucks.73,0.4,225.95,0
408761,oncoming_trucks.73,0.5,181.58,0
408762,oncoming_trucks.73,0.6,149.51,0
408763,oncoming_trucks.73,0.7,125.58,0
408764,oncoming_trucks.73,0.8,107.23,0
408765,oncoming_trucks.73,1.0,92.87,0
408766,oncoming_trucks.73,1.1,81.41,0
408767,oncoming_trucks.73,1.2,72.13,0
408768,oncoming_trucks.73,1.4,64.5,0
408769,oncoming_trucks.73,1.5,58.16,0
408770,oncoming_trucks.73,1.7,52.83,0
408771,oncoming_trucks.73,1.9,48.32,0
408772,oncoming_trucks.73,2.0,44.46,0
408773,oncoming_trucks.73,2.2,41.14,0
408774,oncoming_trucks.73,2.3,38.27,0
408775,oncoming_trucks.73,2.5,35.77,0
408776,oncoming_trucks.73,2.7,33.58,0
408777,oncoming_trucks.73,2.8,31.67,0
408778,oncoming_trucks.73,3.0,29.98,0
408779,oncoming_trucks.73,3.1,28.5,0
408780,oncoming_trucks.73,3.3,27.18,0
408781,oncoming_trucks.73,3.4,26.03,0
408782,oncoming_trucks.73,3.6,25.01,0
408783,oncoming_trucks.73,3.7,24.11,0
408784,oncoming_trucks.73,3.8,23.32,0
408785,oncoming_trucks.73,4.0,22.64,0
408786,oncoming_trucks.73,4.1,22.05,0
408787,oncoming_trucks.73,4.2,21.56,0
408788,oncoming_trucks.73,4.2,21.14,0
408789,oncoming_trucks.73,4.3,20.81,0
408790,oncoming_trucks.73,4.4,20.55,0
408791,oncoming_trucks.73,4.4,20.38,0
408792,oncoming_trucks.73,4.4,20.28,0
408793,oncoming_trucks.73,4.4,20.27,0
408794,oncoming_trucks.73,4.4,20.33,0
408795,oncoming_trucks.73,4.4,20.48,0
408796,oncoming_trucks.73,4.3,20.72,0
408797,oncoming_trucks.73,4.2,21.06,0
408798,oncoming_trucks.73,4.2,21.5,0
408799,oncoming_trucks.73,4.1,22.06,0
408800,oncoming_trucks.73,3.9,22.74,0
408801,oncoming_trucks.73,3.8,23.56,0
408802,oncoming_trucks.73,3.6,24.54,0
408923,oncoming_sedans.193,0.3,344.24,0
408924,oncoming_sedans.193,0.3,269.42,0
408925,oncoming_sedans.193,0.4,216.52,0
408926,oncoming_sedans.193,0.5,177.82,0
408927,oncoming_sedans.193,0.6,148.71,0
408961,oncoming_sedans.194,3.9,22.76,0
408962,oncoming_sedans.194,4.0,22.12,0
408963,oncoming_sedans.194,4.1,21.56,0
408964,oncoming_sedans.194,4.2,21.09,0
408965,oncoming_sedans.194,4.3,20.69,0
408966,oncoming_sedans.194,4.4,20.37,0
408967,oncoming_sedans.194,4.4,20.12,0
408968,oncoming_sedans.194,4.5,19.95,0
408969,oncoming_sedans.194,4.5,19.85,0
408970,oncoming_sedans.194,4.5,19.82,0
408971,oncoming_sedans.194,4.5,19.87,0
408972,oncoming_sedans.194,4.5,19.99,0
408973,oncoming_sedans.194,4.4,20.19,0
408974,oncoming_sedans.194,4.4,20.48,0
408975,oncoming_sedans.194,4.3,20.85,0
408976,oncoming_sedans.194,4.2,21.32,0
408977,oncoming_sedans.194,4.1,21.9,0
408978,oncoming_sedans.194,4.0,22.58,0
408979,oncoming_sedans.194,3.8,23.38,0
408980,oncoming_sedans.194,3.7,24.32,0
408981,oncoming_sedans.194,3.5,25.4,0
408982,oncoming_sedans.194,3.4,26.65,0
408983,oncoming_sedans.194,3.2,28.09,0
408984,oncoming_sedans.194,3.0,29.74,0
408985,oncoming_sedans.194,2.8,31.63,0
408986,oncoming_sedans.194,2.6,33.8,0
408987,oncoming_sedans.194,2.5,36.29,0
408988,oncoming_sedans.194,2.3,39.14,0
408989,oncoming_sedans.194,2.1,42.42,0
408990,oncoming_sedans.194,1.9,46.21,0
411842,oncoming_sedans.196,2.3,39.44,0
411843,oncoming_sedans.196,2.4,36.83,0
411844,oncoming_sedans.196,2.6,34.54,0
411845,oncoming_sedans.196,2.8,32.53,0
411846,oncoming_sedans.196,2.9,30.75,0
411847,oncoming_sedans.196,3.1,29.19,0
411848,oncoming_sedans.196,3.2,27.81,0
411849,oncoming_sedans.196,3.4,26.59,0
411850,oncoming_sedans.196,3.5,25.52,0
411851,oncoming_sedans.196,3.6,24.58,0
411852,oncoming_sedans.196,3.8,23.75,0
411853,oncoming_sedans.196,3.9,23.04,0
411854,oncoming_sedans.196,4.0,22.42,0
411855,oncoming_sedans.196,4.1,21.9,0
411856,oncoming_sedans.196,4.2,21.47,0
411857,oncoming_sedans.196,4.2,21.13,0
411858,oncoming_sedans.196,4.3,20.87,0
411859,oncoming_sedans.196,4.3,20.69,0
411860,oncoming_sedans.196,4.3,20.6,0
411861,oncoming_sedans.196,4.3,20.59,0
411862,oncoming_sedans.196,4.3,20.66,0
411863,oncoming_sedans.196,4.3,20.83,0
411864,oncoming_sedans.196,4.2,21.08,0
411865,oncoming_sedans.196,4.2,21.44,0
411866,oncoming_sedans.196,4.1,21.9,0
411867,oncoming_sedans.196,4.0,22.47,0
411868,oncoming_sedans.196,3.9,23.16,0
411869,oncoming_sedans.196,3.7,23.99,0
411870,oncoming_sedans.196,3.6,24.98,0
411871,oncoming_sedans.196,3.4,26.12,0
412034,oncoming_sedans.195,3.5,25.93,0
412035,oncoming_sedans.195,3.6,24.8,0
412036,oncoming_sedans.195,3.8,23.8,0
412037,oncoming_sedans.195,3.9,22.94,0
412038,oncoming_sedans.195,4.0,22.18,0
412039,oncoming_sedans.195,4.2,21.53,0
412040,oncoming_sedans.195,4.3,20.98,0
412041,oncoming_sedans.195,4.4,20.51,0
412042,oncoming_sedans.195,4.4,20.14,0
412043,oncoming_sedans.195,4.5,19.85,0
412044,oncoming_sedans.195,4.6,19.64,0
412045,oncoming_sedans.195,4.6,19.51,0
412046,oncoming_sedans.195,4.6,19.45,0
412047,oncoming_sedans.195,4.6,19.48,0
412048,oncoming_sedans.195,4.6,19.59,0
412049,oncoming_sedans.195,4.5,19.78,0
412050,oncoming_sedans.195,4.5,20.05,0
412051,oncoming_sedans.195,4.4,20.41,0
412052,oncoming_sedans.195,4.3,20.86,0
412053,oncoming_sedans.195,4.2,21.42,0
412054,oncoming_sedans.195,4.1,22.07,0
412055,oncoming_sedans.195,3.9,22.85,0
412056,oncoming_sedans.195,3.8,23.74,0
412057,oncoming_sedans.195,3.6,24.77,0
412058,oncoming_sedans.195,3.4,25.94,0
412059,oncoming_sedans.195,3.3,27.28,0
412060,oncoming_sedans.195,3.1,28.79,0
414909,oncoming_sedans.197,2.1,43.02,0
414910,oncoming_sedans.197,2.2,40.03,0
414911,oncoming_sedans.197,2.4,37.41,0
414912,oncoming_sedans.197,2.5,35.11,0
414913,oncoming_sedans.197,2.7,33.08,0
414914,oncoming_sedans.197,2.9,31.29,0
414915,oncoming_sedans.197,3.0,29.71,0
414916,oncoming_sedans.197,3.2,28.32,0
414917,oncoming_sedans.197,3.3,27.09,0
414918,oncoming_sedans.197,3.4,26.0,0
414919,oncoming_sedans.197,3.6,25.05,0
414920,oncoming_sedans.197,3.7,24.22,0
414921,oncoming_sedans.197,3.8,23.49,0
414922,oncoming_sedans.197,3.9,22.88,0
414923,oncoming_sedans.197,4.0,22.36,0
414924,oncoming_sedans.197,4.1,21.93,0
414925,oncoming_sedans.197,4.1,21.58,0
414926,oncoming_sedans.197,4.2,21.33,0
414927,oncoming_sedans.197,4.2,21.16,0
414928,oncoming_sedans.197,4.2,21.07,0
414929,oncoming_sedans.197,4.2,21.07,0
414930,oncoming_sedans.197,4.2,21.15,0
414931,oncoming_sedans.197,4.2,21.32,0
414932,oncoming_sedans.197,4.1,21.58,0
414933,oncoming_sedans.197,4.1,21.94,0
414934,oncoming_sedans.197,4.0,22.4,0
414935,oncoming_sedans.197,3.9,22.97,0
414936,oncoming_sedans.197,3.8,23.66,0
414937,oncoming_sedans.197,3.7,24.47,0
414938,oncoming_sedans.197,3.5,25.43,0
414939,oncoming_sedans.197,3.4,26.55,0
415107,oncoming_sedans.198,2.7,33.66,0
415108,oncoming_sedans.198,2.9,31.34,0
415109,oncoming_sedans.198,3.1,29.31,0
415110,oncoming_sedans.198,3.2,27.55,0
415111,oncoming_sedans.198,3.4,26.0,0
415112,oncoming_sedans.198,3.6,24.65,0
415113,oncoming_sedans.198,3.8,23.48,0
415114,oncoming_sedans.198,4.0,22.45,0
415115,oncoming_sedans.198,4.2,21.55,0
415116,oncoming_sedans.198,4.3,20.78,0
415117,oncoming_sedans.198,4.4,20.12,0
415118,oncoming_sedans.198,4.6,19.57,0
415119,oncoming_sedans.198,4.7,19.11,0
415120,oncoming_sedans.198,4.8,18.73,0
415121,oncoming_sedans.198,4.9,18.45,0
415122,oncoming_sedans.198,4.9,18.25,0
415123,oncoming_sedans.198,4.9,18.13,0
415124,oncoming_sedans.198,4.9,18.08,0
415125,oncoming_sedans.198,4.9,18.12,0
415126,oncoming_sedans.198,4.9,18.25,0
415127,oncoming_sedans.198,4.8,18.45,0
415128,oncoming_sedans.198,4.8,18.74,0
415129,oncoming_sedans.198,4.7,19.12,0
415130,oncoming_sedans.198,4.6,19.59,0
415131,oncoming_sedans.198,4.4,20.17,0
415132,oncoming_sedans.198,4.3,20.85,0
417979,oncoming_trucks.74,1.8,50.31,0
417980,oncoming_trucks.74,1.9,46.45,0
417981,oncoming_trucks.74,2.1,43.1,0
417982,oncoming_trucks.74,2.2,40.19,0
417983,oncoming_trucks.74,2.4,37.64,0
417984,oncoming_trucks.74,2.5,35.4,0
417985,oncoming_trucks.74,2.7,33.43,0
417986,oncoming_trucks.74,2.8,31.69,0
417987,oncoming_trucks.74,3.0,30.15,0
417988,oncoming_trucks.74,3.1,28.78,0
417989,oncoming_trucks.74,3.2,27.57,0
417990,oncoming_trucks.74,3.4,26.5,0
417991,oncoming_trucks.74,3.5,25.56,0
417992,oncoming_trucks.74,3.6,24.73,0
417993,oncoming_trucks.74,3.7,24.0,0
417994,oncoming_trucks.74,3.8,23.37,0
417995,oncoming_trucks.74,3.9,22.84,0
417996,oncoming_trucks.74,4.0,22.39,0
417997,oncoming_trucks.74,4.1,22.02,0
417998,oncoming_trucks.74,4.1,21.74,0
417999,oncoming_trucks.74,4.2,21.54,0
418000,oncoming_trucks.74,4.2,21.41,0
418001,oncoming_trucks.74,4.2,21.37,0
418002,oncoming_trucks.74,4.2,21.41,0
418003,oncoming_trucks.74,4.2,21.53,0
418004,oncoming_trucks.74,4.1,21.74,0
418005,oncoming_trucks.74,4.1,22.05,0
418006,oncoming_trucks.74,4.0,22.47,0
418007,oncoming_trucks.74,3.9,22.99,0
418008,oncoming_trucks.74,3.8,23.64,0
418009,oncoming_trucks.74,3.7,24.42,0
418010,oncoming_trucks.74,3.5,25.35,0
418011,oncoming_trucks.74,3.4,26.45,0
418012,oncoming_trucks.74,3.2,27.75,0
418013,oncoming_trucks.74,3.1,29.26,0
418014,oncoming_trucks.74,2.9,31.03,0
418015,oncoming_trucks.74,2.7,33.09,0
418016,oncoming_trucks.74,2.5,35.5,0
418017,oncoming_trucks.74,2.3,38.31,0
418018,oncoming_trucks.74,2.2,41.61,0
418163,oncoming_sedans.200,0.2,369.0,0
418164,oncoming_sedans.200,0.3,288.9,0
418165,oncoming_sedans.200,0.4,231.4,0
418166,oncoming_sedans.200,0.5,188.95,0
418167,oncoming_sedans.200,0.6,156.86,0
418168,oncoming_sedans.200,0.7,132.12,0
418169,oncoming_sedans.200,0.8,112.72,0
418170,oncoming_sedans.200,0.9,97.27,0
418171,oncoming_sedans.200,1.1,84.8,0
418172,oncoming_sedans.200,1.2,74.63,0
418173,oncoming_sedans.200,1.4,66.24,0
418174,oncoming_sedans.200,1.5,59.26,0
418175,oncoming_sedans.200,1.7,53.4,0
418176,oncoming_sedans.200,1.8,48.45,0
418177,oncoming_sedans.200,2.0,44.24,0
418178,oncoming_sedans.200,2.2,40.63,0
418179,oncoming_sedans.200,2.4,37.54,0
418180,oncoming_sedans.200,2.6,34.86,0
418181,oncoming_sedans.200,2.7,32.55,0
418182,oncoming_sedans.200,2.9,30.54,0
418183,oncoming_sedans.200,3.1,28.79,0
418184,oncoming_sedans.200,3.3,27.27,0
418185,oncoming_sedans.200,3.4,25.95,0
418186,oncoming_sedans.200,3.6,24.81,0
418187,oncoming_sedans.200,3.8,23.82,0
418188,oncoming_sedans.200,3.9,22.98,0
418189,oncoming_sedans.200,4.0,22.26,0
418190,oncoming_sedans.200,4.1,21.66,0
418191,oncoming_sedans.200,4.2,21.17,0
418192,oncoming_sedans.200,4.3,20.79,0
418193,oncoming_sedans.200,4.4,20.5,0
418194,oncoming_sedans.200,4.4,20.31,0
418195,oncoming_sedans.200,4.4,20.21,0
418196,oncoming_sedans.200,4.4,20.21,0
418197,oncoming_sedans.200,4.4,20.3,0
418198,oncoming_sedans.200,4.4,20.48,0
418199,oncoming_sedans.200,4.3,20.76,0
418200,oncoming_sedans.200,4.2,21.14,0
418201,oncoming_sedans.200,4.1,21.62,0
418202,oncoming_sedans.200,4.0,22.22,0
418238,oncoming_trucks.75,0.9,94.94,0
418239,oncoming_trucks.75,0.8,111.57,0
418240,oncoming_trucks.75,0.7,133.39,0
418241,oncoming_trucks.75,0.5,163.01,0
418242,oncoming_trucks.75,0.4,204.98,0
418243,oncoming_trucks.75,0.3,268.28,0
418244,oncoming_trucks.75,0.2,373.01,0
421066,oncoming_sedans.199,3.5,25.22,0
421067,oncoming_sedans.199,3.7,24.14,0
421068,oncoming_sedans.199,3.9,23.18,0
421069,oncoming_sedans.199,4.0,22.34,0
421070,oncoming_sedans.199,4.1,21.59,0
421071,oncoming_sedans.199,4.3,20.93,0
421072,oncoming_sedans.199,4.4,20.37,0
421073,oncoming_sedans.199,4.5,19.88,0
421074,oncoming_sedans.199,4.6,19.47,0
421075,oncoming_sedans.199,4.7,19.13,0
421076,oncoming_sedans.199,4.7,18.87,0
421077,oncoming_sedans.199,4.8,18.68,0
421078,oncoming_sedans.199,4.8,18.56,0
421079,oncoming_sedans.199,4.8,18.51,0
421080,oncoming_sedans.199,4.8,18.53,0
421081,oncoming_sedans.199,4.8,18.63,0
421082,oncoming_sedans.199,4.8,18.8,0
421083,oncoming_sedans.199,4.7,19.06,0
421084,oncoming_sedans.199,4.6,19.4,0
421085,oncoming_sedans.199,4.5,19.84,0
421086,oncoming_sedans.199,4.4,20.38,0
421087,oncoming_sedans.199,4.3,21.04,0
421088,oncoming_sedans.199,4.1,21.81,0
421089,oncoming_sedans.199,3.9,22.72,0
421090,oncoming_sedans.199,3.8,23.79,0
421236,oncoming_trucks.75,0.2,386.28,0
421237,oncoming_trucks.75,0.3,289.64,0
421238,oncoming_trucks.75,0.4,225.83,0
421239,oncoming_trucks.75,0.5,181.51,0
421240,oncoming_trucks.75,0.6,149.46,0
421241,oncoming_trucks.75,0.7,125.54,0
421242,oncoming_trucks.75,0.8,107.21,0
421243,oncoming_trucks.75,1.0,92.85,0
421244,oncoming_trucks.75,1.1,81.4,0
421245,oncoming_trucks.75,1.2,72.12,0
421246,oncoming_trucks.75,1.4,64.49,0
421247,oncoming_trucks.75,1.5,58.15,0
421248,oncoming_trucks.75,1.7,52.83,0
421249,oncoming_trucks.75,1.9,48.31,0
421250,oncoming_trucks.75,2.0,44.46,0
421251,oncoming_trucks.75,2.2,41.14,0
421252,oncoming_trucks.75,2.3,38.27,0
421253,oncoming_trucks.75,2.5,35.77,0
421254,oncoming_trucks.75,2.7,33.58,0
421255,oncoming_trucks.75,2.8,31.67,0
421256,oncoming_trucks.75,3.0,29.98,0
421257,oncoming_trucks.75,3.1,28.5,0
421258,oncoming_trucks.75,3.3,27.18,0
421259,oncoming_trucks.75,3.4,26.03,0
421260,oncoming_trucks.75,3.6,25.01,0
421261,oncoming_trucks.75,3.7,24.11,0
421262,oncoming_trucks.75,3.8,23.32,0
421263,oncoming_trucks.75,4.0,22.64,0
421264,oncoming_trucks.75,4.1,22.05,0
421265,oncoming_trucks.75,4.2,21.56,0
421266,oncoming_trucks.75,4.2,21.14,0
421267,oncoming_trucks.75,4.3,20.81,0
421268,oncoming_trucks.75,4.4,20.56,0
421269,oncoming_trucks.75,4.4,20.38,0
421270,oncoming_trucks.75,4.4,20.28,0
421271,oncoming_trucks.75,4.4,20.27,0
421272,oncoming_trucks.75,4.4,20.33,0
421273,oncoming_trucks.75,4.4,20.48,0
421274,oncoming_trucks.75,4.3,20.73,0
421275,oncoming_trucks.75,4.2,21.06,0
421276,oncoming_trucks.75,4.2,21.5,0
421277,oncoming_trucks.75,4.1,22.06,0
421278,oncoming_trucks.75,3.9,22.74,0
421279,oncoming_trucks.75,3.8,23.56,0
421280,oncoming_trucks.75,3.6,24.54,0
424131,oncoming_sedans.201,2.1,43.07,0
424132,oncoming_sedans.201,2.2,40.07,0
424133,oncoming_sedans.201,2.4,37.45,0
424134,oncoming_sedans.201,2.5,35.14,0
424135,oncoming_sedans.201,2.7,33.11,0
424136,oncoming_sedans.201,2.9,31.32,0
424137,oncoming_sedans.201,3.0,29.74,0
424138,oncoming_sedans.201,3.2,28.34,0
424139,oncoming_sedans.201,3.3,27.11,0
424140,oncoming_sedans.201,3.4,26.02,0
424141,oncoming_sedans.201,3.6,25.07,0
424142,oncoming_sedans.201,3.7,24.24,0
424143,oncoming_sedans.201,3.8,23.51,0
424144,oncoming_sedans.201,3.9,22.9,0
424145,oncoming_sedans.201,4.0,22.38,0
424146,oncoming_sedans.201,4.1,21.95,0
424147,oncoming_sedans.201,4.1,21.6,0
424148,oncoming_sedans.201,4.2,21.35,0
424149,oncoming_sedans.201,4.2,21.18,0
424150,oncoming_sedans.201,4.2,21.09,0
424151,oncoming_sedans.201,4.2,21.09,0
424152,oncoming_sedans.201,4.2,21.17,0
424153,oncoming_sedans.201,4.2,21.34,0
424154,oncoming_sedans.201,4.1,21.61,0
424155,oncoming_sedans.201,4.1,21.97,0
424156,oncoming_sedans.201,4.0,22.43,0
424157,oncoming_sedans.201,3.9,23.0,0
424158,oncoming_sedans.201,3.8,23.69,0
424159,oncoming_sedans.201,3.7,24.51,0
424160,oncoming_sedans.201,3.5,25.47,0
424161,oncoming_sedans.201,3.4,26.59,0
424325,school_buses.15,1.8,49.66,0
424326,school_buses.15,1.9,45.92,0
424327,school_buses.15,2.1,42.67,0
424328,school_buses.15,2.2,39.83,0
424329,school_buses.15,2.4,37.34,0
424330,school_buses.15,2.5,35.14,0
424331,school_buses.15,2.7,33.2,0
424332,school_buses.15,2.8,31.47,0
424333,school_buses.15,3.0,29.93,0
424334,school_buses.15,3.1,28.56,0
424335,school_buses.15,3.3,27.34,0
424336,school_buses.15,3.4,26.25,0
424337,school_buses.15,3.5,25.27,0
424338,school_buses.15,3.7,24.41,0
424339,school_buses.15,3.8,23.64,0
424340,school_buses.15,3.9,22.97,0
424341,school_buses.15,4.0,22.38,0
424342,school_buses.15,4.1,21.87,0
424343,school_buses.15,4.2,21.44,0
424344,school_buses.15,4.2,21.09,0
424345,school_buses.15,4.3,20.81,0
424346,school_buses.15,4.3,20.6,0
424347,school_buses.15,4.4,20.47,0
424348,school_buses.15,4.4,20.42,0
424349,school_buses.15,4.4,20.44,0
424350,school_buses.15,4.4,20.55,0
424351,school_buses.15,4.3,20.75,0
424352,school_buses.15,4.3,21.04,0
424353,school_buses.15,4.2,21.44,0
424354,school_buses.15,4.1,21.96,0
424355,school_buses.15,4.0,22.6,0
424356,school_buses.15,3.8,23.39,0
424357,school_buses.15,3.7,24.35,0
424358,school_buses.15,3.5,25.5,0
424359,school_buses.15,3.3,26.88,0
424360,school_buses.15,3.1,28.52,0
424361,school_buses.15,2.9,30.47,0
424362,school_buses.15,2.7,32.8,0
424363,school_buses.15,2.5,35.6,0
424364,school_buses.15,2.3,38.95,0
424365,school_buses.15,2.1,42.97,0
424366,school_buses.15,1.9,47.81,0
424367,school_buses.15,1.7,53.71,0
424368,school_buses.15,1.5,60.97,0
424369,school_buses.15,1.3,70.02,0
424370,school_buses.15,1.1,81.49,0
424371,school_buses.15,0.9,96.35,0
424372,school_buses.15,0.8,116.14,0
424373,school_buses.15,0.6,143.45,0
424374,school_buses.15,0.5,183.08,0
424375,school_buses.15,0.4,244.87,0
424376,school_buses.15,0.3,352.78,0
427199,oncoming_sedans.202,2.2,40.17,0
427200,oncoming_sedans.202,2.4,37.48,0
427201,oncoming_sedans.202,2.5,35.13,0
427202,oncoming_sedans.202,2.7,33.07,0
427203,oncoming_sedans.202,2.9,31.26,0
427204,oncoming_sedans.202,3.0,29.67,0
427205,oncoming_sedans.202,3.2,28.27,0
427206,oncoming_sedans.202,3.3,27.05,0
427207,oncoming_sedans.202,3.4,25.98,0
427208,oncoming_sedans.202,3.6,25.06,0
427209,oncoming_sedans.202,3.7,24.27,0
427210,oncoming_sedans.202,3.8,23.59,0
427211,oncoming_sedans.202,3.9,23.03,0
427212,oncoming_sedans.202,4.0,22.57,0
427213,oncoming_sedans.202,4.0,22.21,0
427214,oncoming_sedans.202,4.1,21.94,0
427215,oncoming_sedans.202,4.1,21.77,0
427216,oncoming_sedans.202,4.1,21.7,0
427217,oncoming_sedans.202,4.1,21.71,0
427218,oncoming_sedans.202,4.1,21.81,0
427219,oncoming_sedans.202,4.1,22.01,0
427220,oncoming_sedans.202,4.0,22.31,0
427221,oncoming_sedans.202,3.9,22.71,0
427222,oncoming_sedans.202,3.9,23.21,0
427223,oncoming_sedans.202,3.8,23.83,0
427224,oncoming_sedans.202,3.6,24.56,0
427225,oncoming_sedans.202,3.5,25.42,0
427226,oncoming_sedans.202,3.4,26.43,0
427227,oncoming_sedans.202,3.2,27.58,0
427228,oncoming_sedans.202,3.1,28.91,0
427229,oncoming_sedans.202,2.9,30.42,0
427370,school_buses.15,0.2,366.74,0
427371,school_buses.15,0.3,274.86,0
427372,school_buses.15,0.4,214.66,0
427373,school_buses.15,0.5,173.04,0
427374,school_buses.15,0.6,143.03,0
427375,school_buses.15,0.7,120.66,0
427376,school_buses.15,0.9,103.51,0
427377,school_buses.15,1.0,90.07,0
427378,school_buses.15,1.1,79.32,0
427379,school_buses.15,1.3,70.6,0
427380,school_buses.15,1.4,63.41,0
427381,school_buses.15,1.6,57.41,0
427382,school_buses.15,1.7,52.36,0
427383,school_buses.15,1.9,48.06,0
427384,school_buses.15,2.0,44.37,0
427385,school_buses.15,2.2,41.18,0
427386,school_buses.15,2.3,38.41,0
427387,school_buses.15,2.5,35.98,0
427388,school_buses.15,2.6,33.85,0
427389,school_buses.15,2.8,31.98,0
427390,school_buses.15,3.0,30.31,0
427391,school_buses.15,3.1,28.84,0
427392,school_buses.15,3.3,27.53,0
427393,school_buses.15,3.4,26.36,0
427394,school_buses.15,3.5,25.33,0
427395,school_buses.15,3.7,24.41,0
427396,school_buses.15,3.8,23.6,0
427397,school_buses.15,3.9,22.88,0
427398,school_buses.15,4.0,22.26,0
427399,school_buses.15,4.1,21.72,0
427400,school_buses.15,4.2,21.26,0
427401,school_buses.15,4.3,20.88,0
427402,school_buses.15,4.3,20.58,0
427403,school_buses.15,4.4,20.35,0
427404,school_buses.15,4.4,20.19,0
427405,school_buses.15,4.4,20.12,0
427406,school_buses.15,4.4,20.12,0
427407,school_buses.15,4.4,20.2,0
427408,school_buses.15,4.4,20.38,0
427409,school_buses.15,4.3,20.65,0
427410,school_buses.15,4.3,21.02,0
427411,school_buses.15,4.2,21.5,0
427412,school_buses.15,4.0,22.11,0
430280,oncoming_trucks.76,2.3,39.49,0
430281,oncoming_trucks.76,2.4,36.7,0
430282,oncoming_trucks.76,2.6,34.27,0
430283,oncoming_trucks.76,2.8,32.14,0
430284,oncoming_trucks.76,3.0,30.26,0
430285,oncoming_trucks.76,3.1,28.6,0
430286,oncoming_trucks.76,3.3,27.14,0
430287,oncoming_trucks.76,3.5,25.83,0
430288,oncoming_trucks.76,3.6,24.68,0
430289,oncoming_trucks.76,3.8,23.65,0
430290,oncoming_trucks.76,3.9,22.74,0
430291,oncoming_trucks.76,4.1,21.93,0
430292,oncoming_trucks.76,4.2,21.22,0
430293,oncoming_trucks.76,4.3,20.6,0
430294,oncoming_trucks.76,4.5,20.05,0
430295,oncoming_trucks.76,4.6,19.59,0
430296,oncoming_trucks.76,4.7,19.19,0
430297,oncoming_trucks.76,4.7,18.87,0
430298,oncoming_trucks.76,4.8,18.61,0
430299,oncoming_trucks.76,4.9,18.42,0
430300,oncoming_trucks.76,4.9,18.3,0
430301,oncoming_trucks.76,4.9,18.24,0
430302,oncoming_trucks.76,4.9,18.26,0
430303,oncoming_trucks.76,4.9,18.34,0
430304,oncoming_trucks.76,4.8,18.5,0
430305,oncoming_trucks.76,4.8,18.75,0
430306,oncoming_trucks.76,4.7,19.08,0
430307,oncoming_trucks.76,4.6,19.5,0
430308,oncoming_trucks.76,4.5,20.03,0
430309,oncoming_trucks.76,4.3,20.66,0
430310,oncoming_trucks.76,4.2,21.43,0
430311,oncoming_trucks.76,4.0,22.34,0
430312,oncoming_trucks.76,3.8,23.41,0
430448,oncoming_sedans.203,1.5,59.23,0
430449,oncoming_sedans.203,1.7,53.99,0
430450,oncoming_sedans.203,1.8,49.51,0
430451,oncoming_sedans.203,2.0,45.65,0
430452,oncoming_sedans.203,2.1,42.31,0
430453,oncoming_sedans.203,2.3,39.4,0
430454,oncoming_sedans.203,2.4,36.86,0
430455,oncoming_sedans.203,2.6,34.63,0
430456,oncoming_sedans.203,2.7,32.67,0
430457,oncoming_sedans.203,2.9,30.95,0
430458,oncoming_sedans.203,3.0,29.43,0
430459,oncoming_sedans.203,3.2,28.08,0
430460,oncoming_sedans.203,3.3,26.9,0
430461,oncoming_sedans.203,3.5,25.86,0
430462,oncoming_sedans.203,3.6,24.95,0
430463,oncoming_sedans.203,3.7,24.16,0
430464,oncoming_sedans.203,3.8,23.47,0
430465,oncoming_sedans.203,3.9,22.89,0
430466,oncoming_sedans.203,4.0,22.4,0
430467,oncoming_sedans.203,4.1,22.0,0
430468,oncoming_sedans.203,4.1,21.69,0
430469,oncoming_sedans.203,4.2,21.47,0
430470,oncoming_sedans.203,4.2,21.33,0
430471,oncoming_sedans.203,4.2,21.28,0
430472,oncoming_sedans.203,4.2,21.31,0
430473,oncoming_sedans.203,4.2,21.44,0
430474,oncoming_sedans.203,4.1,21.65,0
430475,oncoming_sedans.203,4.1,21.97,0
430476,oncoming_sedans.203,4.0,22.38,0
430477,oncoming_sedans.203,3.9,22.91,0
430478,oncoming_sedans.203,3.8,23.56,0
430479,oncoming_sedans.203,3.7,24.34,0
430480,oncoming_sedans.203,3.5,25.26,0
433356,oncoming_trucks.77,1.8,50.76,0
433357,oncoming_trucks.77,1.9,46.77,0
433358,oncoming_trucks.77,2.1,43.33,0
433359,oncoming_trucks.77,2.2,40.34,0
433360,oncoming_trucks.77,2.4,37.72,0
433361,oncoming_trucks.77,2.5,35.42,0
433362,oncoming_trucks.77,2.7,33.39,0
433363,oncoming_trucks.77,2.8,31.59,0
433364,oncoming_trucks.77,3.0,30.0,0
433365,oncoming_trucks.77,3.1,28.58,0
433366,oncoming_trucks.77,3.3,27.32,0
433367,oncoming_trucks.77,3.4,26.2,0
433368,oncoming_trucks.77,3.6,25.2,0
433369,oncoming_trucks.77,3.7,24.31,0
433370,oncoming_trucks.77,3.8,23.53,0
433371,oncoming_trucks.77,3.9,22.84,0
433372,oncoming_trucks.77,4.0,22.24,0
433373,oncoming_trucks.77,4.1,21.73,0
433374,oncoming_trucks.77,4.2,21.29,0
433375,oncoming_trucks.77,4.3,20.94,0
433376,oncoming_trucks.77,4.3,20.66,0
433377,oncoming_trucks.77,4.4,20.45,0
433378,oncoming_trucks.77,4.4,20.32,0
433379,oncoming_trucks.77,4.4,20.27,0
433380,oncoming_trucks.77,4.4,20.31,0
433381,oncoming_trucks.77,4.4,20.42,0
433382,oncoming_trucks.77,4.3,20.63,0
433383,oncoming_trucks.77,4.3,20.94,0
433384,oncoming_trucks.77,4.2,21.35,0
433385,oncoming_trucks.77,4.1,21.88,0
433386,oncoming_trucks.77,4.0,22.54,0
433387,oncoming_trucks.77,3.8,23.35,0
433388,oncoming_trucks.77,3.7,24.32,0
433389,oncoming_trucks.77,3.5,25.49,0
433390,oncoming_trucks.77,3.3,26.89,0
433391,oncoming_trucks.77,3.1,28.54,0
433392,oncoming_trucks.77,2.9,30.51,0
433393,oncoming_trucks.77,2.7,32.86,0
433527,oncoming_sedans.204,2.1,42.37,0
433528,oncoming_sedans.204,2.3,38.98,0
433529,oncoming_sedans.204,2.5,36.05,0
433530,oncoming_sedans.204,2.7,33.5,0
433531,oncoming_sedans.204,2.9,31.28,0
433532,oncoming_sedans.204,3.0,29.34,0
433533,oncoming_sedans.204,3.2,27.63,0
433534,oncoming_sedans.204,3.4,26.14,0
433535,oncoming_sedans.204,3.6,24.83,0
433536,oncoming_sedans.204,3.8,23.68,0
433537,oncoming_sedans.204,3.9,22.68,0
433538,oncoming_sedans.204,4.1,21.81,0
433539,oncoming_sedans.204,4.2,21.06,0
433540,oncoming_sedans.204,4.4,20.42,0
433541,oncoming_sedans.204,4.5,19.88,0
433542,oncoming_sedans.204,4.6,19.44,0
433543,oncoming_sedans.204,4.7,19.09,0
433544,oncoming_sedans.204,4.8,18.84,0
433545,oncoming_sedans.204,4.8,18.66,0
433546,oncoming_sedans.204,4.8,18.58,0
433547,oncoming_sedans.204,4.8,18.57,0
433548,oncoming_sedans.204,4.8,18.66,0
433549,oncoming_sedans.204,4.8,18.83,0
433550,oncoming_sedans.204,4.7,19.09,0
433551,oncoming_sedans.204,4.6,19.45,0
433552,oncoming_sedans.204,4.5,19.9,0
433553,oncoming_sedans.204,4.4,20.46,0
433554,oncoming_sedans.204,4.2,21.12,0
433595,oncoming_sedans.205,0.3,314.01,0
433596,oncoming_sedans.205,0.2,371.76,0
436433,oncoming_sedans.206,3.1,29.32,0
436434,oncoming_sedans.206,3.2,28.02,0
436435,oncoming_sedans.206,3.3,26.87,0
436436,oncoming_sedans.206,3.5,25.84,0
436437,oncoming_sedans.206,3.6,24.93,0
436438,oncoming_sedans.206,3.7,24.13,0
436439,oncoming_sedans.206,3.8,23.43,0
436440,oncoming_sedans.206,3.9,22.82,0
436441,oncoming_sedans.206,4.0,22.3,0
436442,oncoming_sedans.206,4.1,21.87,0
436443,oncoming_sedans.206,4.2,21.51,0
436444,oncoming_sedans.206,4.2,21.24,0
436445,oncoming_sedans.206,4.3,21.04,0
436446,oncoming_sedans.206,4.3,20.93,0
436447,oncoming_sedans.206,4.3,20.9,0
436448,oncoming_sedans.206,4.3,20.95,0
436449,oncoming_sedans.206,4.2,21.09,0
436450,oncoming_sedans.206,4.2,21.32,0
436451,oncoming_sedans.206,4.1,21.65,0
436452,oncoming_sedans.206,4.1,22.09,0
436453,oncoming_sedans.206,4.0,22.64,0
436454,oncoming_sedans.206,3.8,23.33,0
436455,oncoming_sedans.206,3.7,24.15,0
436456,oncoming_sedans.206,3.6,25.13,0
436457,oncoming_sedans.206,3.4,26.28,0
436458,oncoming_sedans.206,3.2,27.64,0
436459,oncoming_sedans.206,3.1,29.23,0
436460,oncoming_sedans.206,2.9,31.08,0
436461,oncoming_sedans.206,2.7,33.23,0
436462,oncoming_sedans.206,2.5,35.75,0
436594,oncoming_sedans.205,0.2,380.81,0
436595,oncoming_sedans.205,0.3,283.92,0
436596,oncoming_sedans.205,0.4,218.77,0
436597,oncoming_sedans.205,0.5,173.18,0
436598,oncoming_sedans.205,0.6,140.25,0
436599,oncoming_sedans.205,0.8,115.8,0
436600,oncoming_sedans.205,0.9,97.24,0
436601,oncoming_sedans.205,1.1,82.86,0
436602,oncoming_sedans.205,1.3,71.52,0
436603,oncoming_sedans.205,1.4,62.46,0
436604,oncoming_sedans.205,1.6,55.11,0
436605,oncoming_sedans.205,1.8,49.09,0
436606,oncoming_sedans.205,2.0,44.11,0
436607,oncoming_sedans.205,2.2,39.94,0
436608,oncoming_sedans.205,2.5,36.44,0
436609,oncoming_sedans.205,2.7,33.47,0
436610,oncoming_sedans.205,2.9,30.95,0
436611,oncoming_sedans.205,3.1,28.78,0
436612,oncoming_sedans.205,3.3,26.93,0
436613,oncoming_sedans.205,3.5,25.34,0
436614,oncoming_sedans.205,3.7,23.97,0
436615,oncoming_sedans.205,3.9,22.8,0
436616,oncoming_sedans.205,4.1,21.8,0
436617,oncoming_sedans.205,4.3,20.95,0
436618,oncoming_sedans.205,4.4,20.24,0
436619,oncoming_sedans.205,4.6,19.65,0
436620,oncoming_sedans.205,4.7,19.18,0
436621,oncoming_sedans.205,4.8,18.82,0
436622,oncoming_sedans.205,4.8,18.57,0
436623,oncoming_sedans.205,4.9,18.42,0
436624,oncoming_sedans.205,4.9,18.36,0
436625,oncoming_sedans.205,4.9,18.4,0
436626,oncoming_sedans.205,4.8,18.55,0
436627,oncoming_sedans.205,4.8,18.8,0
436628,oncoming_sedans.205,4.7,19.16,0
436629,oncoming_sedans.205,4.6,19.63,0
436637,oncoming_trucks.78,2.8,31.4,0
436638,oncoming_trucks.78,3.0,29.96,0
436639,oncoming_trucks.78,3.1,28.68,0
436640,oncoming_trucks.78,3.2,27.53,0
436641,oncoming_trucks.78,3.4,26.51,0
436642,oncoming_trucks.78,3.5,25.61,0
436643,oncoming_trucks.78,3.6,24.81,0
436644,oncoming_trucks.78,3.7,24.11,0
436645,oncoming_trucks.78,3.8,23.5,0
436646,oncoming_trucks.78,3.9,22.98,0
436647,oncoming_trucks.78,4.0,22.54,0
436648,oncoming_trucks.78,4.0,22.17,0
436649,oncoming_trucks.78,4.1,21.89,0
436650,oncoming_trucks.78,4.1,21.68,0
436651,oncoming_trucks.78,4.2,21.55,0
436652,oncoming_trucks.78,4.2,21.5,0
436653,oncoming_trucks.78,4.2,21.53,0
436654,oncoming_trucks.78,4.1,21.65,0
436655,oncoming_trucks.78,4.1,21.86,0
436656,oncoming_trucks.78,4.0,22.16,0
436657,oncoming_trucks.78,4.0,22.58,0
436658,oncoming_trucks.78,3.9,23.1,0
436659,oncoming_trucks.78,3.8,23.76,0
436660,oncoming_trucks.78,3.6,24.56,0
436661,oncoming_trucks.78,3.5,25.52,0
436662,oncoming_trucks.78,3.4,26.66,0
436663,oncoming_trucks.78,3.2,28.01,0
436664,oncoming_trucks.78,3.0,29.61,0
436665,oncoming_trucks.78,2.8,31.48,0
436666,oncoming_trucks.78,2.7,33.69,0
436667,oncoming_sedans.207,0.4,234.1,0
436667,oncoming_trucks.78,2.5,36.29,0
436668,oncoming_sedans.207,0.3,282.78,0
436668,oncoming_trucks.78,2.3,39.36,0
436669,oncoming_sedans.207,0.3,346.41,0
436669,oncoming_trucks.78,2.1,43.0,0
436670,oncoming_trucks.78,1.9,47.34,0
436671,oncoming_trucks.78,1.7,52.56,0
436672,oncoming_trucks.78,1.5,58.88,0
436673,oncoming_trucks.78,1.3,66.62,0
436674,oncoming_trucks.78,1.2,76.23,0
436675,oncoming_trucks.78,1.0,88.34,0
436676,oncoming_trucks.78,0.9,103.95,0
436677,oncoming_trucks.78,0.7,124.52,0
436678,oncoming_trucks.78,0.6,152.53,0
436679,oncoming_trucks.78,0.5,192.39,0
436680,oncoming_trucks.78,0.4,252.74,0
436681,oncoming_trucks.78,0.3,353.2,0
439472,oncoming_sedans.207,0.3,324.2,0
439473,oncoming_sedans.207,0.4,254.66,0
439474,oncoming_sedans.207,0.4,204.8,0
439475,oncoming_sedans.207,0.5,167.97,0
439476,oncoming_sedans.207,0.6,140.11,0
439477,oncoming_sedans.207,0.8,118.58,0
439478,oncoming_sedans.207,0.9,101.65,0
439479,oncoming_sedans.207,1.0,88.14,0
439480,oncoming_sedans.207,1.2,77.21,0
439481,oncoming_sedans.207,1.3,68.27,0
439482,oncoming_sedans.207,1.5,60.87,0
439483,oncoming_sedans.207,1.6,54.7,0
439484,oncoming_sedans.207,1.8,49.51,0
439485,oncoming_sedans.207,2.0,45.11,0
439486,oncoming_sedans.207,2.2,41.36,0
439487,oncoming_sedans.207,2.3,38.14,0
439488,oncoming_sedans.207,2.5,35.37,0
439489,oncoming_sedans.207,2.7,32.98,0
439490,oncoming_sedans.207,2.9,30.91,0
439491,oncoming_sedans.207,3.1,29.12,0
439492,oncoming_sedans.207,3.2,27.56,0
439493,oncoming_sedans.207,3.4,26.2,0
439494,oncoming_sedans.207,3.6,25.03,0
439495,oncoming_sedans.207,3.7,24.02,0
439496,oncoming_sedans.207,3.9,23.15,0
439497,oncoming_sedans.207,4.0,22.42,0
439498,oncoming_sedans.207,4.1,21.81,0
439499,oncoming_sedans.207,4.2,21.3,0
439500,oncoming_sedans.207,4.3,20.91,0
439501,oncoming_sedans.207,4.3,20.61,0
439502,oncoming_sedans.207,4.4,20.42,0
439503,oncoming_sedans.207,4.4,20.31,0
439504,oncoming_sedans.207,4.4,20.3,0
439505,oncoming_sedans.207,4.4,20.39,0
439506,oncoming_sedans.207,4.4,20.56,0
439507,oncoming_sedans.207,4.3,20.84,0
439508,oncoming_sedans.207,4.2,21.22,0
439509,oncoming_sedans.207,4.1,21.7,0
439510,oncoming_sedans.207,4.0,22.29,0
439683,oncoming_trucks.78,0.3,311.41,0
439684,oncoming_trucks.78,0.4,238.79,0
439685,oncoming_trucks.78,0.5,189.54,0
439686,oncoming_trucks.78,0.6,154.57,0
439687,oncoming_trucks.78,0.7,128.83,0
439688,oncoming_trucks.78,0.8,109.34,0
439720,oncoming_sedans.209,4.0,22.33,0
439721,oncoming_sedans.209,4.1,21.7,0
439722,oncoming_sedans.209,4.2,21.16,0
439723,oncoming_sedans.209,4.3,20.69,0
439724,oncoming_sedans.209,4.4,20.3,0
439725,oncoming_sedans.209,4.5,19.98,0
439726,oncoming_sedans.209,4.5,19.74,0
439727,oncoming_sedans.209,4.6,19.56,0
439728,oncoming_sedans.209,4.6,19.46,0
439729,oncoming_sedans.209,4.6,19.43,0
439730,oncoming_sedans.209,4.6,19.48,0
439731,oncoming_sedans.209,4.6,19.6,0
439732,oncoming_sedans.209,4.5,19.8,0
439733,oncoming_sedans.209,4.5,20.09,0
439734,oncoming_sedans.209,4.4,20.46,0
439735,oncoming_sedans.209,4.3,20.94,0
439736,oncoming_sedans.209,4.2,21.52,0
439737,oncoming_sedans.209,4.0,22.21,0
439738,oncoming_sedans.209,3.9,23.03,0
439739,oncoming_sedans.209,3.7,23.99,0
439740,oncoming_sedans.209,3.6,25.11,0
439741,oncoming_sedans.209,3.4,26.41,0
439742,oncoming_sedans.209,3.2,27.9,0
439743,oncoming_sedans.209,3.0,29.63,0
439744,oncoming_sedans.209,2.8,31.63,0
439745,oncoming_sedans.209,2.6,33.93,0
439746,oncoming_sedans.209,2.4,36.6,0
439747,oncoming_sedans.209,2.3,39.7,0
439748,oncoming_sedans.209,2.1,43.31,0
442539,oncoming_sedans.208,0.2,371.31,0
442540,oncoming_sedans.208,0.3,290.5,0
442541,oncoming_sedans.208,0.4,232.54,0
442542,oncoming_sedans.208,0.5,189.78,0
442543,oncoming_sedans.208,0.6,157.48,0
442544,oncoming_sedans.208,0.7,132.59,0
442545,oncoming_sedans.208,0.8,113.07,0
442546,oncoming_sedans.208,0.9,97.54,0
442547,oncoming_sedans.208,1.1,85.02,0
442548,oncoming_sedans.208,1.2,74.8,0
442549,oncoming_sedans.208,1.3,66.37,0
442550,oncoming_sedans.208,1.5,59.37,0
442551,oncoming_sedans.208,1.7,53.49,0
442552,oncoming_sedans.208,1.8,48.52,0
442553,oncoming_sedans.208,2.0,44.29,0
442554,oncoming_sedans.208,2.2,40.68,0
442555,oncoming_sedans.208,2.4,37.57,0
442556,oncoming_sedans.208,2.6,34.89,0
442557,oncoming_sedans.208,2.7,32.57,0
442558,oncoming_sedans.208,2.9,30.56,0
442559,oncoming_sedans.208,3.1,28.81,0
442560,oncoming_sedans.208,3.3,27.28,0
442561,oncoming_sedans.208,3.4,25.96,0
442562,oncoming_sedans.208,3.6,24.81,0
442563,oncoming_sedans.208,3.8,23.82,0
442564,oncoming_sedans.208,3.9,22.98,0
442565,oncoming_sedans.208,4.0,22.26,0
442566,oncoming_sedans.208,4.1,21.66,0
442567,oncoming_sedans.208,4.2,21.17,0
442568,oncoming_sedans.208,4.3,20.78,0
442569,oncoming_sedans.208,4.4,20.49,0
442570,oncoming_sedans.208,4.4,20.3,0
442571,oncoming_sedans.208,4.4,20.2,0
442572,oncoming_sedans.208,4.4,20.19,0
442573,oncoming_sedans.208,4.4,20.28,0
442574,oncoming_sedans.208,4.4,20.46,0
442575,oncoming_sedans.208,4.3,20.74,0
442576,oncoming_sedans.208,4.2,21.11,0
442577,oncoming_sedans.208,4.1,21.59,0
442578,oncoming_sedans.208,4.0,22.19,0
442798,oncoming_trucks.79,3.3,27.51,0
442799,oncoming_trucks.79,3.4,26.26,0
442800,oncoming_trucks.79,3.6,25.15,0
442801,oncoming_trucks.79,3.7,24.15,0
442802,oncoming_trucks.79,3.8,23.26,0
442803,oncoming_trucks.79,4.0,22.46,0
442804,oncoming_trucks.79,4.1,21.75,0
442805,oncoming_trucks.79,4.2,21.12,0
442806,oncoming_trucks.79,4.4,20.57,0
442807,oncoming_trucks.79,4.5,20.09,0
442808,oncoming_trucks.79,4.5,19.68,0
442809,oncoming_trucks.79,4.6,19.33,0
442810,oncoming_trucks.79,4.7,19.05,0
442811,oncoming_trucks.79,4.8,18.83,0
442812,oncoming_trucks.79,4.8,18.68,0
442813,oncoming_trucks.79,4.8,18.59,0
442814,oncoming_trucks.79,4.8,18.57,0
442815,oncoming_trucks.79,4.8,18.62,0
442816,oncoming_trucks.79,4.8,18.75,0
442817,oncoming_trucks.79,4.7,18.95,0
442818,oncoming_trucks.79,4.7,19.23,0
442819,oncoming_trucks.79,4.6,19.61,0
442820,oncoming_trucks.79,4.5,20.09,0
442821,oncoming_trucks.79,4.3,20.69,0
442822,oncoming_trucks.79,4.2,21.41,0
442823,oncoming_trucks.79,4.0,22.27,0
442824,oncoming_trucks.79,3.8,23.29,0
442825,oncoming_trucks.79,3.7,24.5,0
442826,oncoming_trucks.79,3.5,25.93,0
442827,oncoming_trucks.79,3.2,27.6,0
442828,oncoming_trucks.79,3.0,29.57,0
442829,oncoming_trucks.79,2.8,31.88,0
445638,oncoming_sedans.212,3.0,29.54,0
445639,oncoming_sedans.212,3.2,28.25,0
445640,oncoming_sedans.212,3.3,27.11,0
445641,oncoming_sedans.212,3.4,26.11,0
445642,oncoming_sedans.212,3.5,25.23,0
445643,oncoming_sedans.212,3.7,24.46,0
445644,oncoming_sedans.212,3.8,23.8,0
445645,oncoming_sedans.212,3.9,23.23,0
445646,oncoming_sedans.212,3.9,22.76,0
445647,oncoming_sedans.212,4.0,22.38,0
445648,oncoming_sedans.212,4.1,22.08,0
445649,oncoming_sedans.212,4.1,21.87,0
445650,oncoming_sedans.212,4.1,21.74,0
445651,oncoming_sedans.212,4.1,21.69,0
445652,oncoming_sedans.212,4.1,21.74,0
445653,oncoming_sedans.212,4.1,21.87,0
445654,oncoming_sedans.212,4.1,22.09,0
445655,oncoming_sedans.212,4.0,22.41,0
445656,oncoming_sedans.212,3.9,22.84,0
445657,oncoming_sedans.212,3.8,23.37,0
445658,oncoming_sedans.212,3.7,24.03,0
445659,oncoming_sedans.212,3.6,24.82,0
445660,oncoming_sedans.212,3.5,25.76,0
445661,oncoming_sedans.212,3.3,26.86,0
445662,oncoming_sedans.212,3.2,28.14,0
445663,oncoming_sedans.212,3.0,29.62,0
445664,oncoming_sedans.212,2.9,31.35,0
445665,oncoming_sedans.212,2.7,33.34,0
445666,oncoming_sedans.212,2.5,35.64,0
445667,oncoming_sedans.212,2.3,38.31,0
445668,oncoming_sedans.212,2.2,41.41,0
445669,oncoming_sedans.212,2.0,45.01,0
445818,oncoming_sedans.210,0.6,153.85,0
448716,oncoming_sedans.214,3.5,25.71,0
448717,oncoming_sedans.214,3.6,24.61,0
448718,oncoming_sedans.214,3.8,23.63,0
448719,oncoming_sedans.214,3.9,22.77,0
448720,oncoming_sedans.214,4.1,22.01,0
448721,oncoming_sedans.214,4.2,21.34,0
448722,oncoming_sedans.214,4.3,20.77,0
448723,oncoming_sedans.214,4.4,20.27,0
448724,oncoming_sedans.214,4.5,19.86,0
448725,oncoming_sedans.214,4.6,19.52,0
448726,oncoming_sedans.214,4.6,19.26,0
448727,oncoming_sedans.214,4.7,19.07,0
448728,oncoming_sedans.214,4.7,18.95,0
448729,oncoming_sedans.214,4.7,18.9,0
448730,oncoming_sedans.214,4.7,18.93,0
448731,oncoming_sedans.214,4.7,19.03,0
448732,oncoming_sedans.214,4.7,19.21,0
448733,oncoming_sedans.214,4.6,19.47,0
448734,oncoming_sedans.214,4.5,19.81,0
448735,oncoming_sedans.214,4.4,20.25,0
448736,oncoming_sedans.214,4.3,20.78,0
448737,oncoming_sedans.214,4.2,21.42,0
448738,oncoming_sedans.214,4.0,22.18,0
448739,oncoming_sedans.214,3.9,23.06,0
448740,oncoming_sedans.214,3.7,24.09,0
448741,oncoming_sedans.214,3.5,25.28,0
448840,oncoming_sedans.211,0.3,321.2,0
448841,oncoming_sedans.211,0.3,259.14,0
448842,oncoming_sedans.211,0.4,212.32,0
448843,oncoming_sedans.211,0.5,176.4,0
448844,oncoming_sedans.211,0.6,148.42,0
448845,oncoming_sedans.211,0.7,126.34,0
448846,oncoming_sedans.211,0.8,108.69,0
448847,oncoming_sedans.211,0.9,94.42,0
448848,oncoming_sedans.211,1.1,82.77,0
448849,oncoming_sedans.211,1.2,73.16,0
448850,oncoming_sedans.211,1.4,65.18,0
448851,oncoming_sedans.211,1.5,58.49,0
448852,oncoming_sedans.211,1.7,52.84,0
448853,oncoming_sedans.211,1.9,48.05,0
448854,oncoming_sedans.211,2.0,43.95,0
448855,oncoming_sedans.211,2.2,40.44,0
448856,oncoming_sedans.211,2.4,37.41,0
448857,oncoming_sedans.211,2.6,34.8,0
448858,oncoming_sedans.211,2.8,32.52,0
448859,oncoming_sedans.211,2.9,30.55,0
448860,oncoming_sedans.211,3.1,28.83,0
448861,oncoming_sedans.211,3.3,27.34,0
448862,oncoming_sedans.211,3.4,26.04,0
448863,oncoming_sedans.211,3.6,24.91,0
448864,oncoming_sedans.211,3.7,23.95,0
448865,oncoming_sedans.211,3.9,23.12,0
448866,oncoming_sedans.211,4.0,22.41,0
448867,oncoming_sedans.211,4.1,21.83,0
448868,oncoming_sedans.211,4.2,21.36,0
448869,oncoming_sedans.211,4.3,20.98,0
448870,oncoming_sedans.211,4.3,20.71,0
448871,oncoming_sedans.211,4.4,20.54,0
448872,oncoming_sedans.211,4.4,20.46,0
448873,oncoming_sedans.211,4.4,20.47,0
448874,oncoming_sedans.211,4.3,20.58,0
448875,oncoming_sedans.211,4.3,20.78,0
448876,oncoming_sedans.211,4.2,21.08,0
448877,oncoming_sedans.211,4.2,21.48,0
448878,oncoming_sedans.211,4.1,21.99,0
448879,oncoming_sedans.211,4.0,22.62,0
448914,oncoming_trucks.80,1.0,85.45,0
448915,oncoming_trucks.80,0.9,99.3,0
448916,oncoming_trucks.80,0.8,117.12,0
448917,oncoming_trucks.80,0.6,140.71,0
448918,oncoming_trucks.80,0.5,173.0,0
448919,oncoming_trucks.80,0.4,219.39,0
448920,oncoming_trucks.80,0.3,290.69,0
451780,oncoming_sedans.215,2.1,43.31,0
451781,oncoming_sedans.215,2.2,40.22,0
451782,oncoming_sedans.215,2.4,37.52,0
451783,oncoming_sedans.215,2.5,35.16,0
451784,oncoming_sedans.215,2.7,33.1,0
451785,oncoming_sedans.215,2.9,31.28,0
451786,oncoming_sedans.215,3.0,29.69,0
451787,oncoming_sedans.215,3.2,28.29,0
451788,oncoming_sedans.215,3.3,27.07,0
451789,oncoming_sedans.215,3.4,26.0,0
451790,oncoming_sedans.215,3.6,25.08,0
451791,oncoming_sedans.215,3.7,24.28,0
451792,oncoming_sedans.215,3.8,23.61,0
451793,oncoming_sedans.215,3.9,23.04,0
451794,oncoming_sedans.215,4.0,22.58,0
451795,oncoming_sedans.215,4.0,22.22,0
451796,oncoming_sedans.215,4.1,21.96,0
451797,oncoming_sedans.215,4.1,21.79,0
451798,oncoming_sedans.215,4.1,21.71,0
451799,oncoming_sedans.215,4.1,21.73,0
451800,oncoming_sedans.215,4.1,21.83,0
451801,oncoming_sedans.215,4.1,22.03,0
451802,oncoming_sedans.215,4.0,22.33,0
451803,oncoming_sedans.215,3.9,22.73,0
451804,oncoming_sedans.215,3.9,23.24,0
451805,oncoming_sedans.215,3.8,23.85,0
451806,oncoming_sedans.215,3.6,24.59,0
451807,oncoming_sedans.215,3.5,25.46,0
451808,oncoming_sedans.215,3.4,26.46,0
451809,oncoming_sedans.215,3.2,27.62,0
451810,oncoming_sedans.215,3.1,28.95,0
451811,oncoming_sedans.215,2.9,30.46,0
451913,oncoming_trucks.80,0.2,384.25,0
451914,oncoming_trucks.80,0.3,288.4,0
451915,oncoming_trucks.80,0.4,225.04,0
451916,oncoming_trucks.80,0.5,180.97,0
451917,oncoming_trucks.80,0.6,149.08,0
451918,oncoming_trucks.80,0.7,125.27,0
451919,oncoming_trucks.80,0.8,107.01,0
451920,oncoming_trucks.80,1.0,92.7,0
451921,oncoming_trucks.80,1.1,81.28,0
451922,oncoming_trucks.80,1.2,72.02,0
451923,oncoming_trucks.80,1.4,64.42,0
451924,oncoming_trucks.80,1.5,58.09,0
451925,oncoming_trucks.80,1.7,52.78,0
451926,oncoming_trucks.80,1.9,48.27,0
451927,oncoming_trucks.80,2.0,44.42,0
451928,oncoming_trucks.80,2.2,41.11,0
451929,oncoming_trucks.80,2.3,38.24,0
451930,oncoming_trucks.80,2.5,35.75,0
451931,oncoming_trucks.80,2.7,33.56,0
451932,oncoming_trucks.80,2.8,31.65,0
451933,oncoming_trucks.80,3.0,29.97,0
451934,oncoming_trucks.80,3.1,28.48,0
451935,oncoming_trucks.80,3.3,27.17,0
451936,oncoming_trucks.80,3.4,26.02,0
451937,oncoming_trucks.80,3.6,25.0,0
451938,oncoming_trucks.80,3.7,24.1,0
451939,oncoming_trucks.80,3.8,23.32,0
451940,oncoming_trucks.80,4.0,22.64,0
451941,oncoming_trucks.80,4.1,22.05,0
451942,oncoming_trucks.80,4.2,21.55,0
451943,oncoming_trucks.80,4.2,21.14,0
451944,oncoming_trucks.80,4.3,20.81,0
451945,oncoming_trucks.80,4.4,20.55,0
451946,oncoming_trucks.80,4.4,20.38,0
451947,oncoming_trucks.80,4.4,20.28,0
451948,oncoming_trucks.80,4.4,20.26,0
451949,oncoming_trucks.80,4.4,20.33,0
451950,oncoming_trucks.80,4.4,20.48,0
451951,oncoming_trucks.80,4.3,20.72,0
451952,oncoming_trucks.80,4.2,21.06,0
451953,oncoming_trucks.80,4.2,21.5,0
451954,oncoming_trucks.80,4.1,22.06,0
451955,oncoming_trucks.80,3.9,22.74,0
451956,oncoming_trucks.80,3.8,23.56,0
451957,oncoming_trucks.80,3.6,24.54,0
454859,oncoming_sedans.216,2.7,33.63,0
454860,oncoming_sedans.216,2.9,31.31,0
454861,oncoming_sedans.216,3.1,29.29,0
454862,oncoming_sedans.216,3.3,27.53,0
454863,oncoming_sedans.216,3.4,25.99,0
454864,oncoming_sedans.216,3.6,24.64,0
454865,oncoming_sedans.216,3.8,23.47,0
454866,oncoming_sedans.216,4.0,22.44,0
454867,oncoming_sedans.216,4.2,21.55,0
454868,oncoming_sedans.216,4.3,20.78,0
454869,oncoming_sedans.216,4.4,20.12,0
454870,oncoming_sedans.216,4.6,19.56,0
454871,oncoming_sedans.216,4.7,19.1,0
454872,oncoming_sedans.216,4.8,18.73,0
454873,oncoming_sedans.216,4.8,18.45,0
454874,oncoming_sedans.216,4.9,18.25,0
454875,oncoming_sedans.216,4.9,18.13,0
454876,oncoming_sedans.216,4.9,18.09,0
454877,oncoming_sedans.216,4.9,18.13,0
454878,oncoming_sedans.216,4.9,18.25,0
454879,oncoming_sedans.216,4.8,18.46,0
454880,oncoming_sedans.216,4.8,18.75,0
454881,oncoming_sedans.216,4.7,19.13,0
454882,oncoming_sedans.216,4.6,19.61,0
454883,oncoming_sedans.216,4.4,20.18,0
454884,oncoming_sedans.216,4.3,20.87,0
454919,oncoming_trucks.81,1.0,86.36,0
454920,oncoming_trucks.81,0.9,101.26,0
454921,oncoming_trucks.81,0.7,120.71,0
454922,oncoming_trucks.81,0.6,146.88,0
454923,oncoming_trucks.81,0.5,183.56,0
454924,oncoming_trucks.81,0.4,237.96,0
454925,oncoming_trucks.81,0.3,325.74,0
455000,school_buses.16,1.8,49.81,0
455001,school_buses.16,1.9,46.05,0
455002,school_buses.16,2.1,42.78,0
455003,school_buses.16,2.2,39.93,0
455004,school_buses.16,2.4,37.42,0
455005,school_buses.16,2.5,35.21,0
455006,school_buses.16,2.7,33.26,0
455007,school_buses.16,2.8,31.52,0
455008,school_buses.16,3.0,29.98,0
455009,school_buses.16,3.1,28.6,0
455010,school_buses.16,3.3,27.37,0
455011,school_buses.16,3.4,26.28,0
455012,school_buses.16,3.5,25.3,0
455013,school_buses.16,3.7,24.43,0
455014,school_buses.16,3.8,23.66,0
455015,school_buses.16,3.9,22.99,0
455016,school_buses.16,4.0,22.39,0
455017,school_buses.16,4.1,21.88,0
455018,school_buses.16,4.2,21.45,0
455019,school_buses.16,4.2,21.09,0
455020,school_buses.16,4.3,20.81,0
455021,school_buses.16,4.3,20.6,0
455022,school_buses.16,4.4,20.47,0
455023,school_buses.16,4.4,20.41,0
455024,school_buses.16,4.4,20.43,0
455025,school_buses.16,4.4,20.53,0
455026,school_buses.16,4.3,20.73,0
455027,school_buses.16,4.3,21.02,0
455028,school_buses.16,4.2,21.41,0
455029,school_buses.16,4.1,21.92,0
455030,school_buses.16,4.0,22.56,0
455031,school_buses.16,3.8,23.35,0
455032,school_buses.16,3.7,24.3,0
455033,school_buses.16,3.5,25.44,0
455034,school_buses.16,3.3,26.8,0
455035,school_buses.16,3.1,28.43,0
455036,school_buses.16,2.9,30.37,0
455037,school_buses.16,2.7,32.68,0
455038,school_buses.16,2.5,35.46,0
455039,school_buses.16,2.3,38.78,0
455040,school_buses.16,2.1,42.77,0
455041,school_buses.16,1.9,47.58,0
455042,school_buses.16,1.7,53.43,0
455043,school_buses.16,1.5,60.62,0
455044,school_buses.16,1.3,69.58,0
455045,school_buses.16,1.1,80.93,0
455046,school_buses.16,0.9,95.62,0
455047,school_buses.16,0.8,115.16,0
455048,school_buses.16,0.6,142.08,0
455049,school_buses.16,0.5,181.05,0
455050,school_buses.16,0.4,241.59,0
455051,school_buses.16,0.3,346.71,0
457920,oncoming_trucks.81,0.2,397.54,0
457921,oncoming_trucks.81,0.3,296.32,0
457922,oncoming_trucks.81,0.4,230.05,0
457923,oncoming_trucks.81,0.5,184.29,0
457924,oncoming_trucks.81,0.6,151.37,0
457925,oncoming_trucks.81,0.7,126.89,0
457926,oncoming_trucks.81,0.8,108.19,0
457927,oncoming_trucks.81,1.0,93.58,0
457928,oncoming_trucks.81,1.1,81.95,0
457929,oncoming_trucks.81,1.2,72.55,0
457930,oncoming_trucks.81,1.4,64.83,0
457931,oncoming_trucks.81,1.5,58.42,0
457932,oncoming_trucks.81,1.7,53.04,0
457933,oncoming_trucks.81,1.8,48.49,0
457934,oncoming_trucks.81,2.0,44.6,0
457935,oncoming_trucks.81,2.2,41.26,0
457936,oncoming_trucks.81,2.3,38.37,0
457937,oncoming_trucks.81,2.5,35.86,0
457938,oncoming_trucks.81,2.7,33.66,0
457939,oncoming_trucks.81,2.8,31.73,0
457940,oncoming_trucks.81,3.0,30.04,0
457941,oncoming_trucks.81,3.1,28.55,0
457942,oncoming_trucks.81,3.3,27.23,0
457943,oncoming_trucks.81,3.4,26.07,0
457944,oncoming_trucks.81,3.6,25.04,0
457945,oncoming_trucks.81,3.7,24.14,0
457946,oncoming_trucks.81,3.8,23.35,0
457947,oncoming_trucks.81,3.9,22.67,0
457948,oncoming_trucks.81,4.1,22.08,0
457949,oncoming_trucks.81,4.1,21.58,0
457950,oncoming_trucks.81,4.2,21.16,0
457951,oncoming_trucks.81,4.3,20.83,0
457952,oncoming_trucks.81,4.3,20.58,0
457953,oncoming_trucks.81,4.4,20.4,0
457954,oncoming_trucks.81,4.4,20.3,0
457955,oncoming_trucks.81,4.4,20.29,0
457956,oncoming_trucks.81,4.4,20.35,0
457957,oncoming_trucks.81,4.4,20.5,0
457958,oncoming_trucks.81,4.3,20.74,0
457959,oncoming_trucks.81,4.2,21.08,0
457960,oncoming_trucks.81,4.2,21.52,0
457961,oncoming_trucks.81,4.1,22.08,0
457962,oncoming_trucks.81,3.9,22.76,0
457963,oncoming_trucks.81,3.8,23.58,0
457964,oncoming_trucks.81,3.6,24.56,0
458045,school_buses.16,0.2,366.96,0
458046,school_buses.16,0.3,275.0,0
458047,school_buses.16,0.4,214.76,0
458048,school_buses.16,0.5,173.11,0
458049,school_buses.16,0.6,143.08,0
458050,school_buses.16,0.7,120.69,0
458051,school_buses.16,0.9,103.53,0
458052,school_buses.16,1.0,90.09,0
458053,school_buses.16,1.1,79.34,0
458054,school_buses.16,1.3,70.61,0
458055,school_buses.16,1.4,63.42,0
458056,school_buses.16,1.6,57.42,0
458057,school_buses.16,1.7,52.37,0
458058,school_buses.16,1.9,48.07,0
458059,school_buses.16,2.0,44.38,0
458060,school_buses.16,2.2,41.19,0
458061,school_buses.16,2.3,38.41,0
458062,school_buses.16,2.5,35.99,0
458063,school_buses.16,2.6,33.86,0
458064,school_buses.16,2.8,31.98,0
458065,school_buses.16,3.0,30.32,0
458066,school_buses.16,3.1,28.84,0
458067,school_buses.16,3.3,27.53,0
458068,school_buses.16,3.4,26.36,0
458069,school_buses.16,3.5,25.33,0
458070,school_buses.16,3.7,24.41,0
458071,school_buses.16,3.8,23.6,0
458072,school_buses.16,3.9,22.88,0
458073,school_buses.16,4.0,22.26,0
458074,school_buses.16,4.1,21.72,0
458075,school_buses.16,4.2,21.26,0
458076,school_buses.16,4.3,20.88,0
458077,school_buses.16,4.3,20.58,0
458078,school_buses.16,4.4,20.35,0
458079,school_buses.16,4.4,20.19,0
458080,school_buses.16,4.4,20.12,0
458081,school_buses.16,4.4,20.12,0
458082,school_buses.16,4.4,20.2,0
458083,school_buses.16,4.4,20.38,0
458084,school_buses.16,4.3,20.64,0
458085,school_buses.16,4.3,21.02,0
458086,school_buses.16,4.2,21.5,0
458087,school_buses.16,4.0,22.11,0
461006,oncoming_trucks.82,1.8,50.3,0
461007,oncoming_trucks.82,1.9,46.39,0
461008,oncoming_trucks.82,2.1,43.01,0
461009,oncoming_trucks.82,2.2,40.06,0
461010,oncoming_trucks.82,2.4,37.48,0
461011,oncoming_trucks.82,2.5,35.21,0
461012,oncoming_trucks.82,2.7,33.21,0
461013,oncoming_trucks.82,2.8,31.44,0
461014,oncoming_trucks.82,3.0,29.86,0
461015,oncoming_trucks.82,3.1,28.46,0
461016,oncoming_trucks.82,3.3,27.21,0
461017,oncoming_trucks.82,3.4,26.1,0
461018,oncoming_trucks.82,3.6,25.11,0
461019,oncoming_trucks.82,3.7,24.23,0
461020,oncoming_trucks.82,3.8,23.46,0
461021,oncoming_trucks.82,3.9,22.78,0
461022,oncoming_trucks.82,4.0,22.19,0
461023,oncoming_trucks.82,4.1,21.68,0
461024,oncoming_trucks.82,4.2,21.25,0
461025,oncoming_trucks.82,4.3,20.89,0
461026,oncoming_trucks.82,4.3,20.62,0
461027,oncoming_trucks.82,4.4,20.42,0
461028,oncoming_trucks.82,4.4,20.29,0
461029,oncoming_trucks.82,4.4,20.24,0
461030,oncoming_trucks.82,4.4,20.28,0
461031,oncoming_trucks.82,4.4,20.4,0
461032,oncoming_trucks.82,4.3,20.61,0
461033,oncoming_trucks.82,4.3,20.92,0
461034,oncoming_trucks.82,4.2,21.33,0
461035,oncoming_trucks.82,4.1,21.86,0
461036,oncoming_trucks.82,4.0,22.53,0
461037,oncoming_trucks.82,3.8,23.34,0
461038,oncoming_trucks.82,3.7,24.32,0
461039,oncoming_trucks.82,3.5,25.49,0
461040,oncoming_trucks.82,3.3,26.88,0
461041,oncoming_trucks.82,3.1,28.54,0
461042,oncoming_trucks.82,2.9,30.51,0
461043,oncoming_trucks.82,2.7,32.86,0
461123,oncoming_sedans.217,1.5,59.23,0
461124,oncoming_sedans.217,1.7,53.99,0
461125,oncoming_sedans.217,1.8,49.51,0
461126,oncoming_sedans.217,2.0,45.65,0
461127,oncoming_sedans.217,2.1,42.31,0
461128,oncoming_sedans.217,2.3,39.4,0
461129,oncoming_sedans.217,2.4,36.86,0
461130,oncoming_sedans.217,2.6,34.63,0
461131,oncoming_sedans.217,2.7,32.67,0
461132,oncoming_sedans.217,2.9,30.95,0
461133,oncoming_sedans.217,3.0,29.43,0
461134,oncoming_sedans.217,3.2,28.08,0
461135,oncoming_sedans.217,3.3,26.9,0
461136,oncoming_sedans.217,3.5,25.86,0
461137,oncoming_sedans.217,3.6,24.95,0
461138,oncoming_sedans.217,3.7,24.16,0
461139,oncoming_sedans.217,3.8,23.47,0
461140,oncoming_sedans.217,3.9,22.89,0
461141,oncoming_sedans.217,4.0,22.4,0
461142,oncoming_sedans.217,4.1,22.0,0
461143,oncoming_sedans.217,4.1,21.69,0
461144,oncoming_sedans.217,4.2,21.47,0
461145,oncoming_sedans.217,4.2,21.33,0
461146,oncoming_sedans.217,4.2,21.28,0
461147,oncoming_sedans.217,4.2,21.31,0
461148,oncoming_sedans.217,4.2,21.44,0
461149,oncoming_sedans.217,4.1,21.65,0
461150,oncoming_sedans.217,4.1,21.97,0
461151,oncoming_sedans.217,4.0,22.38,0
461152,oncoming_sedans.217,3.9,22.91,0
461153,oncoming_sedans.217,3.8,23.56,0
461154,oncoming_sedans.217,3.7,24.34,0
461155,oncoming_sedans.217,3.5,25.27,0
464085,oncoming_sedans.219,3.1,29.28,0
464086,oncoming_sedans.219,3.2,27.99,0
464087,oncoming_sedans.219,3.3,26.84,0
464088,oncoming_sedans.219,3.5,25.82,0
464089,oncoming_sedans.219,3.6,24.91,0
464090,oncoming_sedans.219,3.7,24.11,0
464091,oncoming_sedans.219,3.8,23.42,0
464092,oncoming_sedans.219,3.9,22.81,0
464093,oncoming_sedans.219,4.0,22.29,0
464094,oncoming_sedans.219,4.1,21.86,0
464095,oncoming_sedans.219,4.2,21.51,0
464096,oncoming_sedans.219,4.2,21.24,0
464097,oncoming_sedans.219,4.3,21.04,0
464098,oncoming_sedans.219,4.3,20.93,0
464099,oncoming_sedans.219,4.3,20.9,0
464100,oncoming_sedans.219,4.3,20.96,0
464101,oncoming_sedans.219,4.2,21.1,0
464102,oncoming_sedans.219,4.2,21.34,0
464103,oncoming_sedans.219,4.1,21.67,0
464104,oncoming_sedans.219,4.0,22.11,0
464105,oncoming_sedans.219,3.9,22.67,0
464106,oncoming_sedans.219,3.8,23.36,0
464107,oncoming_sedans.219,3.7,24.18,0
464108,oncoming_sedans.219,3.6,25.17,0
464109,oncoming_sedans.219,3.4,26.33,0
464110,oncoming_sedans.219,3.2,27.7,0
464111,oncoming_sedans.219,3.1,29.29,0
464112,oncoming_sedans.219,2.9,31.15,0
464113,oncoming_sedans.219,2.7,33.32,0
464114,oncoming_sedans.219,2.5,35.86,0
464202,oncoming_sedans.218,2.1,42.37,0
464203,oncoming_sedans.218,2.3,38.98,0
464204,oncoming_sedans.218,2.5,36.05,0
464205,oncoming_sedans.218,2.7,33.5,0
464206,oncoming_sedans.218,2.9,31.28,0
464207,oncoming_sedans.218,3.0,29.34,0
464208,oncoming_sedans.218,3.2,27.63,0
464209,oncoming_sedans.218,3.4,26.14,0
464210,oncoming_sedans.218,3.6,24.83,0
464211,oncoming_sedans.218,3.8,23.68,0
464212,oncoming_sedans.218,3.9,22.68,0
464213,oncoming_sedans.218,4.1,21.81,0
464214,oncoming_sedans.218,4.2,21.06,0
464215,oncoming_sedans.218,4.4,20.42,0
464216,oncoming_sedans.218,4.5,19.88,0
464217,oncoming_sedans.218,4.6,19.44,0
464218,oncoming_sedans.218,4.7,19.09,0
464219,oncoming_sedans.218,4.8,18.84,0
464220,oncoming_sedans.218,4.8,18.66,0
464221,oncoming_sedans.218,4.8,18.58,0
464222,oncoming_sedans.218,4.8,18.57,0
464223,oncoming_sedans.218,4.8,18.66,0
464224,oncoming_sedans.218,4.8,18.83,0
464225,oncoming_sedans.218,4.7,19.09,0
464226,oncoming_sedans.218,4.6,19.45,0
464227,oncoming_sedans.218,4.5,19.9,0
464228,oncoming_sedans.218,4.4,20.46,0
464229,oncoming_sedans.218,4.2,21.12,0
464270,oncoming_sedans.220,0.3,314.02,0
464271,oncoming_sedans.220,0.2,371.76,0
467152,oncoming_sedans.224,3.0,30.01,0
467153,oncoming_sedans.224,3.1,28.71,0
467154,oncoming_sedans.224,3.2,27.56,0
467155,oncoming_sedans.224,3.4,26.55,0
467156,oncoming_sedans.224,3.5,25.66,0
467157,oncoming_sedans.224,3.6,24.89,0
467158,oncoming_sedans.224,3.7,24.22,0
467159,oncoming_sedans.224,3.8,23.65,0
467160,oncoming_sedans.224,3.9,23.18,0
467161,oncoming_sedans.224,3.9,22.79,0
467162,oncoming_sedans.224,4.0,22.5,0
467163,oncoming_sedans.224,4.0,22.29,0
467164,oncoming_sedans.224,4.0,22.16,0
467165,oncoming_sedans.224,4.0,22.12,0
467166,oncoming_sedans.224,4.0,22.17,0
467167,oncoming_sedans.224,4.0,22.31,0
467168,oncoming_sedans.224,4.0,22.54,0
467169,oncoming_sedans.224,3.9,22.86,0
467170,oncoming_sedans.224,3.8,23.29,0
467171,oncoming_sedans.224,3.8,23.82,0
467172,oncoming_sedans.224,3.7,24.48,0
467173,oncoming_sedans.224,3.5,25.26,0
467174,oncoming_sedans.224,3.4,26.18,0
467175,oncoming_sedans.224,3.3,27.25,0
467176,oncoming_sedans.224,3.1,28.5,0
467177,oncoming_sedans.224,3.0,29.94,0
467178,oncoming_sedans.224,2.8,31.59,0
467179,oncoming_sedans.224,2.7,33.5,0
467180,oncoming_sedans.224,2.5,35.69,0
467181,oncoming_sedans.224,2.3,38.2,0
467182,oncoming_sedans.224,2.2,41.09,0
467183,oncoming_sedans.224,2.0,44.41,0
467184,oncoming_sedans.224,1.9,48.24,0
467269,oncoming_sedans.220,0.3,346.3,0
467270,oncoming_sedans.220,0.3,258.05,0
467271,oncoming_sedans.220,0.5,198.57,0
467272,oncoming_sedans.220,0.6,156.9,0
467273,oncoming_sedans.220,0.7,126.77,0
467274,oncoming_sedans.220,0.9,104.38,0
467275,oncoming_sedans.220,1.0,87.36,0
467276,oncoming_sedans.220,1.2,74.17,0
467277,oncoming_sedans.220,1.4,63.76,0
467278,oncoming_sedans.220,1.6,55.43,0
467279,oncoming_sedans.220,1.8,48.67,0
467280,oncoming_sedans.220,2.1,43.11,0
467281,oncoming_sedans.220,2.3,38.49,0
467282,oncoming_sedans.220,2.6,34.62,0
467283,oncoming_sedans.220,2.9,31.35,0
467284,oncoming_sedans.220,3.1,28.56,0
467285,oncoming_sedans.220,3.4,26.17,0
467286,oncoming_sedans.220,3.7,24.1,0
467287,oncoming_sedans.220,4.0,22.3,0
467288,oncoming_sedans.220,4.3,20.74,0
467289,oncoming_sedans.220,4.6,19.36,0
467290,oncoming_sedans.220,4.9,18.16,0
467291,oncoming_sedans.220,5.2,17.09,0
467292,oncoming_sedans.220,5.5,16.15,0
467293,oncoming_sedans.220,5.8,15.32,0
467294,oncoming_sedans.220,6.1,14.58,0
467295,oncoming_sedans.220,6.4,13.93,0
467296,oncoming_sedans.220,6.7,13.36,0
467297,oncoming_sedans.220,7.0,12.85,0
467298,oncoming_sedans.220,7.2,12.41,0
467299,oncoming_sedans.220,7.4,12.02,0
467318,oncoming_sedans.221,7.8,11.42,0
467319,oncoming_sedans.221,7.8,11.42,0
467320,oncoming_sedans.221,7.8,11.46,0
467321,oncoming_sedans.221,7.8,11.54,0
467322,oncoming_sedans.221,7.7,11.67,0
467323,oncoming_sedans.221,7.6,11.84,0
467324,oncoming_sedans.221,7.4,12.07,0
467325,oncoming_sedans.221,7.2,12.35,0
467326,oncoming_sedans.221,7.0,12.69,0
467327,oncoming_sedans.221,6.8,13.09,0
467328,oncoming_sedans.221,6.6,13.56,0
467329,oncoming_sedans.221,6.3,14.1,0
467330,oncoming_sedans.221,6.1,14.71,0
467331,oncoming_sedans.221,5.8,15.41,0
467332,oncoming_sedans.221,5.5,16.21,0
467333,oncoming_sedans.221,5.2,17.1,0
467334,oncoming_sedans.221,4.9,18.11,0
467366,oncoming_trucks.83,1.3,66.52,0
467367,oncoming_trucks.83,1.1,78.28,0
467368,oncoming_trucks.83,1.0,93.63,0
467369,oncoming_trucks.83,0.8,114.25,0
467370,oncoming_trucks.83,0.6,143.1,0
467371,oncoming_trucks.83,0.5,185.76,0
467372,oncoming_trucks.83,0.4,254.23,0
467373,oncoming_trucks.83,0.2,379.58,0
470229,oncoming_sedans.223,3.5,25.91,0
470230,oncoming_sedans.223,3.6,24.78,0
470231,oncoming_sedans.223,3.8,23.79,0
470232,oncoming_sedans.223,3.9,22.92,0
470233,oncoming_sedans.223,4.0,22.17,0
470234,oncoming_sedans.223,4.2,21.52,0
470235,oncoming_sedans.223,4.3,20.96,0
470236,oncoming_sedans.223,4.4,20.5,0
470237,oncoming_sedans.223,4.4,20.13,0
470238,oncoming_sedans.223,4.5,19.84,0
470239,oncoming_sedans.223,4.6,19.62,0
470240,oncoming_sedans.223,4.6,19.49,0
470241,oncoming_sedans.223,4.6,19.44,0
470242,oncoming_sedans.223,4.6,19.47,0
470243,oncoming_sedans.223,4.6,19.57,0
470244,oncoming_sedans.223,4.5,19.76,0
470245,oncoming_sedans.223,4.5,20.03,0
470246,oncoming_sedans.223,4.4,20.39,0
470247,oncoming_sedans.223,4.3,20.85,0
470248,oncoming_sedans.223,4.2,21.4,0
470249,oncoming_sedans.223,4.1,22.05,0
470250,oncoming_sedans.223,3.9,22.82,0
470251,oncoming_sedans.223,3.8,23.72,0
470252,oncoming_sedans.223,3.6,24.74,0
470253,oncoming_sedans.223,3.5,25.91,0
470254,oncoming_sedans.223,3.3,27.25,0
470255,oncoming_sedans.223,3.1,28.76,0
470367,oncoming_trucks.83,0.3,348.11,0
470368,oncoming_trucks.83,0.3,262.17,0
470369,oncoming_trucks.83,0.4,205.33,0
470370,oncoming_trucks.83,0.5,165.75,0
470371,oncoming_trucks.83,0.7,137.06,0
470372,oncoming_trucks.83,0.8,115.6,0
470373,oncoming_trucks.83,0.9,99.11,0
470374,oncoming_trucks.83,1.0,86.17,0
470375,oncoming_trucks.83,1.2,75.81,0
470376,oncoming_trucks.83,1.3,67.41,0
470377,oncoming_trucks.83,1.5,60.48,0
470378,oncoming_trucks.83,1.6,54.71,0
470379,oncoming_trucks.83,1.8,49.86,0
470380,oncoming_trucks.83,2.0,45.74,0
470381,oncoming_trucks.83,2.1,42.21,0
470382,oncoming_trucks.83,2.3,39.17,0
470383,oncoming_trucks.83,2.4,36.53,0
470384,oncoming_trucks.83,2.6,34.23,0
470385,oncoming_trucks.83,2.8,32.23,0
470386,oncoming_trucks.83,2.9,30.47,0
470387,oncoming_trucks.83,3.1,28.92,0
470388,oncoming_trucks.83,3.2,27.55,0
470389,oncoming_trucks.83,3.4,26.35,0
470390,oncoming_trucks.83,3.5,25.29,0
470391,oncoming_trucks.83,3.7,24.36,0
470392,oncoming_trucks.83,3.8,23.54,0
470393,oncoming_trucks.83,3.9,22.83,0
470394,oncoming_trucks.83,4.0,22.22,0
470395,oncoming_trucks.83,4.1,21.7,0
470396,oncoming_trucks.83,4.2,21.27,0
470397,oncoming_trucks.83,4.3,20.92,0
470398,oncoming_trucks.83,4.3,20.65,0
470399,oncoming_trucks.83,4.4,20.46,0
470400,oncoming_trucks.83,4.4,20.35,0
470401,oncoming_trucks.83,4.4,20.32,0
470402,oncoming_trucks.83,4.4,20.37,0
470403,oncoming_trucks.83,4.4,20.51,0
470404,oncoming_trucks.83,4.3,20.73,0
470405,oncoming_trucks.83,4.2,21.06,0
470406,oncoming_trucks.83,4.2,21.49,0
470407,oncoming_trucks.83,4.1,22.03,0
470408,oncoming_trucks.83,3.9,22.69,0
470409,oncoming_trucks.83,3.8,23.5,0
470410,oncoming_trucks.83,3.7,24.45,0
473305,oncoming_trucks.84,2.3,39.73,0
473306,oncoming_trucks.84,2.4,36.9,0
473307,oncoming_trucks.84,2.6,34.44,0
473308,oncoming_trucks.84,2.8,32.28,0
473309,oncoming_trucks.84,2.9,30.39,0
473310,oncoming_trucks.84,3.1,28.71,0
473311,oncoming_trucks.84,3.3,27.23,0
473312,oncoming_trucks.84,3.5,25.91,0
473313,oncoming_trucks.84,3.6,24.75,0
473314,oncoming_trucks.84,3.8,23.71,0
473315,oncoming_trucks.84,3.9,22.79,0
473316,oncoming_trucks.84,4.1,21.98,0
473317,oncoming_trucks.84,4.2,21.26,0
473318,oncoming_trucks.84,4.3,20.63,0
473319,oncoming_trucks.84,4.5,20.08,0
473320,oncoming_trucks.84,4.6,19.61,0
473321,oncoming_trucks.84,4.7,19.21,0
473322,oncoming_trucks.84,4.7,18.88,0
473323,oncoming_trucks.84,4.8,18.62,0
473324,oncoming_trucks.84,4.9,18.43,0
473325,oncoming_trucks.84,4.9,18.3,0
473326,oncoming_trucks.84,4.9,18.24,0
473327,oncoming_trucks.84,4.9,18.25,0
473328,oncoming_trucks.84,4.9,18.34,0
473329,oncoming_trucks.84,4.8,18.49,0
473330,oncoming_trucks.84,4.8,18.73,0
473331,oncoming_trucks.84,4.7,19.06,0
473332,oncoming_trucks.84,4.6,19.48,0
473333,oncoming_trucks.84,4.5,20.0,0
473334,oncoming_trucks.84,4.3,20.63,0
473335,oncoming_trucks.84,4.2,21.39,0
473336,oncoming_trucks.84,4.0,22.29,0
473337,oncoming_trucks.84,3.8,23.36,0
473450,oncoming_sedans.222,2.3,39.44,0
473451,oncoming_sedans.222,2.4,36.83,0
473452,oncoming_sedans.222,2.6,34.54,0
473453,oncoming_sedans.222,2.8,32.52,0
473454,oncoming_sedans.222,2.9,30.75,0
473455,oncoming_sedans.222,3.1,29.19,0
473456,oncoming_sedans.222,3.2,27.81,0
473457,oncoming_sedans.222,3.4,26.59,0
473458,oncoming_sedans.222,3.5,25.52,0
473459,oncoming_sedans.222,3.6,24.58,0
473460,oncoming_sedans.222,3.8,23.75,0
473461,oncoming_sedans.222,3.9,23.04,0
473462,oncoming_sedans.222,4.0,22.42,0
473463,oncoming_sedans.222,4.1,21.91,0
473464,oncoming_sedans.222,4.2,21.48,0
473465,oncoming_sedans.222,4.2,21.13,0
473466,oncoming_sedans.222,4.3,20.87,0
473467,oncoming_sedans.222,4.3,20.7,0
473468,oncoming_sedans.222,4.3,20.6,0
473469,oncoming_sedans.222,4.3,20.59,0
473470,oncoming_sedans.222,4.3,20.67,0
473471,oncoming_sedans.222,4.3,20.83,0
473472,oncoming_sedans.222,4.2,21.09,0
473473,oncoming_sedans.222,4.2,21.44,0
473474,oncoming_sedans.222,4.1,21.9,0
473475,oncoming_sedans.222,4.0,22.47,0
473476,oncoming_sedans.222,3.9,23.17,0
473477,oncoming_sedans.222,3.7,24.0,0
473478,oncoming_sedans.222,3.6,24.98,0
473479,oncoming_sedans.222,3.4,26.13,0
476378,oncoming_sedans.225,2.1,42.54,0
476379,oncoming_sedans.225,2.3,39.53,0
476380,oncoming_sedans.225,2.4,36.91,0
476381,oncoming_sedans.225,2.6,34.61,0
476382,oncoming_sedans.225,2.7,32.59,0
476383,oncoming_sedans.225,2.9,30.81,0
476384,oncoming_sedans.225,3.1,29.24,0
476385,oncoming_sedans.225,3.2,27.85,0
476386,oncoming_sedans.225,3.4,26.63,0
476387,oncoming_sedans.225,3.5,25.56,0
476388,oncoming_sedans.225,3.6,24.61,0
476389,oncoming_sedans.225,3.8,23.78,0
476390,oncoming_sedans.225,3.9,23.07,0
476391,oncoming_sedans.225,4.0,22.45,0
476392,oncoming_sedans.225,4.1,21.93,0
476393,oncoming_sedans.225,4.2,21.5,0
476394,oncoming_sedans.225,4.2,21.15,0
476395,oncoming_sedans.225,4.3,20.89,0
476396,oncoming_sedans.225,4.3,20.72,0
476397,oncoming_sedans.225,4.3,20.62,0
476398,oncoming_sedans.225,4.3,20.61,0
476399,oncoming_sedans.225,4.3,20.69,0
476400,oncoming_sedans.225,4.3,20.85,0
476401,oncoming_sedans.225,4.2,21.11,0
476402,oncoming_sedans.225,4.2,21.47,0
476403,oncoming_sedans.225,4.1,21.93,0
476404,oncoming_sedans.225,4.0,22.5,0
476405,oncoming_sedans.225,3.9,23.19,0
476406,oncoming_sedans.225,3.7,24.03,0
476407,oncoming_sedans.225,3.6,25.01,0
476408,oncoming_sedans.225,3.4,26.16,0
476517,oncoming_sedans.226,2.1,43.02,0
476518,oncoming_sedans.226,2.2,40.03,0
476519,oncoming_sedans.226,2.4,37.41,0
476520,oncoming_sedans.226,2.5,35.11,0
476521,oncoming_sedans.226,2.7,33.08,0
476522,oncoming_sedans.226,2.9,31.29,0
476523,oncoming_sedans.226,3.0,29.71,0
476524,oncoming_sedans.226,3.2,28.32,0
476525,oncoming_sedans.226,3.3,27.09,0
476526,oncoming_sedans.226,3.4,26.0,0
476527,oncoming_sedans.226,3.6,25.05,0
476528,oncoming_sedans.226,3.7,24.22,0
476529,oncoming_sedans.226,3.8,23.5,0
476530,oncoming_sedans.226,3.9,22.88,0
476531,oncoming_sedans.226,4.0,22.36,0
476532,oncoming_sedans.226,4.1,21.93,0
476533,oncoming_sedans.226,4.1,21.59,0
476534,oncoming_sedans.226,4.2,21.33,0
476535,oncoming_sedans.226,4.2,21.16,0
476536,oncoming_sedans.226,4.2,21.07,0
476537,oncoming_sedans.226,4.2,21.07,0
476538,oncoming_sedans.226,4.2,21.15,0
476539,oncoming_sedans.226,4.2,21.32,0
476540,oncoming_sedans.226,4.1,21.58,0
476541,oncoming_sedans.226,4.1,21.94,0
476542,oncoming_sedans.226,4.0,22.4,0
476543,oncoming_sedans.226,3.9,22.97,0
476544,oncoming_sedans.226,3.8,23.66,0
476545,oncoming_sedans.226,3.7,24.47,0
476546,oncoming_sedans.226,3.5,25.43,0
476547,oncoming_sedans.226,3.4,26.55,0
479446,oncoming_sedans.228,2.1,43.01,0
479447,oncoming_sedans.228,2.2,40.02,0
479448,oncoming_sedans.228,2.4,37.4,0
479449,oncoming_sedans.228,2.5,35.1,0
479450,oncoming_sedans.228,2.7,33.08,0
479451,oncoming_sedans.228,2.9,31.29,0
479452,oncoming_sedans.228,3.0,29.71,0
479453,oncoming_sedans.228,3.2,28.32,0
479454,oncoming_sedans.228,3.3,27.09,0
479455,oncoming_sedans.228,3.4,26.0,0
479456,oncoming_sedans.228,3.6,25.05,0
479457,oncoming_sedans.228,3.7,24.22,0
479458,oncoming_sedans.228,3.8,23.49,0
479459,oncoming_sedans.228,3.9,22.88,0
479460,oncoming_sedans.228,4.0,22.36,0
479461,oncoming_sedans.228,4.1,21.93,0
479462,oncoming_sedans.228,4.1,21.58,0
479463,oncoming_sedans.228,4.2,21.33,0
479464,oncoming_sedans.228,4.2,21.16,0
479465,oncoming_sedans.228,4.2,21.07,0
479466,oncoming_sedans.228,4.2,21.07,0
479467,oncoming_sedans.228,4.2,21.15,0
479468,oncoming_sedans.228,4.2,21.32,0
479469,oncoming_sedans.228,4.1,21.58,0
479470,oncoming_sedans.228,4.1,21.94,0
479471,oncoming_sedans.228,4.0,22.4,0
479472,oncoming_sedans.228,3.9,22.97,0
479473,oncoming_sedans.228,3.8,23.66,0
479474,oncoming_sedans.228,3.7,24.47,0
479475,oncoming_sedans.228,3.5,25.43,0
479476,oncoming_sedans.228,3.4,26.55,0
479587,oncoming_trucks.85,1.8,50.31,0
479588,oncoming_trucks.85,1.9,46.45,0
479589,oncoming_trucks.85,2.1,43.1,0
479590,oncoming_trucks.85,2.2,40.19,0
479591,oncoming_trucks.85,2.4,37.64,0
479592,oncoming_trucks.85,2.5,35.4,0
479593,oncoming_trucks.85,2.7,33.43,0
479594,oncoming_trucks.85,2.8,31.69,0
479595,oncoming_trucks.85,3.0,30.15,0
479596,oncoming_trucks.85,3.1,28.78,0
479597,oncoming_trucks.85,3.2,27.57,0
479598,oncoming_trucks.85,3.4,26.5,0
479599,oncoming_trucks.85,3.5,25.56,0
479600,oncoming_trucks.85,3.6,24.73,0
479601,oncoming_trucks.85,3.7,24.0,0
479602,oncoming_trucks.85,3.8,23.37,0
479603,oncoming_trucks.85,3.9,22.84,0
479604,oncoming_trucks.85,4.0,22.39,0
479605,oncoming_trucks.85,4.1,22.02,0
479606,oncoming_trucks.85,4.1,21.74,0
479607,oncoming_trucks.85,4.2,21.54,0
479608,oncoming_trucks.85,4.2,21.41,0
479609,oncoming_trucks.85,4.2,21.37,0
479610,oncoming_trucks.85,4.2,21.41,0
479611,oncoming_trucks.85,4.2,21.53,0
479612,oncoming_trucks.85,4.1,21.74,0
479613,oncoming_trucks.85,4.1,22.05,0
479614,oncoming_trucks.85,4.0,22.47,0
479615,oncoming_trucks.85,3.9,22.99,0
479616,oncoming_trucks.85,3.8,23.64,0
479617,oncoming_trucks.85,3.7,24.42,0
479618,oncoming_trucks.85,3.5,25.35,0
479619,oncoming_trucks.85,3.4,26.45,0
479620,oncoming_trucks.85,3.2,27.75,0
479621,oncoming_trucks.85,3.1,29.26,0
479622,oncoming_trucks.85,2.9,31.03,0
479623,oncoming_trucks.85,2.7,33.09,0
479624,oncoming_trucks.85,2.5,35.5,0
479625,oncoming_trucks.85,2.3,38.31,0
479626,oncoming_trucks.85,2.2,41.61,0
482513,oncoming_sedans.227,2.1,43.25,0
482514,oncoming_sedans.227,2.2,40.17,0
482515,oncoming_sedans.227,2.4,37.48,0
482516,oncoming_sedans.227,2.5,35.13,0
482517,oncoming_sedans.227,2.7,33.07,0
482518,oncoming_sedans.227,2.9,31.26,0
482519,oncoming_sedans.227,3.0,29.67,0
482520,oncoming_sedans.227,3.2,28.27,0
482521,oncoming_sedans.227,3.3,27.05,0
482522,oncoming_sedans.227,3.4,25.99,0
482523,oncoming_sedans.227,3.6,25.06,0
482524,oncoming_sedans.227,3.7,24.27,0
482525,oncoming_sedans.227,3.8,23.59,0
482526,oncoming_sedans.227,3.9,23.03,0
482527,oncoming_sedans.227,4.0,22.57,0
482528,oncoming_sedans.227,4.0,22.21,0
482529,oncoming_sedans.227,4.1,21.94,0
482530,oncoming_sedans.227,4.1,21.77,0
482531,oncoming_sedans.227,4.1,21.7,0
482532,oncoming_sedans.227,4.1,21.71,0
482533,oncoming_sedans.227,4.1,21.81,0
482534,oncoming_sedans.227,4.1,22.01,0
482535,oncoming_sedans.227,4.0,22.31,0
482536,oncoming_sedans.227,3.9,22.71,0
482537,oncoming_sedans.227,3.9,23.21,0
482538,oncoming_sedans.227,3.8,23.83,0
482539,oncoming_sedans.227,3.6,24.56,0
482540,oncoming_sedans.227,3.5,25.43,0
482541,oncoming_sedans.227,3.4,26.43,0
482542,oncoming_sedans.227,3.2,27.58,0
482543,oncoming_sedans.227,3.1,28.91,0
482544,oncoming_sedans.227,2.9,30.42,0
482696,oncoming_sedans.230,11.6,7.74,0
482697,oncoming_sedans.230,11.1,8.04,0
482698,oncoming_sedans.230,10.7,8.38,0
482699,oncoming_sedans.230,10.2,8.78,0
482700,oncoming_sedans.230,9.7,9.23,0
482701,oncoming_sedans.230,9.2,9.76,0
482702,oncoming_sedans.230,8.6,10.36,0
482703,oncoming_sedans.230,8.1,11.05,0
482704,oncoming_sedans.230,7.6,11.84,0
482705,oncoming_sedans.230,7.0,12.74,0
482706,oncoming_sedans.230,6.5,13.77,0
482707,oncoming_sedans.230,6.0,14.95,0
482708,oncoming_sedans.230,5.5,16.31,0
482709,oncoming_sedans.230,5.0,17.88,0
485592,oncoming_sedans.229,2.7,33.63,0
485593,oncoming_sedans.229,2.9,31.31,0
485594,oncoming_sedans.229,3.1,29.29,0
485595,oncoming_sedans.229,3.2,27.53,0
485596,oncoming_sedans.229,3.4,25.99,0
485597,oncoming_sedans.229,3.6,24.64,0
485598,oncoming_sedans.229,3.8,23.47,0
485599,oncoming_sedans.229,4.0,22.44,0
485600,oncoming_sedans.229,4.2,21.55,0
485601,oncoming_sedans.229,4.3,20.78,0
485602,oncoming_sedans.229,4.4,20.12,0
485603,oncoming_sedans.229,4.6,19.57,0
485604,oncoming_sedans.229,4.7,19.11,0
485605,oncoming_sedans.229,4.8,18.74,0
485606,oncoming_sedans.229,4.8,18.45,0
485607,oncoming_sedans.229,4.9,18.25,0
485608,oncoming_sedans.229,4.9,18.13,0
485609,oncoming_sedans.229,4.9,18.09,0
485610,oncoming_sedans.229,4.9,18.13,0
485611,oncoming_sedans.229,4.9,18.25,0
485612,oncoming_sedans.229,4.8,18.46,0
485613,oncoming_sedans.229,4.8,18.75,0
485614,oncoming_sedans.229,4.7,19.13,0
485615,oncoming_sedans.229,4.6,19.61,0
485616,oncoming_sedans.229,4.4,20.18,0
485617,oncoming_sedans.229,4.3,20.87,0
485652,oncoming_trucks.86,1.0,86.33,0
485653,oncoming_trucks.86,0.9,101.22,0
485654,oncoming_trucks.86,0.7,120.66,0
485655,oncoming_trucks.86,0.6,146.8,0
485656,oncoming_trucks.86,0.5,183.45,0
485657,oncoming_trucks.86,0.4,237.78,0
485658,oncoming_trucks.86,0.3,325.42,0
485739,oncoming_sedans.232,2.1,43.29,0
485740,oncoming_sedans.232,2.2,40.25,0
485741,oncoming_sedans.232,2.4,37.58,0
485742,oncoming_sedans.232,2.5,35.25,0
485743,oncoming_sedans.232,2.7,33.2,0
485744,oncoming_sedans.232,2.9,31.39,0
485745,oncoming_sedans.232,3.0,29.79,0
485746,oncoming_sedans.232,3.2,28.38,0
485747,oncoming_sedans.232,3.3,27.14,0
485748,oncoming_sedans.232,3.4,26.04,0
485749,oncoming_sedans.232,3.6,25.08,0
485750,oncoming_sedans.232,3.7,24.25,0
485751,oncoming_sedans.232,3.8,23.52,0
485752,oncoming_sedans.232,3.9,22.9,0
485753,oncoming_sedans.232,4.0,22.37,0
485754,oncoming_sedans.232,4.1,21.94,0
485755,oncoming_sedans.232,4.1,21.6,0
485756,oncoming_sedans.232,4.2,21.34,0
485757,oncoming_sedans.232,4.2,21.17,0
485758,oncoming_sedans.232,4.2,21.08,0
485759,oncoming_sedans.232,4.2,21.08,0
485760,oncoming_sedans.232,4.2,21.16,0
485761,oncoming_sedans.232,4.2,21.33,0
485762,oncoming_sedans.232,4.1,21.59,0
485763,oncoming_sedans.232,4.1,21.95,0
485764,oncoming_sedans.232,4.0,22.41,0
485765,oncoming_sedans.232,3.9,22.98,0
485766,oncoming_sedans.232,3.8,23.67,0
485767,oncoming_sedans.232,3.7,24.49,0
485768,oncoming_sedans.232,3.5,25.45,0
485769,oncoming_sedans.232,3.4,26.57,0
488653,oncoming_trucks.86,0.2,397.72,0
488654,oncoming_trucks.86,0.3,296.43,0
488655,oncoming_trucks.86,0.4,230.12,0
488656,oncoming_trucks.86,0.5,184.34,0
488657,oncoming_trucks.86,0.6,151.41,0
488658,oncoming_trucks.86,0.7,126.92,0
488659,oncoming_trucks.86,0.8,108.21,0
488660,oncoming_trucks.86,1.0,93.6,0
488661,oncoming_trucks.86,1.1,81.97,0
488662,oncoming_trucks.86,1.2,72.56,0
488663,oncoming_trucks.86,1.4,64.84,0
488664,oncoming_trucks.86,1.5,58.43,0
488665,oncoming_trucks.86,1.7,53.05,0
488666,oncoming_trucks.86,1.8,48.5,0
488667,oncoming_trucks.86,2.0,44.61,0
488668,oncoming_trucks.86,2.2,41.27,0
488669,oncoming_trucks.86,2.3,38.37,0
488670,oncoming_trucks.86,2.5,35.86,0
488671,oncoming_trucks.86,2.7,33.66,0
488672,oncoming_trucks.86,2.8,31.73,0
488673,oncoming_trucks.86,3.0,30.04,0
488674,oncoming_trucks.86,3.1,28.55,0
488675,oncoming_trucks.86,3.3,27.23,0
488676,oncoming_trucks.86,3.4,26.07,0
488677,oncoming_trucks.86,3.6,25.04,0
488678,oncoming_trucks.86,3.7,24.14,0
488679,oncoming_trucks.86,3.8,23.36,0
488680,oncoming_trucks.86,3.9,22.67,0
488681,oncoming_trucks.86,4.1,22.08,0
488682,oncoming_trucks.86,4.1,21.58,0
488683,oncoming_trucks.86,4.2,21.17,0
488684,oncoming_trucks.86,4.3,20.83,0
488685,oncoming_trucks.86,4.3,20.58,0
488686,oncoming_trucks.86,4.4,20.4,0
488687,oncoming_trucks.86,4.4,20.3,0
488688,oncoming_trucks.86,4.4,20.29,0
488689,oncoming_trucks.86,4.4,20.35,0
488690,oncoming_trucks.86,4.4,20.5,0
488691,oncoming_trucks.86,4.3,20.74,0
488692,oncoming_trucks.86,4.2,21.08,0
488693,oncoming_trucks.86,4.2,21.52,0
488694,oncoming_trucks.86,4.1,22.08,0
488695,oncoming_trucks.86,3.9,22.76,0
488696,oncoming_trucks.86,3.8,23.58,0
488697,oncoming_trucks.86,3.6,24.56,0
488809,oncoming_trucks.87,1.8,50.34,0
488810,oncoming_trucks.87,1.9,46.47,0
488811,oncoming_trucks.87,2.1,43.12,0
488812,oncoming_trucks.87,2.2,40.21,0
488813,oncoming_trucks.87,2.4,37.66,0
488814,oncoming_trucks.87,2.5,35.42,0
488815,oncoming_trucks.87,2.7,33.44,0
488816,oncoming_trucks.87,2.8,31.7,0
488817,oncoming_trucks.87,3.0,30.15,0
488818,oncoming_trucks.87,3.1,28.79,0
488819,oncoming_trucks.87,3.2,27.58,0
488820,oncoming_trucks.87,3.4,26.51,0
488821,oncoming_trucks.87,3.5,25.56,0
488822,oncoming_trucks.87,3.6,24.73,0
488823,oncoming_trucks.87,3.7,24.0,0
488824,oncoming_trucks.87,3.8,23.38,0
488825,oncoming_trucks.87,3.9,22.84,0
488826,oncoming_trucks.87,4.0,22.39,0
488827,oncoming_trucks.87,4.1,22.03,0
488828,oncoming_trucks.87,4.1,21.74,0
488829,oncoming_trucks.87,4.2,21.54,0
488830,oncoming_trucks.87,4.2,21.41,0
488831,oncoming_trucks.87,4.2,21.37,0
488832,oncoming_trucks.87,4.2,21.41,0
488833,oncoming_trucks.87,4.2,21.53,0
488834,oncoming_trucks.87,4.1,21.74,0
488835,oncoming_trucks.87,4.1,22.05,0
488836,oncoming_trucks.87,4.0,22.47,0
488837,oncoming_trucks.87,3.9,22.99,0
488838,oncoming_trucks.87,3.8,23.64,0
488839,oncoming_trucks.87,3.7,24.42,0
488840,oncoming_trucks.87,3.5,25.35,0
488841,oncoming_trucks.87,3.4,26.45,0
488842,oncoming_trucks.87,3.2,27.75,0
488843,oncoming_trucks.87,3.1,29.26,0
488844,oncoming_trucks.87,2.9,31.03,0
488845,oncoming_trucks.87,2.7,33.09,0
488846,oncoming_trucks.87,2.5,35.49,0
488847,oncoming_trucks.87,2.3,38.31,0
488848,oncoming_trucks.87,2.2,41.6,0
491737,oncoming_sedans.231,2.3,39.44,0
491738,oncoming_sedans.231,2.4,36.82,0
491739,oncoming_sedans.231,2.6,34.53,0
491740,oncoming_sedans.231,2.8,32.52,0
491741,oncoming_sedans.231,2.9,30.75,0
491742,oncoming_sedans.231,3.1,29.19,0
491743,oncoming_sedans.231,3.2,27.81,0
491744,oncoming_sedans.231,3.4,26.59,0
491745,oncoming_sedans.231,3.5,25.52,0
491746,oncoming_sedans.231,3.6,24.58,0
491747,oncoming_sedans.231,3.8,23.75,0
491748,oncoming_sedans.231,3.9,23.04,0
491749,oncoming_sedans.231,4.0,22.42,0
491750,oncoming_sedans.231,4.1,21.9,0
491751,oncoming_sedans.231,4.2,21.47,0
491752,oncoming_sedans.231,4.2,21.13,0
491753,oncoming_sedans.231,4.3,20.87,0
491754,oncoming_sedans.231,4.3,20.69,0
491755,oncoming_sedans.231,4.3,20.6,0
491756,oncoming_sedans.231,4.3,20.59,0
491757,oncoming_sedans.231,4.3,20.67,0
491758,oncoming_sedans.231,4.3,20.83,0
491759,oncoming_sedans.231,4.2,21.09,0
491760,oncoming_sedans.231,4.2,21.44,0
491761,oncoming_sedans.231,4.1,21.9,0
491762,oncoming_sedans.231,4.0,22.47,0
491763,oncoming_sedans.231,3.9,23.17,0
491764,oncoming_sedans.231,3.7,24.0,0
491765,oncoming_sedans.231,3.6,24.98,0
491766,oncoming_sedans.231,3.4,26.13,0
491896,oncoming_sedans.235,3.5,25.23,0
491897,oncoming_sedans.235,3.7,24.14,0
491898,oncoming_sedans.235,3.9,23.18,0
491899,oncoming_sedans.235,4.0,22.34,0
491900,oncoming_sedans.235,4.1,21.59,0
491901,oncoming_sedans.235,4.3,20.93,0
491902,oncoming_sedans.235,4.4,20.37,0
491903,oncoming_sedans.235,4.5,19.88,0
491904,oncoming_sedans.235,4.6,19.47,0
491905,oncoming_sedans.235,4.7,19.13,0
491906,oncoming_sedans.235,4.7,18.87,0
491907,oncoming_sedans.235,4.8,18.68,0
491908,oncoming_sedans.235,4.8,18.56,0
491909,oncoming_sedans.235,4.8,18.51,0
491910,oncoming_sedans.235,4.8,18.53,0
491911,oncoming_sedans.235,4.8,18.63,0
491912,oncoming_sedans.235,4.8,18.8,0
491913,oncoming_sedans.235,4.7,19.06,0
491914,oncoming_sedans.235,4.6,19.4,0
491915,oncoming_sedans.235,4.5,19.84,0
491916,oncoming_sedans.235,4.4,20.38,0
491917,oncoming_sedans.235,4.3,21.04,0
491918,oncoming_sedans.235,4.1,21.81,0
491919,oncoming_sedans.235,3.9,22.72,0
491920,oncoming_sedans.235,3.8,23.78,0
494804,oncoming_sedans.233,2.1,43.01,0
494805,oncoming_sedans.233,2.2,40.02,0
494806,oncoming_sedans.233,2.4,37.4,0
494807,oncoming_sedans.233,2.5,35.1,0
494808,oncoming_sedans.233,2.7,33.08,0
494809,oncoming_sedans.233,2.9,31.29,0
494810,oncoming_sedans.233,3.0,29.71,0
494811,oncoming_sedans.233,3.2,28.32,0
494812,oncoming_sedans.233,3.3,27.09,0
494813,oncoming_sedans.233,3.4,26.0,0
494814,oncoming_sedans.233,3.6,25.05,0
494815,oncoming_sedans.233,3.7,24.22,0
494816,oncoming_sedans.233,3.8,23.49,0
494817,oncoming_sedans.233,3.9,22.88,0
494818,oncoming_sedans.233,4.0,22.36,0
494819,oncoming_sedans.233,4.1,21.93,0
494820,oncoming_sedans.233,4.1,21.58,0
494821,oncoming_sedans.233,4.2,21.33,0
494822,oncoming_sedans.233,4.2,21.16,0
494823,oncoming_sedans.233,4.2,21.07,0
494824,oncoming_sedans.233,4.2,21.07,0
494825,oncoming_sedans.233,4.2,21.15,0
494826,oncoming_sedans.233,4.2,21.32,0
494827,oncoming_sedans.233,4.1,21.58,0
494828,oncoming_sedans.233,4.1,21.94,0
494829,oncoming_sedans.233,4.0,22.4,0
494830,oncoming_sedans.233,3.9,22.97,0
494831,oncoming_sedans.233,3.8,23.66,0
494832,oncoming_sedans.233,3.7,24.48,0
494833,oncoming_sedans.233,3.5,25.44,0
494834,oncoming_sedans.233,3.4,26.55,0
494961,oncoming_sedans.240,2.1,43.07,0
494962,oncoming_sedans.240,2.2,40.07,0
494963,oncoming_sedans.240,2.4,37.45,0
494964,oncoming_sedans.240,2.5,35.14,0
494965,oncoming_sedans.240,2.7,33.11,0
494966,oncoming_sedans.240,2.9,31.32,0
494967,oncoming_sedans.240,3.0,29.74,0
494968,oncoming_sedans.240,3.2,28.34,0
494969,oncoming_sedans.240,3.3,27.11,0
494970,oncoming_sedans.240,3.4,26.02,0
494971,oncoming_sedans.240,3.6,25.07,0
494972,oncoming_sedans.240,3.7,24.24,0
494973,oncoming_sedans.240,3.8,23.52,0
494974,oncoming_sedans.240,3.9,22.9,0
494975,oncoming_sedans.240,4.0,22.38,0
494976,oncoming_sedans.240,4.1,21.95,0
494977,oncoming_sedans.240,4.1,21.61,0
494978,oncoming_sedans.240,4.2,21.35,0
494979,oncoming_sedans.240,4.2,21.18,0
494980,oncoming_sedans.240,4.2,21.09,0
494981,oncoming_sedans.240,4.2,21.09,0
494982,oncoming_sedans.240,4.2,21.17,0
494983,oncoming_sedans.240,4.2,21.34,0
494984,oncoming_sedans.240,4.1,21.61,0
494985,oncoming_sedans.240,4.1,21.97,0
494986,oncoming_sedans.240,4.0,22.43,0
494987,oncoming_sedans.240,3.9,23.0,0
494988,oncoming_sedans.240,3.8,23.69,0
494989,oncoming_sedans.240,3.7,24.51,0
494990,oncoming_sedans.240,3.5,25.47,0
494991,oncoming_sedans.240,3.4,26.6,0
497872,oncoming_sedans.234,2.2,40.17,0
497873,oncoming_sedans.234,2.4,37.48,0
497874,oncoming_sedans.234,2.5,35.13,0
497875,oncoming_sedans.234,2.7,33.07,0
497876,oncoming_sedans.234,2.9,31.26,0
497877,oncoming_sedans.234,3.0,29.67,0
497878,oncoming_sedans.234,3.2,28.27,0
497879,oncoming_sedans.234,3.3,27.05,0
497880,oncoming_sedans.234,3.4,25.98,0
497881,oncoming_sedans.234,3.6,25.06,0
497882,oncoming_sedans.234,3.7,24.27,0
497883,oncoming_sedans.234,3.8,23.59,0
497884,oncoming_sedans.234,3.9,23.03,0
497885,oncoming_sedans.234,4.0,22.57,0
497886,oncoming_sedans.234,4.0,22.21,0
497887,oncoming_sedans.234,4.1,21.94,0
497888,oncoming_sedans.234,4.1,21.77,0
497889,oncoming_sedans.234,4.1,21.7,0
497890,oncoming_sedans.234,4.1,21.71,0
497891,oncoming_sedans.234,4.1,21.81,0
497892,oncoming_sedans.234,4.1,22.01,0
497893,oncoming_sedans.234,4.0,22.31,0
497894,oncoming_sedans.234,3.9,22.71,0
497895,oncoming_sedans.234,3.9,23.21,0
497896,oncoming_sedans.234,3.8,23.83,0
497897,oncoming_sedans.234,3.6,24.56,0
497898,oncoming_sedans.234,3.5,25.42,0
497899,oncoming_sedans.234,3.4,26.43,0
497900,oncoming_sedans.234,3.2,27.58,0
497901,oncoming_sedans.234,3.1,28.91,0
497902,oncoming_sedans.234,2.9,30.42,0
498031,oncoming_trucks.88,1.8,50.31,0
498032,oncoming_trucks.88,1.9,46.45,0
498033,oncoming_trucks.88,2.1,43.1,0
498034,oncoming_trucks.88,2.2,40.19,0
498035,oncoming_trucks.88,2.4,37.64,0
498036,oncoming_trucks.88,2.5,35.4,0
498037,oncoming_trucks.88,2.7,33.43,0
498038,oncoming_trucks.88,2.8,31.69,0
498039,oncoming_trucks.88,3.0,30.15,0
498040,oncoming_trucks.88,3.1,28.78,0
498041,oncoming_trucks.88,3.2,27.57,0
498042,oncoming_trucks.88,3.4,26.5,0
498043,oncoming_trucks.88,3.5,25.56,0
498044,oncoming_trucks.88,3.6,24.73,0
498045,oncoming_trucks.88,3.7,24.0,0
498046,oncoming_trucks.88,3.8,23.37,0
498047,oncoming_trucks.88,3.9,22.84,0
498048,oncoming_trucks.88,4.0,22.39,0
498049,oncoming_trucks.88,4.1,22.02,0
498050,oncoming_trucks.88,4.1,21.74,0
498051,oncoming_trucks.88,4.2,21.54,0
498052,oncoming_trucks.88,4.2,21.41,0
498053,oncoming_trucks.88,4.2,21.37,0
498054,oncoming_trucks.88,4.2,21.41,0
498055,oncoming_trucks.88,4.2,21.53,0
498056,oncoming_trucks.88,4.1,21.74,0
498057,oncoming_trucks.88,4.1,22.05,0
498058,oncoming_trucks.88,4.0,22.47,0
498059,oncoming_trucks.88,3.9,22.99,0
498060,oncoming_trucks.88,3.8,23.64,0
498061,oncoming_trucks.88,3.7,24.42,0
498062,oncoming_trucks.88,3.5,25.35,0
498063,oncoming_trucks.88,3.4,26.45,0
498064,oncoming_trucks.88,3.2,27.75,0
498065,oncoming_trucks.88,3.1,29.26,0
498066,oncoming_trucks.88,2.9,31.03,0
498067,oncoming_trucks.88,2.7,33.09,0
498068,oncoming_trucks.88,2.5,35.5,0
498069,oncoming_trucks.88,2.3,38.31,0
498070,oncoming_trucks.88,2.2,41.61,0
500950,oncoming_sedans.238,2.7,33.63,0
500951,oncoming_sedans.238,2.9,31.31,0
500952,oncoming_sedans.238,3.1,29.29,0
500953,oncoming_sedans.238,3.3,27.53,0
500954,oncoming_sedans.238,3.4,25.99,0
500955,oncoming_sedans.238,3.6,24.64,0
500956,oncoming_sedans.238,3.8,23.47,0
500957,oncoming_sedans.238,4.0,22.44,0
500958,oncoming_sedans.238,4.2,21.55,0
500959,oncoming_sedans.238,4.3,20.78,0
500960,oncoming_sedans.238,4.4,20.12,0
500961,oncoming_sedans.238,4.6,19.56,0
500962,oncoming_sedans.238,4.7,19.1,0
500963,oncoming_sedans.238,4.8,18.73,0
500964,oncoming_sedans.238,4.8,18.45,0
500965,oncoming_sedans.238,4.9,18.25,0
500966,oncoming_sedans.238,4.9,18.13,0
500967,oncoming_sedans.238,4.9,18.09,0
500968,oncoming_sedans.238,4.9,18.13,0
500969,oncoming_sedans.238,4.9,18.25,0
500970,oncoming_sedans.238,4.8,18.46,0
500971,oncoming_sedans.238,4.8,18.75,0
500972,oncoming_sedans.238,4.7,19.13,0
500973,oncoming_sedans.238,4.6,19.61,0
500974,oncoming_sedans.238,4.4,20.18,0
500975,oncoming_sedans.238,4.3,20.87,0
501010,oncoming_trucks.91,1.0,86.32,0
501011,oncoming_trucks.91,0.9,101.21,0
501012,oncoming_trucks.91,0.7,120.65,0
501013,oncoming_trucks.91,0.6,146.79,0
501014,oncoming_trucks.91,0.5,183.43,0
501015,oncoming_trucks.91,0.4,237.75,0
501016,oncoming_trucks.91,0.3,325.37,0
501118,oncoming_sedans.236,3.5,25.22,0
501119,oncoming_sedans.236,3.7,24.14,0
501120,oncoming_sedans.236,3.9,23.18,0
501121,oncoming_sedans.236,4.0,22.34,0
501122,oncoming_sedans.236,4.1,21.59,0
501123,oncoming_sedans.236,4.3,20.93,0
501124,oncoming_sedans.236,4.4,20.37,0
501125,oncoming_sedans.236,4.5,19.88,0
501126,oncoming_sedans.236,4.6,19.47,0
501127,oncoming_sedans.236,4.7,19.13,0
501128,oncoming_sedans.236,4.7,18.87,0
501129,oncoming_sedans.236,4.8,18.68,0
501130,oncoming_sedans.236,4.8,18.56,0
501131,oncoming_sedans.236,4.8,18.51,0
501132,oncoming_sedans.236,4.8,18.53,0
501133,oncoming_sedans.236,4.8,18.63,0
501134,oncoming_sedans.236,4.8,18.8,0
501135,oncoming_sedans.236,4.7,19.06,0
501136,oncoming_sedans.236,4.6,19.4,0
501137,oncoming_sedans.236,4.5,19.84,0
501138,oncoming_sedans.236,4.4,20.38,0
501139,oncoming_sedans.236,4.3,21.04,0
501140,oncoming_sedans.236,4.1,21.81,0
501141,oncoming_sedans.236,3.9,22.72,0
501142,oncoming_sedans.236,3.8,23.79,0
504011,oncoming_trucks.91,0.2,397.82,0
504012,oncoming_trucks.91,0.3,296.49,0
504013,oncoming_trucks.91,0.4,230.16,0
504014,oncoming_trucks.91,0.5,184.37,0
504015,oncoming_trucks.91,0.6,151.43,0
504016,oncoming_trucks.91,0.7,126.93,0
504017,oncoming_trucks.91,0.8,108.22,0
504018,oncoming_trucks.91,1.0,93.61,0
504019,oncoming_trucks.91,1.1,81.97,0
504020,oncoming_trucks.91,1.2,72.56,0
504021,oncoming_trucks.91,1.4,64.84,0
504022,oncoming_trucks.91,1.5,58.43,0
504023,oncoming_trucks.91,1.7,53.05,0
504024,oncoming_trucks.91,1.8,48.5,0
504025,oncoming_trucks.91,2.0,44.61,0
504026,oncoming_trucks.91,2.2,41.27,0
504027,oncoming_trucks.91,2.3,38.37,0
504028,oncoming_trucks.91,2.5,35.86,0
504029,oncoming_trucks.91,2.7,33.66,0
504030,oncoming_trucks.91,2.8,31.74,0
504031,oncoming_trucks.91,3.0,30.04,0
504032,oncoming_trucks.91,3.1,28.55,0
504033,oncoming_trucks.91,3.3,27.23,0
504034,oncoming_trucks.91,3.4,26.07,0
504035,oncoming_trucks.91,3.6,25.04,0
504036,oncoming_trucks.91,3.7,24.14,0
504037,oncoming_trucks.91,3.8,23.36,0
504038,oncoming_trucks.91,3.9,22.67,0
504039,oncoming_trucks.91,4.1,22.08,0
504040,oncoming_trucks.91,4.1,21.58,0
504041,oncoming_trucks.91,4.2,21.17,0
504042,oncoming_trucks.91,4.3,20.83,0
504043,oncoming_trucks.91,4.3,20.58,0
504044,oncoming_trucks.91,4.4,20.4,0
504045,oncoming_trucks.91,4.4,20.3,0
504046,oncoming_trucks.91,4.4,20.29,0
504047,oncoming_trucks.91,4.4,20.35,0
504048,oncoming_trucks.91,4.4,20.5,0
504049,oncoming_trucks.91,4.3,20.74,0
504050,oncoming_trucks.91,4.2,21.08,0
504051,oncoming_trucks.91,4.2,21.52,0
504052,oncoming_trucks.91,4.1,22.08,0
504053,oncoming_trucks.91,3.9,22.76,0
504054,oncoming_trucks.91,3.8,23.58,0
504055,oncoming_trucks.91,3.6,24.56,0
504186,oncoming_trucks.89,1.8,50.58,0
504187,oncoming_trucks.89,1.9,46.7,0
504188,oncoming_trucks.89,2.1,43.33,0
504189,oncoming_trucks.89,2.2,40.39,0
504190,oncoming_trucks.89,2.4,37.82,0
504191,oncoming_trucks.89,2.5,35.55,0
504192,oncoming_trucks.89,2.7,33.55,0
504193,oncoming_trucks.89,2.8,31.78,0
504194,oncoming_trucks.89,3.0,30.2,0
504195,oncoming_trucks.89,3.1,28.8,0
504196,oncoming_trucks.89,3.2,27.56,0
504197,oncoming_trucks.89,3.4,26.45,0
504198,oncoming_trucks.89,3.5,25.46,0
504199,oncoming_trucks.89,3.6,24.58,0
504200,oncoming_trucks.89,3.8,23.81,0
504201,oncoming_trucks.89,3.9,23.14,0
504202,oncoming_trucks.89,4.0,22.55,0
504203,oncoming_trucks.89,4.1,22.04,0
504204,oncoming_trucks.89,4.1,21.62,0
504205,oncoming_trucks.89,4.2,21.27,0
504206,oncoming_trucks.89,4.3,21.0,0
504207,oncoming_trucks.89,4.3,20.81,0
504208,oncoming_trucks.89,4.3,20.69,0
504209,oncoming_trucks.89,4.3,20.65,0
504210,oncoming_trucks.89,4.3,20.69,0
504211,oncoming_trucks.89,4.3,20.81,0
504212,oncoming_trucks.89,4.3,21.03,0
504213,oncoming_trucks.89,4.2,21.34,0
504214,oncoming_trucks.89,4.1,21.75,0
504215,oncoming_trucks.89,4.0,22.28,0
504216,oncoming_trucks.89,3.9,22.93,0
504217,oncoming_trucks.89,3.8,23.73,0
504218,oncoming_trucks.89,3.6,24.69,0
504219,oncoming_trucks.89,3.5,25.83,0
504220,oncoming_trucks.89,3.3,27.18,0
504221,oncoming_trucks.89,3.1,28.77,0
504222,oncoming_trucks.89,2.9,30.64,0
504223,oncoming_trucks.89,2.7,32.84,0
507095,oncoming_sedans.244,2.3,39.43,0
507096,oncoming_sedans.244,2.4,36.82,0
507097,oncoming_sedans.244,2.6,34.53,0
507098,oncoming_sedans.244,2.8,32.52,0
507099,oncoming_sedans.244,2.9,30.75,0
507100,oncoming_sedans.244,3.1,29.19,0
507101,oncoming_sedans.244,3.2,27.81,0
507102,oncoming_sedans.244,3.4,26.59,0
507103,oncoming_sedans.244,3.5,25.52,0
507104,oncoming_sedans.244,3.6,24.57,0
507105,oncoming_sedans.244,3.8,23.75,0
507106,oncoming_sedans.244,3.9,23.04,0
507107,oncoming_sedans.244,4.0,22.42,0
507108,oncoming_sedans.244,4.1,21.9,0
507109,oncoming_sedans.244,4.2,21.47,0
507110,oncoming_sedans.244,4.2,21.13,0
507111,oncoming_sedans.244,4.3,20.87,0
507112,oncoming_sedans.244,4.3,20.69,0
507113,oncoming_sedans.244,4.3,20.6,0
507114,oncoming_sedans.244,4.3,20.59,0
507115,oncoming_sedans.244,4.3,20.67,0
507116,oncoming_sedans.244,4.3,20.83,0
507117,oncoming_sedans.244,4.2,21.09,0
507118,oncoming_sedans.244,4.2,21.44,0
507119,oncoming_sedans.244,4.1,21.9,0
507120,oncoming_sedans.244,4.0,22.47,0
507121,oncoming_sedans.244,3.9,23.17,0
507122,oncoming_sedans.244,3.7,24.0,0
507123,oncoming_sedans.244,3.6,24.98,0
507124,oncoming_sedans.244,3.4,26.13,0
507262,oncoming_sedans.239,3.0,29.43,0
507263,oncoming_sedans.239,3.2,28.15,0
507264,oncoming_sedans.239,3.3,27.03,0
507265,oncoming_sedans.239,3.4,26.03,0
507266,oncoming_sedans.239,3.6,25.16,0
507267,oncoming_sedans.239,3.7,24.4,0
507268,oncoming_sedans.239,3.8,23.74,0
507269,oncoming_sedans.239,3.9,23.18,0
507270,oncoming_sedans.239,3.9,22.71,0
507271,oncoming_sedans.239,4.0,22.33,0
507272,oncoming_sedans.239,4.1,22.04,0
507273,oncoming_sedans.239,4.1,21.83,0
507274,oncoming_sedans.239,4.1,21.71,0
507275,oncoming_sedans.239,4.1,21.66,0
507276,oncoming_sedans.239,4.1,21.71,0
507277,oncoming_sedans.239,4.1,21.84,0
507278,oncoming_sedans.239,4.1,22.07,0
507279,oncoming_sedans.239,4.0,22.39,0
507280,oncoming_sedans.239,3.9,22.82,0
507281,oncoming_sedans.239,3.8,23.36,0
507282,oncoming_sedans.239,3.7,24.02,0
507283,oncoming_sedans.239,3.6,24.81,0
507284,oncoming_sedans.239,3.5,25.75,0
507285,oncoming_sedans.239,3.3,26.85,0
507286,oncoming_sedans.239,3.2,28.13,0
507287,oncoming_sedans.239,3.0,29.62,0
507288,oncoming_sedans.239,2.9,31.34,0
507289,oncoming_sedans.239,2.7,33.33,0
507290,oncoming_sedans.239,2.5,35.64,0
507291,oncoming_sedans.239,2.3,38.31,0
507292,oncoming_sedans.239,2.2,41.41,0
507293,oncoming_sedans.239,2.0,45.01,0
510162,oncoming_sedans.237,2.1,43.01,0
510163,oncoming_sedans.237,2.2,40.02,0
510164,oncoming_sedans.237,2.4,37.4,0
510165,oncoming_sedans.237,2.5,35.1,0
510166,oncoming_sedans.237,2.7,33.08,0
510167,oncoming_sedans.237,2.9,31.29,0
510168,oncoming_sedans.237,3.0,29.71,0
510169,oncoming_sedans.237,3.2,28.32,0
510170,oncoming_sedans.237,3.3,27.09,0
510171,oncoming_sedans.237,3.4,26.0,0
510172,oncoming_sedans.237,3.6,25.05,0
510173,oncoming_sedans.237,3.7,24.22,0
510174,oncoming_sedans.237,3.8,23.49,0
510175,oncoming_sedans.237,3.9,22.88,0
510176,oncoming_sedans.237,4.0,22.36,0
510177,oncoming_sedans.237,4.1,21.93,0
510178,oncoming_sedans.237,4.1,21.58,0
510179,oncoming_sedans.237,4.2,21.33,0
510180,oncoming_sedans.237,4.2,21.16,0
510181,oncoming_sedans.237,4.2,21.07,0
510182,oncoming_sedans.237,4.2,21.07,0
510183,oncoming_sedans.237,4.2,21.15,0
510184,oncoming_sedans.237,4.2,21.32,0
510185,oncoming_sedans.237,4.1,21.58,0
510186,oncoming_sedans.237,4.1,21.94,0
510187,oncoming_sedans.237,4.0,22.4,0
510188,oncoming_sedans.237,3.9,22.97,0
510189,oncoming_sedans.237,3.8,23.66,0
510190,oncoming_sedans.237,3.7,24.48,0
510191,oncoming_sedans.237,3.5,25.44,0
510192,oncoming_sedans.237,3.4,26.55,0
510340,oncoming_sedans.241,3.5,25.71,0
510341,oncoming_sedans.241,3.6,24.61,0
510342,oncoming_sedans.241,3.8,23.63,0
510343,oncoming_sedans.241,3.9,22.77,0
510344,oncoming_sedans.241,4.1,22.01,0
510345,oncoming_sedans.241,4.2,21.34,0
510346,oncoming_sedans.241,4.3,20.77,0
510347,oncoming_sedans.241,4.4,20.27,0
510348,oncoming_sedans.241,4.5,19.86,0
510349,oncoming_sedans.241,4.6,19.52,0
510350,oncoming_sedans.241,4.6,19.26,0
510351,oncoming_sedans.241,4.7,19.07,0
510352,oncoming_sedans.241,4.7,18.95,0
510353,oncoming_sedans.241,4.7,18.9,0
510354,oncoming_sedans.241,4.7,18.93,0
510355,oncoming_sedans.241,4.7,19.03,0
510356,oncoming_sedans.241,4.7,19.21,0
510357,oncoming_sedans.241,4.6,19.47,0
510358,oncoming_sedans.241,4.5,19.81,0
510359,oncoming_sedans.241,4.4,20.25,0
510360,oncoming_sedans.241,4.3,20.78,0
510361,oncoming_sedans.241,4.2,21.42,0
510362,oncoming_sedans.241,4.0,22.18,0
510363,oncoming_sedans.241,3.9,23.06,0
510364,oncoming_sedans.241,3.7,24.09,0
510365,oncoming_sedans.241,3.5,25.28,0
513230,oncoming_sedans.242,2.2,40.17,0
513231,oncoming_sedans.242,2.4,37.48,0
513232,oncoming_sedans.242,2.5,35.13,0
513233,oncoming_sedans.242,2.7,33.07,0
513234,oncoming_sedans.242,2.9,31.26,0
513235,oncoming_sedans.242,3.0,29.67,0
513236,oncoming_sedans.242,3.2,28.27,0
513237,oncoming_sedans.242,3.3,27.05,0
513238,oncoming_sedans.242,3.4,25.98,0
513239,oncoming_sedans.242,3.6,25.06,0
513240,oncoming_sedans.242,3.7,24.27,0
513241,oncoming_sedans.242,3.8,23.59,0
513242,oncoming_sedans.242,3.9,23.03,0
513243,oncoming_sedans.242,4.0,22.57,0
513244,oncoming_sedans.242,4.0,22.21,0
513245,oncoming_sedans.242,4.1,21.94,0
513246,oncoming_sedans.242,4.1,21.77,0
513247,oncoming_sedans.242,4.1,21.7,0
513248,oncoming_sedans.242,4.1,21.71,0
513249,oncoming_sedans.242,4.1,21.81,0
513250,oncoming_sedans.242,4.1,22.01,0
513251,oncoming_sedans.242,4.0,22.31,0
513252,oncoming_sedans.242,3.9,22.71,0
513253,oncoming_sedans.242,3.9,23.21,0
513254,oncoming_sedans.242,3.8,23.83,0
513255,oncoming_sedans.242,3.6,24.56,0
513256,oncoming_sedans.242,3.5,25.42,0
513257,oncoming_sedans.242,3.4,26.43,0
513258,oncoming_sedans.242,3.2,27.58,0
513259,oncoming_sedans.242,3.1,28.91,0
513260,oncoming_sedans.242,2.9,30.42,0
513404,oncoming_sedans.243,2.1,43.31,0
513405,oncoming_sedans.243,2.2,40.22,0
513406,oncoming_sedans.243,2.4,37.52,0
513407,oncoming_sedans.243,2.5,35.17,0
513408,oncoming_sedans.243,2.7,33.1,0
513409,oncoming_sedans.243,2.9,31.28,0
513410,oncoming_sedans.243,3.0,29.69,0
513411,oncoming_sedans.243,3.2,28.29,0
513412,oncoming_sedans.243,3.3,27.07,0
513413,oncoming_sedans.243,3.4,26.0,0
513414,oncoming_sedans.243,3.6,25.08,0
513415,oncoming_sedans.243,3.7,24.29,0
513416,oncoming_sedans.243,3.8,23.61,0
513417,oncoming_sedans.243,3.9,23.05,0
513418,oncoming_sedans.243,4.0,22.59,0
513419,oncoming_sedans.243,4.0,22.23,0
513420,oncoming_sedans.243,4.1,21.96,0
513421,oncoming_sedans.243,4.1,21.79,0
513422,oncoming_sedans.243,4.1,21.72,0
513423,oncoming_sedans.243,4.1,21.73,0
513424,oncoming_sedans.243,4.1,21.84,0
513425,oncoming_sedans.243,4.1,22.04,0
513426,oncoming_sedans.243,4.0,22.33,0
513427,oncoming_sedans.243,3.9,22.73,0
513428,oncoming_sedans.243,3.9,23.24,0
513429,oncoming_sedans.243,3.8,23.85,0
513430,oncoming_sedans.243,3.6,24.59,0
513431,oncoming_sedans.243,3.5,25.46,0
513432,oncoming_sedans.243,3.4,26.46,0
513433,oncoming_sedans.243,3.2,27.62,0
513434,oncoming_sedans.243,3.1,28.95,0
513435,oncoming_sedans.243,2.9,30.46,0
516311,oncoming_trucks.90,2.3,39.49,0
516312,oncoming_trucks.90,2.4,36.7,0
516313,oncoming_trucks.90,2.6,34.27,0
516314,oncoming_trucks.90,2.8,32.14,0
516315,oncoming_trucks.90,3.0,30.26,0
516316,oncoming_trucks.90,3.1,28.6,0
516317,oncoming_trucks.90,3.3,27.14,0
516318,oncoming_trucks.90,3.5,25.83,0
516319,oncoming_trucks.90,3.6,24.68,0
516320,oncoming_trucks.90,3.8,23.65,0
516321,oncoming_trucks.90,3.9,22.74,0
516322,oncoming_trucks.90,4.1,21.93,0
516323,oncoming_trucks.90,4.2,21.22,0
516324,oncoming_trucks.90,4.3,20.6,0
516325,oncoming_trucks.90,4.5,20.05,0
516326,oncoming_trucks.90,4.6,19.59,0
516327,oncoming_trucks.90,4.7,19.19,0
516328,oncoming_trucks.90,4.7,18.87,0
516329,oncoming_trucks.90,4.8,18.61,0
516330,oncoming_trucks.90,4.9,18.42,0
516331,oncoming_trucks.90,4.9,18.3,0
516332,oncoming_trucks.90,4.9,18.24,0
516333,oncoming_trucks.90,4.9,18.26,0
516334,oncoming_trucks.90,4.9,18.34,0
516335,oncoming_trucks.90,4.8,18.51,0
516336,oncoming_trucks.90,4.8,18.75,0
516337,oncoming_trucks.90,4.7,19.08,0
516338,oncoming_trucks.90,4.6,19.5,0
516339,oncoming_trucks.90,4.5,20.03,0
516340,oncoming_trucks.90,4.3,20.67,0
516341,oncoming_trucks.90,4.2,21.43,0
516342,oncoming_trucks.90,4.0,22.34,0
516343,oncoming_trucks.90,3.8,23.41,0
516483,oncoming_sedans.245,2.7,33.63,0
516484,oncoming_sedans.245,2.9,31.31,0
516485,oncoming_sedans.245,3.1,29.3,0
516486,oncoming_sedans.245,3.2,27.53,0
516487,oncoming_sedans.245,3.4,25.99,0
516488,oncoming_sedans.245,3.6,24.65,0
516489,oncoming_sedans.245,3.8,23.47,0
516490,oncoming_sedans.245,4.0,22.44,0
516491,oncoming_sedans.245,4.2,21.55,0
516492,oncoming_sedans.245,4.3,20.78,0
516493,oncoming_sedans.245,4.4,20.12,0
516494,oncoming_sedans.245,4.6,19.57,0
516495,oncoming_sedans.245,4.7,19.11,0
516496,oncoming_sedans.245,4.8,18.74,0
516497,oncoming_sedans.245,4.8,18.45,0
516498,oncoming_sedans.245,4.9,18.25,0
516499,oncoming_sedans.245,4.9,18.13,0
516500,oncoming_sedans.245,4.9,18.09,0
516501,oncoming_sedans.245,4.9,18.13,0
516502,oncoming_sedans.245,4.9,18.25,0
516503,oncoming_sedans.245,4.8,18.46,0
516504,oncoming_sedans.245,4.8,18.75,0
516505,oncoming_sedans.245,4.7,19.13,0
516506,oncoming_sedans.245,4.6,19.61,0
516507,oncoming_sedans.245,4.4,20.19,0
516508,oncoming_sedans.245,4.3,20.87,0
516543,oncoming_trucks.92,1.0,86.29,0
516544,oncoming_trucks.92,0.9,101.17,0
516545,oncoming_trucks.92,0.7,120.59,0
516546,oncoming_trucks.92,0.6,146.71,0
516547,oncoming_trucks.92,0.5,183.31,0
516548,oncoming_trucks.92,0.4,237.57,0
516549,oncoming_trucks.92,0.3,325.06,0
519388,school_buses.18,1.8,50.28,0
519389,school_buses.18,1.9,46.44,0
519390,school_buses.18,2.1,43.12,0
519391,school_buses.18,2.2,40.22,0
519392,school_buses.18,2.4,37.67,0
519393,school_buses.18,2.5,35.43,0
519394,school_buses.18,2.7,33.45,0
519395,school_buses.18,2.8,31.69,0
519396,school_buses.18,3.0,30.13,0
519397,school_buses.18,3.1,28.73,0
519398,school_buses.18,3.3,27.49,0
519399,school_buses.18,3.4,26.38,0
519400,school_buses.18,3.5,25.39,0
519401,school_buses.18,3.6,24.52,0
519402,school_buses.18,3.8,23.74,0
519403,school_buses.18,3.9,23.05,0
519404,school_buses.18,4.0,22.46,0
519405,school_buses.18,4.1,21.94,0
519406,school_buses.18,4.2,21.5,0
519407,school_buses.18,4.2,21.14,0
519408,school_buses.18,4.3,20.85,0
519409,school_buses.18,4.3,20.64,0
519410,school_buses.18,4.4,20.5,0
519411,school_buses.18,4.4,20.44,0
519412,school_buses.18,4.4,20.46,0
519413,school_buses.18,4.4,20.56,0
519414,school_buses.18,4.3,20.75,0
519415,school_buses.18,4.3,21.04,0
519416,school_buses.18,4.2,21.43,0
519417,school_buses.18,4.1,21.94,0
519418,school_buses.18,4.0,22.57,0
519419,school_buses.18,3.8,23.36,0
519420,school_buses.18,3.7,24.3,0
519421,school_buses.18,3.5,25.44,0
519422,school_buses.18,3.3,26.8,0
519423,school_buses.18,3.1,28.43,0
519424,school_buses.18,2.9,30.36,0
519425,school_buses.18,2.7,32.67,0
519426,school_buses.18,2.5,35.43,0
519427,school_buses.18,2.3,38.75,0
519428,school_buses.18,2.1,42.73,0
519429,school_buses.18,1.9,47.52,0
519430,school_buses.18,1.7,53.35,0
519431,school_buses.18,1.5,60.52,0
519432,school_buses.18,1.3,69.45,0
519433,school_buses.18,1.1,80.76,0
519434,school_buses.18,0.9,95.39,0
519435,school_buses.18,0.8,114.83,0
519436,school_buses.18,0.6,141.6,0
519437,school_buses.18,0.5,180.3,0
519438,school_buses.18,0.4,240.33,0
519439,school_buses.18,0.3,344.29,0
519544,oncoming_trucks.92,0.2,397.74,0
519545,oncoming_trucks.92,0.3,296.45,0
519546,oncoming_trucks.92,0.4,230.13,0
519547,oncoming_trucks.92,0.5,184.35,0
519548,oncoming_trucks.92,0.6,151.42,0
519549,oncoming_trucks.92,0.7,126.93,0
519550,oncoming_trucks.92,0.8,108.22,0
519551,oncoming_trucks.92,1.0,93.6,0
519552,oncoming_trucks.92,1.1,81.97,0
519553,oncoming_trucks.92,1.2,72.56,0
519554,oncoming_trucks.92,1.4,64.84,0
519555,oncoming_trucks.92,1.5,58.43,0
519556,oncoming_trucks.92,1.7,53.05,0
519557,oncoming_trucks.92,1.8,48.5,0
519558,oncoming_trucks.92,2.0,44.61,0
519559,oncoming_trucks.92,2.2,41.27,0
519560,oncoming_trucks.92,2.3,38.37,0
519561,oncoming_trucks.92,2.5,35.86,0
519562,oncoming_trucks.92,2.7,33.66,0
519563,oncoming_trucks.92,2.8,31.74,0
519564,oncoming_trucks.92,3.0,30.04,0
519565,oncoming_trucks.92,3.1,28.55,0
519566,oncoming_trucks.92,3.3,27.23,0
519567,oncoming_trucks.92,3.4,26.07,0
519568,oncoming_trucks.92,3.6,25.04,0
519569,oncoming_trucks.92,3.7,24.14,0
519570,oncoming_trucks.92,3.8,23.36,0
519571,oncoming_trucks.92,3.9,22.67,0
519572,oncoming_trucks.92,4.1,22.08,0
519573,oncoming_trucks.92,4.1,21.58,0
519574,oncoming_trucks.92,4.2,21.17,0
519575,oncoming_trucks.92,4.3,20.83,0
519576,oncoming_trucks.92,4.3,20.58,0
519577,oncoming_trucks.92,4.4,20.4,0
519578,oncoming_trucks.92,4.4,20.3,0
519579,oncoming_trucks.92,4.4,20.29,0
519580,oncoming_trucks.92,4.4,20.35,0
519581,oncoming_trucks.92,4.4,20.5,0
519582,oncoming_trucks.92,4.3,20.74,0
519583,oncoming_trucks.92,4.2,21.08,0
519584,oncoming_trucks.92,4.2,21.52,0
519585,oncoming_trucks.92,4.1,22.08,0
519586,oncoming_trucks.92,3.9,22.76,0
519587,oncoming_trucks.92,3.8,23.58,0
519588,oncoming_trucks.92,3.6,24.56,0
522433,school_buses.18,0.2,366.62,0
522434,school_buses.18,0.3,274.78,0
522435,school_buses.18,0.4,214.62,0
522436,school_buses.18,0.5,173.01,0
522437,school_buses.18,0.6,143.01,0
522438,school_buses.18,0.7,120.64,0
522439,school_buses.18,0.9,103.5,0
522440,school_buses.18,1.0,90.06,0
522441,school_buses.18,1.1,79.32,0
522442,school_buses.18,1.3,70.59,0
522443,school_buses.18,1.4,63.41,0
522444,school_buses.18,1.6,57.41,0
522445,school_buses.18,1.7,52.36,0
522446,school_buses.18,1.9,48.06,0
522447,school_buses.18,2.0,44.37,0
522448,school_buses.18,2.2,41.18,0
522449,school_buses.18,2.3,38.41,0
522450,school_buses.18,2.5,35.98,0
522451,school_buses.18,2.6,33.85,0
522452,school_buses.18,2.8,31.97,0
522453,school_buses.18,3.0,30.31,0
522454,school_buses.18,3.1,28.84,0
522455,school_buses.18,3.3,27.53,0
522456,school_buses.18,3.4,26.36,0
522457,school_buses.18,3.5,25.33,0
522458,school_buses.18,3.7,24.41,0
522459,school_buses.18,3.8,23.6,0
522460,school_buses.18,3.9,22.88,0
522461,school_buses.18,4.0,22.26,0
522462,school_buses.18,4.1,21.72,0
522463,school_buses.18,4.2,21.26,0
522464,school_buses.18,4.3,20.88,0
522465,school_buses.18,4.3,20.58,0
522466,school_buses.18,4.4,20.35,0
522467,school_buses.18,4.4,20.19,0
522468,school_buses.18,4.4,20.12,0
522469,school_buses.18,4.4,20.12,0
522470,school_buses.18,4.4,20.2,0
522471,school_buses.18,4.4,20.38,0
522472,school_buses.18,4.3,20.65,0
522473,school_buses.18,4.3,21.02,0
522474,school_buses.18,4.2,21.5,0
522475,school_buses.18,4.0,22.11,0
522628,oncoming_sedans.247,2.3,39.44,0
522629,oncoming_sedans.247,2.4,36.82,0
522630,oncoming_sedans.247,2.6,34.53,0
522631,oncoming_sedans.247,2.8,32.52,0
522632,oncoming_sedans.247,2.9,30.75,0
522633,oncoming_sedans.247,3.1,29.19,0
522634,oncoming_sedans.247,3.2,27.81,0
522635,oncoming_sedans.247,3.4,26.59,0
522636,oncoming_sedans.247,3.5,25.52,0
522637,oncoming_sedans.247,3.6,24.58,0
522638,oncoming_sedans.247,3.8,23.75,0
522639,oncoming_sedans.247,3.9,23.04,0
522640,oncoming_sedans.247,4.0,22.42,0
522641,oncoming_sedans.247,4.1,21.9,0
522642,oncoming_sedans.247,4.2,21.47,0
522643,oncoming_sedans.247,4.2,21.13,0
522644,oncoming_sedans.247,4.3,20.87,0
522645,oncoming_sedans.247,4.3,20.7,0
522646,oncoming_sedans.247,4.3,20.6,0
522647,oncoming_sedans.247,4.3,20.59,0
522648,oncoming_sedans.247,4.3,20.67,0
522649,oncoming_sedans.247,4.3,20.83,0
522650,oncoming_sedans.247,4.2,21.09,0
522651,oncoming_sedans.247,4.2,21.44,0
522652,oncoming_sedans.247,4.1,21.9,0
522653,oncoming_sedans.247,4.0,22.47,0
522654,oncoming_sedans.247,3.9,23.17,0
522655,oncoming_sedans.247,3.7,24.0,0
522656,oncoming_sedans.247,3.6,24.98,0
522657,oncoming_sedans.247,3.4,26.13,0
525511,oncoming_sedans.246,1.5,59.23,0
525512,oncoming_sedans.246,1.7,53.99,0
525513,oncoming_sedans.246,1.8,49.51,0
525514,oncoming_sedans.246,2.0,45.65,0
525515,oncoming_sedans.246,2.1,42.31,0
525516,oncoming_sedans.246,2.3,39.4,0
525517,oncoming_sedans.246,2.4,36.86,0
525518,oncoming_sedans.246,2.6,34.63,0
525519,oncoming_sedans.246,2.7,32.67,0
525520,oncoming_sedans.246,2.9,30.95,0
525521,oncoming_sedans.246,3.0,29.43,0
525522,oncoming_sedans.246,3.2,28.08,0
525523,oncoming_sedans.246,3.3,26.9,0
525524,oncoming_sedans.246,3.5,25.86,0
525525,oncoming_sedans.246,3.6,24.95,0
525526,oncoming_sedans.246,3.7,24.16,0
525527,oncoming_sedans.246,3.8,23.47,0
525528,oncoming_sedans.246,3.9,22.89,0
525529,oncoming_sedans.246,4.0,22.4,0
525530,oncoming_sedans.246,4.1,22.0,0
525531,oncoming_sedans.246,4.1,21.69,0
525532,oncoming_sedans.246,4.2,21.47,0
525533,oncoming_sedans.246,4.2,21.33,0
525534,oncoming_sedans.246,4.2,21.28,0
525535,oncoming_sedans.246,4.2,21.31,0
525536,oncoming_sedans.246,4.2,21.44,0
525537,oncoming_sedans.246,4.1,21.65,0
525538,oncoming_sedans.246,4.1,21.97,0
525539,oncoming_sedans.246,4.0,22.38,0
525540,oncoming_sedans.246,3.9,22.91,0
525541,oncoming_sedans.246,3.8,23.56,0
525542,oncoming_sedans.246,3.7,24.34,0
525543,oncoming_sedans.246,3.5,25.26,0
525698,oncoming_trucks.93,1.8,50.18,0
525699,oncoming_trucks.93,1.9,46.36,0
525700,oncoming_trucks.93,2.1,43.05,0
525701,oncoming_trucks.93,2.2,40.15,0
525702,oncoming_trucks.93,2.4,37.61,0
525703,oncoming_trucks.93,2.5,35.38,0
525704,oncoming_trucks.93,2.7,33.4,0
525705,oncoming_trucks.93,2.8,31.64,0
525706,oncoming_trucks.93,3.0,30.09,0
525707,oncoming_trucks.93,3.1,28.7,0
525708,oncoming_trucks.93,3.3,27.46,0
525709,oncoming_trucks.93,3.4,26.36,0
525710,oncoming_trucks.93,3.5,25.39,0
525711,oncoming_trucks.93,3.6,24.52,0
525712,oncoming_trucks.93,3.8,23.76,0
525713,oncoming_trucks.93,3.9,23.08,0
525714,oncoming_trucks.93,4.0,22.5,0
525715,oncoming_trucks.93,4.1,22.0,0
525716,oncoming_trucks.93,4.1,21.58,0
525717,oncoming_trucks.93,4.2,21.24,0
525718,oncoming_trucks.93,4.3,20.97,0
525719,oncoming_trucks.93,4.3,20.78,0
525720,oncoming_trucks.93,4.3,20.66,0
525721,oncoming_trucks.93,4.3,20.63,0
525722,oncoming_trucks.93,4.3,20.67,0
525723,oncoming_trucks.93,4.3,20.79,0
525724,oncoming_trucks.93,4.3,21.01,0
525725,oncoming_trucks.93,4.2,21.32,0
525726,oncoming_trucks.93,4.1,21.73,0
525727,oncoming_trucks.93,4.0,22.26,0
525728,oncoming_trucks.93,3.9,22.92,0
525729,oncoming_trucks.93,3.8,23.72,0
525730,oncoming_trucks.93,3.6,24.68,0
525731,oncoming_trucks.93,3.5,25.82,0
525732,oncoming_trucks.93,3.3,27.17,0
525733,oncoming_trucks.93,3.1,28.76,0
525734,oncoming_trucks.93,2.9,30.64,0
525735,oncoming_trucks.93,2.7,32.84,0
528590,oncoming_sedans.248,2.1,42.37,0
528591,oncoming_sedans.248,2.3,38.98,0
528592,oncoming_sedans.248,2.5,36.05,0
528593,oncoming_sedans.248,2.7,33.5,0
528594,oncoming_sedans.248,2.9,31.28,0
528595,oncoming_sedans.248,3.0,29.34,0
528596,oncoming_sedans.248,3.2,27.63,0
528597,oncoming_sedans.248,3.4,26.14,0
528598,oncoming_sedans.248,3.6,24.83,0
528599,oncoming_sedans.248,3.8,23.68,0
528600,oncoming_sedans.248,3.9,22.68,0
528601,oncoming_sedans.248,4.1,21.81,0
528602,oncoming_sedans.248,4.2,21.06,0
528603,oncoming_sedans.248,4.4,20.42,0
528604,oncoming_sedans.248,4.5,19.88,0
528605,oncoming_sedans.248,4.6,19.44,0
528606,oncoming_sedans.248,4.7,19.09,0
528607,oncoming_sedans.248,4.8,18.84,0
528608,oncoming_sedans.248,4.8,18.66,0
528609,oncoming_sedans.248,4.8,18.58,0
528610,oncoming_sedans.248,4.8,18.57,0
528611,oncoming_sedans.248,4.8,18.66,0
528612,oncoming_sedans.248,4.8,18.83,0
528613,oncoming_sedans.248,4.7,19.09,0
528614,oncoming_sedans.248,4.6,19.45,0
528615,oncoming_sedans.248,4.5,19.9,0
528616,oncoming_sedans.248,4.4,20.46,0
528617,oncoming_sedans.248,4.2,21.12,0
528658,oncoming_sedans.249,0.3,314.02,0
528659,oncoming_sedans.249,0.2,371.76,0
528774,oncoming_sedans.250,3.0,29.43,0
528775,oncoming_sedans.250,3.2,28.15,0
528776,oncoming_sedans.250,3.3,27.03,0
528777,oncoming_sedans.250,3.4,26.03,0
528778,oncoming_sedans.250,3.6,25.16,0
528779,oncoming_sedans.250,3.7,24.4,0
528780,oncoming_sedans.250,3.8,23.74,0
528781,oncoming_sedans.250,3.9,23.18,0
528782,oncoming_sedans.250,3.9,22.71,0
528783,oncoming_sedans.250,4.0,22.33,0
528784,oncoming_sedans.250,4.1,22.04,0
528785,oncoming_sedans.250,4.1,21.83,0
528786,oncoming_sedans.250,4.1,21.7,0
528787,oncoming_sedans.250,4.1,21.66,0
528788,oncoming_sedans.250,4.1,21.71,0
528789,oncoming_sedans.250,4.1,21.84,0
528790,oncoming_sedans.250,4.1,22.07,0
528791,oncoming_sedans.250,4.0,22.39,0
528792,oncoming_sedans.250,3.9,22.82,0
528793,oncoming_sedans.250,3.8,23.36,0
528794,oncoming_sedans.250,3.7,24.02,0
528795,oncoming_sedans.250,3.6,24.81,0
528796,oncoming_sedans.250,3.5,25.75,0
528797,oncoming_sedans.250,3.3,26.85,0
528798,oncoming_sedans.250,3.2,28.13,0
528799,oncoming_sedans.250,3.0,29.62,0
528800,oncoming_sedans.250,2.9,31.34,0
528801,oncoming_sedans.250,2.7,33.33,0
528802,oncoming_sedans.250,2.5,35.64,0
528803,oncoming_sedans.250,2.3,38.3,0
528804,oncoming_sedans.250,2.2,41.4,0
528805,oncoming_sedans.250,2.0,45.01,0
531657,oncoming_sedans.249,0.3,346.3,0
531658,oncoming_sedans.249,0.3,258.05,0
531659,oncoming_sedans.249,0.5,198.57,0
531660,oncoming_sedans.249,0.6,156.9,0
531661,oncoming_sedans.249,0.7,126.77,0
531662,oncoming_sedans.249,0.9,104.38,0
531663,oncoming_sedans.249,1.0,87.36,0
531664,oncoming_sedans.249,1.2,74.17,0
531665,oncoming_sedans.249,1.4,63.76,0
531666,oncoming_sedans.249,1.6,55.43,0
531667,oncoming_sedans.249,1.8,48.67,0
531668,oncoming_sedans.249,2.1,43.11,0
531669,oncoming_sedans.249,2.3,38.49,0
531670,oncoming_sedans.249,2.6,34.62,0
531671,oncoming_sedans.249,2.9,31.35,0
531672,oncoming_sedans.249,3.1,28.56,0
531673,oncoming_sedans.249,3.4,26.17,0
531674,oncoming_sedans.249,3.7,24.1,0
531675,oncoming_sedans.249,4.0,22.3,0
531676,oncoming_sedans.249,4.3,20.74,0
531677,oncoming_sedans.249,4.6,19.36,0
531678,oncoming_sedans.249,4.9,18.16,0
531679,oncoming_sedans.249,5.2,17.09,0
531680,oncoming_sedans.249,5.5,16.15,0
531681,oncoming_sedans.249,5.8,15.32,0
531682,oncoming_sedans.249,6.1,14.58,0
531683,oncoming_sedans.249,6.4,13.93,0
531684,oncoming_sedans.249,6.7,13.36,0
531685,oncoming_sedans.249,7.0,12.85,0
531686,oncoming_sedans.249,7.2,12.41,0
531687,oncoming_sedans.249,7.4,12.02,0
531712,oncoming_trucks.94,7.4,12.03,0
531713,oncoming_trucks.94,7.5,11.93,0
531714,oncoming_trucks.94,7.5,11.86,0
531715,oncoming_trucks.94,7.6,11.83,0
531716,oncoming_trucks.94,7.6,11.83,0
531717,oncoming_trucks.94,7.5,11.88,0
531718,oncoming_trucks.94,7.5,11.96,0
531719,oncoming_trucks.94,7.4,12.09,0
531720,oncoming_trucks.94,7.3,12.26,0
531721,oncoming_trucks.94,7.2,12.49,0
531722,oncoming_trucks.94,7.0,12.77,0
531723,oncoming_trucks.94,6.8,13.11,0
531724,oncoming_trucks.94,6.6,13.51,0
531725,oncoming_trucks.94,6.4,14.0,0
531726,oncoming_trucks.94,6.1,14.57,0
531727,oncoming_trucks.94,5.9,15.23,0
531728,oncoming_trucks.94,5.6,16.0,0
531729,oncoming_trucks.94,5.3,16.89,0
531730,oncoming_trucks.94,5.0,17.93,0
531731,oncoming_trucks.94,4.7,19.13,0
531852,oncoming_sedans.251,3.5,25.71,0
531853,oncoming_sedans.251,3.6,24.61,0
531854,oncoming_sedans.251,3.8,23.63,0
531855,oncoming_sedans.251,3.9,22.77,0
531856,oncoming_sedans.251,4.1,22.01,0
531857,oncoming_sedans.251,4.2,21.34,0
531858,oncoming_sedans.251,4.3,20.77,0
531859,oncoming_sedans.251,4.4,20.27,0
531860,oncoming_sedans.251,4.5,19.86,0
531861,oncoming_sedans.251,4.6,19.52,0
531862,oncoming_sedans.251,4.6,19.26,0
531863,oncoming_sedans.251,4.7,19.07,0
531864,oncoming_sedans.251,4.7,18.95,0
531865,oncoming_sedans.251,4.7,18.9,0
531866,oncoming_sedans.251,4.7,18.93,0
531867,oncoming_sedans.251,4.7,19.03,0
531868,oncoming_sedans.251,4.7,19.21,0
531869,oncoming_sedans.251,4.6,19.47,0
531870,oncoming_sedans.251,4.5,19.81,0
531871,oncoming_sedans.251,4.4,20.25,0
531872,oncoming_sedans.251,4.3,20.78,0
531873,oncoming_sedans.251,4.2,21.42,0
531874,oncoming_sedans.251,4.0,22.18,0
531875,oncoming_sedans.251,3.9,23.06,0
531876,oncoming_sedans.251,3.7,24.09,0
531877,oncoming_sedans.251,3.5,25.28,0
534769,oncoming_sedans.252,2.1,43.44,0
534770,oncoming_sedans.252,2.2,40.3,0
534771,oncoming_sedans.252,2.4,37.56,0
534772,oncoming_sedans.252,2.5,35.17,0
534773,oncoming_sedans.252,2.7,33.08,0
534774,oncoming_sedans.252,2.9,31.24,0
534775,oncoming_sedans.252,3.0,29.61,0
534776,oncoming_sedans.252,3.2,28.18,0
534777,oncoming_sedans.252,3.3,26.92,0
534778,oncoming_sedans.252,3.5,25.81,0
534779,oncoming_sedans.252,3.6,24.84,0
534780,oncoming_sedans.252,3.7,23.99,0
534781,oncoming_sedans.252,3.8,23.24,0
534782,oncoming_sedans.252,4.0,22.61,0
534783,oncoming_sedans.252,4.1,22.07,0
534784,oncoming_sedans.252,4.1,21.62,0
534785,oncoming_sedans.252,4.2,21.26,0
534786,oncoming_sedans.252,4.3,20.99,0
534787,oncoming_sedans.252,4.3,20.8,0
534788,oncoming_sedans.252,4.3,20.69,0
534789,oncoming_sedans.252,4.3,20.67,0
534790,oncoming_sedans.252,4.3,20.73,0
534791,oncoming_sedans.252,4.3,20.88,0
534792,oncoming_sedans.252,4.2,21.12,0
534793,oncoming_sedans.252,4.2,21.47,0
534794,oncoming_sedans.252,4.1,21.91,0
534795,oncoming_sedans.252,4.0,22.47,0
534796,oncoming_sedans.252,3.9,23.16,0
534797,oncoming_sedans.252,3.7,23.97,0
534798,oncoming_sedans.252,3.6,24.94,0
534799,oncoming_sedans.252,3.4,26.07,0
534916,oncoming_sedans.253,2.1,43.31,0
534917,oncoming_sedans.253,2.2,40.22,0
534918,oncoming_sedans.253,2.4,37.52,0
534919,oncoming_sedans.253,2.5,35.16,0
534920,oncoming_sedans.253,2.7,33.1,0
534921,oncoming_sedans.253,2.9,31.28,0
534922,oncoming_sedans.253,3.0,29.69,0
534923,oncoming_sedans.253,3.2,28.29,0
534924,oncoming_sedans.253,3.3,27.07,0
534925,oncoming_sedans.253,3.4,26.0,0
534926,oncoming_sedans.253,3.6,25.08,0
534927,oncoming_sedans.253,3.7,24.28,0
534928,oncoming_sedans.253,3.8,23.61,0
534929,oncoming_sedans.253,3.9,23.04,0
534930,oncoming_sedans.253,4.0,22.59,0
534931,oncoming_sedans.253,4.0,22.23,0
534932,oncoming_sedans.253,4.1,21.96,0
534933,oncoming_sedans.253,4.1,21.79,0
534934,oncoming_sedans.253,4.1,21.71,0
534935,oncoming_sedans.253,4.1,21.73,0
534936,oncoming_sedans.253,4.1,21.83,0
534937,oncoming_sedans.253,4.1,22.04,0
534938,oncoming_sedans.253,4.0,22.33,0
534939,oncoming_sedans.253,3.9,22.73,0
534940,oncoming_sedans.253,3.9,23.24,0
534941,oncoming_sedans.253,3.8,23.85,0
534942,oncoming_sedans.253,3.6,24.59,0
534943,oncoming_sedans.253,3.5,25.46,0
534944,oncoming_sedans.253,3.4,26.46,0
534945,oncoming_sedans.253,3.2,27.62,0
534946,oncoming_sedans.253,3.1,28.95,0
534947,oncoming_sedans.253,2.9,30.46,0
537837,oncoming_sedans.254,2.1,43.01,0
537838,oncoming_sedans.254,2.2,40.02,0
537839,oncoming_sedans.254,2.4,37.4,0
537840,oncoming_sedans.254,2.5,35.1,0
537841,oncoming_sedans.254,2.7,33.08,0
537842,oncoming_sedans.254,2.9,31.29,0
537843,oncoming_sedans.254,3.0,29.71,0
537844,oncoming_sedans.254,3.2,28.32,0
537845,oncoming_sedans.254,3.3,27.09,0
537846,oncoming_sedans.254,3.4,26.0,0
537847,oncoming_sedans.254,3.6,25.05,0
537848,oncoming_sedans.254,3.7,24.22,0
537849,oncoming_sedans.254,3.8,23.49,0
537850,oncoming_sedans.254,3.9,22.88,0
537851,oncoming_sedans.254,4.0,22.36,0
537852,oncoming_sedans.254,4.1,21.93,0
537853,oncoming_sedans.254,4.1,21.59,0
537854,oncoming_sedans.254,4.2,21.33,0
537855,oncoming_sedans.254,4.2,21.16,0
537856,oncoming_sedans.254,4.2,21.07,0
537857,oncoming_sedans.254,4.2,21.07,0
537858,oncoming_sedans.254,4.2,21.15,0
537859,oncoming_sedans.254,4.2,21.32,0
537860,oncoming_sedans.254,4.1,21.58,0
537861,oncoming_sedans.254,4.1,21.94,0
537862,oncoming_sedans.254,4.0,22.4,0
537863,oncoming_sedans.254,3.9,22.97,0
537864,oncoming_sedans.254,3.8,23.66,0
537865,oncoming_sedans.254,3.7,24.48,0
537866,oncoming_sedans.254,3.5,25.44,0
537867,oncoming_sedans.254,3.4,26.56,0
537998,oncoming_trucks.95,2.3,39.49,0
537999,oncoming_trucks.95,2.4,36.71,0
538000,oncoming_trucks.95,2.6,34.27,0
538001,oncoming_trucks.95,2.8,32.14,0
538002,oncoming_trucks.95,3.0,30.26,0
538003,oncoming_trucks.95,3.1,28.6,0
538004,oncoming_trucks.95,3.3,27.14,0
538005,oncoming_trucks.95,3.5,25.83,0
538006,oncoming_trucks.95,3.6,24.68,0
538007,oncoming_trucks.95,3.8,23.65,0
538008,oncoming_trucks.95,3.9,22.74,0
538009,oncoming_trucks.95,4.1,21.93,0
538010,oncoming_trucks.95,4.2,21.22,0
538011,oncoming_trucks.95,4.3,20.6,0
538012,oncoming_trucks.95,4.5,20.05,0
538013,oncoming_trucks.95,4.6,19.59,0
538014,oncoming_trucks.95,4.7,19.19,0
538015,oncoming_trucks.95,4.7,18.87,0
538016,oncoming_trucks.95,4.8,18.61,0
538017,oncoming_trucks.95,4.9,18.42,0
538018,oncoming_trucks.95,4.9,18.3,0
538019,oncoming_trucks.95,4.9,18.24,0
538020,oncoming_trucks.95,4.9,18.26,0
538021,oncoming_trucks.95,4.9,18.34,0
538022,oncoming_trucks.95,4.8,18.5,0
538023,oncoming_trucks.95,4.8,18.75,0
538024,oncoming_trucks.95,4.7,19.08,0
538025,oncoming_trucks.95,4.6,19.5,0
538026,oncoming_trucks.95,4.5,20.02,0
538027,oncoming_trucks.95,4.3,20.66,0
538028,oncoming_trucks.95,4.2,21.43,0
538029,oncoming_trucks.95,4.0,22.34,0
538030,oncoming_trucks.95,3.8,23.41,0
540907,oncoming_trucks.97,1.8,50.31,0
540908,oncoming_trucks.97,1.9,46.45,0
540909,oncoming_trucks.97,2.1,43.1,0
540910,oncoming_trucks.97,2.2,40.19,0
540911,oncoming_trucks.97,2.4,37.64,0
540912,oncoming_trucks.97,2.5,35.4,0
540913,oncoming_trucks.97,2.7,33.43,0
540914,oncoming_trucks.97,2.8,31.69,0
540915,oncoming_trucks.97,3.0,30.15,0
540916,oncoming_trucks.97,3.1,28.78,0
540917,oncoming_trucks.97,3.2,27.57,0
540918,oncoming_trucks.97,3.4,26.5,0
540919,oncoming_trucks.97,3.5,25.56,0
540920,oncoming_trucks.97,3.6,24.73,0
540921,oncoming_trucks.97,3.7,24.0,0
540922,oncoming_trucks.97,3.8,23.37,0
540923,oncoming_trucks.97,3.9,22.84,0
540924,oncoming_trucks.97,4.0,22.39,0
540925,oncoming_trucks.97,4.1,22.02,0
540926,oncoming_trucks.97,4.1,21.74,0
540927,oncoming_trucks.97,4.2,21.53,0
540928,oncoming_trucks.97,4.2,21.41,0
540929,oncoming_trucks.97,4.2,21.37,0
540930,oncoming_trucks.97,4.2,21.4,0
540931,oncoming_trucks.97,4.2,21.53,0
540932,oncoming_trucks.97,4.1,21.74,0
540933,oncoming_trucks.97,4.1,22.05,0
540934,oncoming_trucks.97,4.0,22.47,0
540935,oncoming_trucks.97,3.9,22.99,0
540936,oncoming_trucks.97,3.8,23.64,0
540937,oncoming_trucks.97,3.7,24.42,0
540938,oncoming_trucks.97,3.5,25.35,0
540939,oncoming_trucks.97,3.4,26.45,0
540940,oncoming_trucks.97,3.2,27.75,0
540941,oncoming_trucks.97,3.1,29.26,0
540942,oncoming_trucks.97,2.9,31.03,0
540943,oncoming_trucks.97,2.7,33.09,0
540944,oncoming_trucks.97,2.5,35.5,0
540945,oncoming_trucks.97,2.3,38.31,0
540946,oncoming_trucks.97,2.2,41.61,0
541071,oncoming_sedans.256,2.1,42.54,0
541072,oncoming_sedans.256,2.3,39.53,0
541073,oncoming_sedans.256,2.4,36.9,0
541074,oncoming_sedans.256,2.6,34.6,0
541075,oncoming_sedans.256,2.7,32.58,0
541076,oncoming_sedans.256,2.9,30.8,0
541077,oncoming_sedans.256,3.1,29.23,0
541078,oncoming_sedans.256,3.2,27.85,0
541079,oncoming_sedans.256,3.4,26.63,0
541080,oncoming_sedans.256,3.5,25.55,0
541081,oncoming_sedans.256,3.6,24.61,0
541082,oncoming_sedans.256,3.8,23.78,0
541083,oncoming_sedans.256,3.9,23.06,0
541084,oncoming_sedans.256,4.0,22.45,0
541085,oncoming_sedans.256,4.1,21.93,0
541086,oncoming_sedans.256,4.2,21.5,0
541087,oncoming_sedans.256,4.2,21.15,0
541088,oncoming_sedans.256,4.3,20.89,0
541089,oncoming_sedans.256,4.3,20.72,0
541090,oncoming_sedans.256,4.3,20.62,0
541091,oncoming_sedans.256,4.3,20.61,0
541092,oncoming_sedans.256,4.3,20.69,0
541093,oncoming_sedans.256,4.3,20.85,0
541094,oncoming_sedans.256,4.2,21.11,0
541095,oncoming_sedans.256,4.2,21.46,0
541096,oncoming_sedans.256,4.1,21.92,0
541097,oncoming_sedans.256,4.0,22.5,0
541098,oncoming_sedans.256,3.9,23.19,0
541099,oncoming_sedans.256,3.7,24.03,0
541100,oncoming_sedans.256,3.6,25.01,0
541101,oncoming_sedans.256,3.4,26.16,0
543994,oncoming_sedans.264,3.5,25.22,0
543995,oncoming_sedans.264,3.7,24.14,0
543996,oncoming_sedans.264,3.9,23.18,0
543997,oncoming_sedans.264,4.0,22.33,0
543998,oncoming_sedans.264,4.1,21.59,0
543999,oncoming_sedans.264,4.3,20.93,0
544000,oncoming_sedans.264,4.4,20.36,0
544001,oncoming_sedans.264,4.5,19.88,0
544002,oncoming_sedans.264,4.6,19.47,0
544003,oncoming_sedans.264,4.7,19.13,0
544004,oncoming_sedans.264,4.7,18.87,0
544005,oncoming_sedans.264,4.8,18.68,0
544006,oncoming_sedans.264,4.8,18.56,0
544007,oncoming_sedans.264,4.8,18.51,0
544008,oncoming_sedans.264,4.8,18.53,0
544009,oncoming_sedans.264,4.8,18.62,0
544010,oncoming_sedans.264,4.8,18.8,0
544011,oncoming_sedans.264,4.7,19.06,0
544012,oncoming_sedans.264,4.6,19.4,0
544013,oncoming_sedans.264,4.5,19.84,0
544014,oncoming_sedans.264,4.4,20.38,0
544015,oncoming_sedans.264,4.3,21.04,0
544016,oncoming_sedans.264,4.1,21.81,0
544017,oncoming_sedans.264,3.9,22.72,0
544018,oncoming_sedans.264,3.8,23.79,0
544139,oncoming_sedans.259,2.1,43.01,0
544140,oncoming_sedans.259,2.2,40.02,0
544141,oncoming_sedans.259,2.4,37.4,0
544142,oncoming_sedans.259,2.5,35.1,0
544143,oncoming_sedans.259,2.7,33.08,0
544144,oncoming_sedans.259,2.9,31.29,0
544145,oncoming_sedans.259,3.0,29.71,0
544146,oncoming_sedans.259,3.2,28.31,0
544147,oncoming_sedans.259,3.3,27.08,0
544148,oncoming_sedans.259,3.4,26.0,0
544149,oncoming_sedans.259,3.6,25.05,0
544150,oncoming_sedans.259,3.7,24.21,0
544151,oncoming_sedans.259,3.8,23.49,0
544152,oncoming_sedans.259,3.9,22.88,0
544153,oncoming_sedans.259,4.0,22.35,0
544154,oncoming_sedans.259,4.1,21.93,0
544155,oncoming_sedans.259,4.1,21.58,0
544156,oncoming_sedans.259,4.2,21.33,0
544157,oncoming_sedans.259,4.2,21.16,0
544158,oncoming_sedans.259,4.2,21.07,0
544159,oncoming_sedans.259,4.2,21.07,0
544160,oncoming_sedans.259,4.2,21.15,0
544161,oncoming_sedans.259,4.2,21.32,0
544162,oncoming_sedans.259,4.1,21.58,0
544163,oncoming_sedans.259,4.1,21.94,0
544164,oncoming_sedans.259,4.0,22.4,0
544165,oncoming_sedans.259,3.9,22.97,0
544166,oncoming_sedans.259,3.8,23.66,0
544167,oncoming_sedans.259,3.7,24.48,0
544168,oncoming_sedans.259,3.5,25.44,0
544169,oncoming_sedans.259,3.4,26.56,0
547062,oncoming_trucks.99,1.8,50.58,0
547063,oncoming_trucks.99,1.9,46.7,0
547064,oncoming_trucks.99,2.1,43.33,0
547065,oncoming_trucks.99,2.2,40.39,0
547066,oncoming_trucks.99,2.4,37.82,0
547067,oncoming_trucks.99,2.5,35.55,0
547068,oncoming_trucks.99,2.7,33.55,0
547069,oncoming_trucks.99,2.8,31.78,0
547070,oncoming_trucks.99,3.0,30.2,0
547071,oncoming_trucks.99,3.1,28.8,0
547072,oncoming_trucks.99,3.2,27.56,0
547073,oncoming_trucks.99,3.4,26.45,0
547074,oncoming_trucks.99,3.5,25.46,0
547075,oncoming_trucks.99,3.6,24.59,0
547076,oncoming_trucks.99,3.8,23.81,0
547077,oncoming_trucks.99,3.9,23.14,0
547078,oncoming_trucks.99,4.0,22.55,0
547079,oncoming_trucks.99,4.1,22.04,0
547080,oncoming_trucks.99,4.1,21.62,0
547081,oncoming_trucks.99,4.2,21.27,0
547082,oncoming_trucks.99,4.3,21.0,0
547083,oncoming_trucks.99,4.3,20.81,0
547084,oncoming_trucks.99,4.3,20.69,0
547085,oncoming_trucks.99,4.3,20.65,0
547086,oncoming_trucks.99,4.3,20.69,0
547087,oncoming_trucks.99,4.3,20.81,0
547088,oncoming_trucks.99,4.3,21.03,0
547089,oncoming_trucks.99,4.2,21.34,0
547090,oncoming_trucks.99,4.1,21.75,0
547091,oncoming_trucks.99,4.0,22.28,0
547092,oncoming_trucks.99,3.9,22.93,0
547093,oncoming_trucks.99,3.8,23.73,0
547094,oncoming_trucks.99,3.6,24.69,0
547095,oncoming_trucks.99,3.5,25.83,0
547096,oncoming_trucks.99,3.3,27.18,0
547097,oncoming_trucks.99,3.1,28.77,0
547098,oncoming_trucks.99,2.9,30.64,0
547099,oncoming_trucks.99,2.7,32.85,0
547210,school_buses.19,1.8,49.85,0
547211,school_buses.19,1.9,46.13,0
547212,school_buses.19,2.1,42.89,0
547213,school_buses.19,2.2,40.07,0
547214,school_buses.19,2.4,37.6,0
547215,school_buses.19,2.5,35.42,0
547216,school_buses.19,2.7,33.49,0
547217,school_buses.19,2.8,31.79,0
547218,school_buses.19,3.0,30.28,0
547219,school_buses.19,3.1,28.94,0
547220,school_buses.19,3.2,27.75,0
547221,school_buses.19,3.4,26.69,0
547222,school_buses.19,3.5,25.76,0
547223,school_buses.19,3.6,24.94,0
547224,school_buses.19,3.7,24.22,0
547225,school_buses.19,3.8,23.59,0
547226,school_buses.19,3.9,23.05,0
547227,school_buses.19,4.0,22.6,0
547228,school_buses.19,4.0,22.23,0
547229,school_buses.19,4.1,21.93,0
547230,school_buses.19,4.1,21.72,0
547231,school_buses.19,4.1,21.58,0
547232,school_buses.19,4.2,21.52,0
547233,school_buses.19,4.2,21.54,0
547234,school_buses.19,4.1,21.65,0
547235,school_buses.19,4.1,21.84,0
547236,school_buses.19,4.0,22.12,0
547237,school_buses.19,4.0,22.51,0
547238,school_buses.19,3.9,23.0,0
547239,school_buses.19,3.8,23.62,0
547240,school_buses.19,3.7,24.36,0
547241,school_buses.19,3.5,25.26,0
547242,school_buses.19,3.4,26.32,0
547243,school_buses.19,3.2,27.57,0
547244,school_buses.19,3.1,29.04,0
547245,school_buses.19,2.9,30.75,0
547246,school_buses.19,2.7,32.76,0
547247,school_buses.19,2.5,35.11,0
547248,school_buses.19,2.4,37.87,0
547249,school_buses.19,2.2,41.11,0
547250,school_buses.19,2.0,44.94,0
547251,school_buses.19,1.8,49.49,0
547252,school_buses.19,1.6,54.94,0
547253,school_buses.19,1.5,61.5,0
547254,school_buses.19,1.3,69.51,0
547255,school_buses.19,1.1,79.39,0
547256,school_buses.19,1.0,91.79,0
547257,school_buses.19,0.8,107.63,0
547258,school_buses.19,0.7,128.39,0
547259,school_buses.19,0.6,156.46,0
547260,school_buses.19,0.5,196.08,0
547261,school_buses.19,0.4,255.43,0
547262,school_buses.19,0.3,352.71,0
550138,oncoming_sedans.255,3.0,29.43,0
550139,oncoming_sedans.255,3.2,28.15,0
550140,oncoming_sedans.255,3.3,27.03,0
550141,oncoming_sedans.255,3.4,26.03,0
550142,oncoming_sedans.255,3.6,25.16,0
550143,oncoming_sedans.255,3.7,24.4,0
550144,oncoming_sedans.255,3.8,23.74,0
550145,oncoming_sedans.255,3.9,23.18,0
550146,oncoming_sedans.255,3.9,22.71,0
550147,oncoming_sedans.255,4.0,22.33,0
550148,oncoming_sedans.255,4.1,22.04,0
550149,oncoming_sedans.255,4.1,21.83,0
550150,oncoming_sedans.255,4.1,21.7,0
550151,oncoming_sedans.255,4.1,21.66,0
550152,oncoming_sedans.255,4.1,21.71,0
550153,oncoming_sedans.255,4.1,21.84,0
550154,oncoming_sedans.255,4.1,22.07,0
550155,oncoming_sedans.255,4.0,22.39,0
550156,oncoming_sedans.255,3.9,22.82,0
550157,oncoming_sedans.255,3.8,23.36,0
550158,oncoming_sedans.255,3.7,24.02,0
550159,oncoming_sedans.255,3.6,24.81,0
550160,oncoming_sedans.255,3.5,25.75,0
550161,oncoming_sedans.255,3.3,26.85,0
550162,oncoming_sedans.255,3.2,28.13,0
550163,oncoming_sedans.255,3.0,29.62,0
550164,oncoming_sedans.255,2.9,31.34,0
550165,oncoming_sedans.255,2.7,33.33,0
550166,oncoming_sedans.255,2.5,35.64,0
550167,oncoming_sedans.255,2.3,38.31,0
550168,oncoming_sedans.255,2.2,41.41,0
550169,oncoming_sedans.255,2.0,45.02,0
550265,school_buses.19,0.3,315.94,0
550266,school_buses.19,0.4,236.53,0
550267,school_buses.19,0.5,184.37,0
550268,school_buses.19,0.6,148.28,0
550269,school_buses.19,0.7,122.27,0
550270,school_buses.19,0.9,102.9,0
550271,school_buses.19,1.0,88.09,0
550272,school_buses.19,1.2,76.51,0
550273,school_buses.19,1.3,67.28,0
550274,school_buses.19,1.5,59.81,0
550275,school_buses.19,1.7,53.67,0
550276,school_buses.19,1.8,48.57,0
550277,school_buses.19,2.0,44.28,0
550278,school_buses.19,2.2,40.64,0
550279,school_buses.19,2.4,37.54,0
550280,school_buses.19,2.6,34.86,0
550281,school_buses.19,2.7,32.54,0
550282,school_buses.19,2.9,30.52,0
550283,school_buses.19,3.1,28.75,0
550284,school_buses.19,3.3,27.2,0
550285,school_buses.19,3.5,25.83,0
550286,school_buses.19,3.6,24.62,0
550287,school_buses.19,3.8,23.55,0
550288,school_buses.19,4.0,22.61,0
550289,school_buses.19,4.1,21.78,0
550290,school_buses.19,4.3,21.04,0
550291,school_buses.19,4.4,20.4,0
550292,school_buses.19,4.5,19.84,0
550293,school_buses.19,4.6,19.36,0
550294,school_buses.19,4.7,18.95,0
550295,school_buses.19,4.8,18.62,0
550296,school_buses.19,4.9,18.35,0
550297,school_buses.19,4.9,18.14,0
550298,school_buses.19,5.0,18.01,0
550299,school_buses.19,5.0,17.94,0
550300,school_buses.19,5.0,17.93,0
550301,school_buses.19,5.0,18.0,0
550302,school_buses.19,4.9,18.15,0
550303,school_buses.19,4.9,18.37,0
550304,school_buses.19,4.8,18.67,0
550336,oncoming_sedans.258,1.4,64.75,0
550337,oncoming_sedans.258,1.2,74.99,0
550338,oncoming_sedans.258,1.0,87.49,0
550339,oncoming_sedans.258,0.9,102.88,0
550340,oncoming_sedans.258,0.7,122.03,0
550341,oncoming_sedans.258,0.6,146.18,0
550342,oncoming_sedans.258,0.5,177.08,0
550343,oncoming_sedans.258,0.4,217.32,0
550344,oncoming_sedans.258,0.3,270.9,0
550345,oncoming_sedans.258,0.3,344.22,0
553216,oncoming_sedans.257,3.5,25.71,0
553217,oncoming_sedans.257,3.6,24.61,0
553218,oncoming_sedans.257,3.8,23.63,0
553219,oncoming_sedans.257,3.9,22.77,0
553220,oncoming_sedans.257,4.1,22.01,0
553221,oncoming_sedans.257,4.2,21.34,0
553222,oncoming_sedans.257,4.3,20.77,0
553223,oncoming_sedans.257,4.4,20.27,0
553224,oncoming_sedans.257,4.5,19.86,0
553225,oncoming_sedans.257,4.6,19.52,0
553226,oncoming_sedans.257,4.6,19.26,0
553227,oncoming_sedans.257,4.7,19.07,0
553228,oncoming_sedans.257,4.7,18.95,0
553229,oncoming_sedans.257,4.7,18.9,0
553230,oncoming_sedans.257,4.7,18.93,0
553231,oncoming_sedans.257,4.7,19.03,0
553232,oncoming_sedans.257,4.7,19.21,0
553233,oncoming_sedans.257,4.6,19.47,0
553234,oncoming_sedans.257,4.5,19.81,0
553235,oncoming_sedans.257,4.4,20.25,0
553236,oncoming_sedans.257,4.3,20.78,0
553237,oncoming_sedans.257,4.2,21.42,0
553238,oncoming_sedans.257,4.0,22.18,0
553239,oncoming_sedans.257,3.9,23.06,0
553240,oncoming_sedans.257,3.7,24.09,0
553241,oncoming_sedans.257,3.5,25.28,0
553337,oncoming_sedans.258,0.2,384.81,0
553338,oncoming_sedans.258,0.3,289.81,0
553339,oncoming_sedans.258,0.4,226.19,0
553340,oncoming_sedans.258,0.5,181.6,0
553341,oncoming_sedans.258,0.6,149.2,0
553342,oncoming_sedans.258,0.7,124.97,0
553343,oncoming_sedans.258,0.8,106.4,0
553344,oncoming_sedans.258,1.0,91.87,0
553345,oncoming_sedans.258,1.1,80.3,0
553346,oncoming_sedans.258,1.3,70.94,0
553347,oncoming_sedans.258,1.4,63.28,0
553348,oncoming_sedans.258,1.6,56.92,0
553349,oncoming_sedans.258,1.7,51.6,0
553350,oncoming_sedans.258,1.9,47.11,0
553351,oncoming_sedans.258,2.1,43.29,0
553352,oncoming_sedans.258,2.2,40.01,0
553353,oncoming_sedans.258,2.4,37.18,0
553354,oncoming_sedans.258,2.6,34.72,0
553355,oncoming_sedans.258,2.7,32.59,0
553356,oncoming_sedans.258,2.9,30.73,0
553357,oncoming_sedans.258,3.1,29.09,0
553358,oncoming_sedans.258,3.2,27.66,0
553359,oncoming_sedans.258,3.4,26.41,0
553360,oncoming_sedans.258,3.5,25.31,0
553361,oncoming_sedans.258,3.7,24.34,0
553362,oncoming_sedans.258,3.8,23.51,0
553363,oncoming_sedans.258,3.9,22.78,0
553364,oncoming_sedans.258,4.0,22.16,0
553365,oncoming_sedans.258,4.1,21.64,0
553366,oncoming_sedans.258,4.2,21.21,0
553367,oncoming_sedans.258,4.3,20.86,0
553368,oncoming_sedans.258,4.3,20.6,0
553369,oncoming_sedans.258,4.4,20.43,0
553370,oncoming_sedans.258,4.4,20.33,0
553371,oncoming_sedans.258,4.4,20.33,0
553372,oncoming_sedans.258,4.4,20.4,0
553373,oncoming_sedans.258,4.4,20.57,0
553374,oncoming_sedans.258,4.3,20.82,0
553406,oncoming_trucks.98,1.9,45.89,0
553407,oncoming_trucks.98,1.8,50.97,0
553408,oncoming_trucks.98,1.6,57.13,0
553409,oncoming_trucks.98,1.4,64.67,0
553410,oncoming_trucks.98,1.2,74.04,0
553411,oncoming_trucks.98,1.0,85.86,0
553412,oncoming_trucks.98,0.9,101.08,0
553413,oncoming_trucks.98,0.7,121.15,0
553414,oncoming_trucks.98,0.6,148.47,0
553415,oncoming_trucks.98,0.5,187.35,0
553416,oncoming_trucks.98,0.4,246.23,0
553417,oncoming_trucks.98,0.3,344.24,0
556280,oncoming_sedans.260,2.1,43.31,0
556281,oncoming_sedans.260,2.2,40.22,0
556282,oncoming_sedans.260,2.4,37.52,0
556283,oncoming_sedans.260,2.5,35.16,0
556284,oncoming_sedans.260,2.7,33.1,0
556285,oncoming_sedans.260,2.9,31.28,0
556286,oncoming_sedans.260,3.0,29.69,0
556287,oncoming_sedans.260,3.2,28.29,0
556288,oncoming_sedans.260,3.3,27.07,0
556289,oncoming_sedans.260,3.4,26.0,0
556290,oncoming_sedans.260,3.6,25.08,0
556291,oncoming_sedans.260,3.7,24.28,0
556292,oncoming_sedans.260,3.8,23.61,0
556293,oncoming_sedans.260,3.9,23.04,0
556294,oncoming_sedans.260,4.0,22.59,0
556295,oncoming_sedans.260,4.0,22.23,0
556296,oncoming_sedans.260,4.1,21.96,0
556297,oncoming_sedans.260,4.1,21.79,0
556298,oncoming_sedans.260,4.1,21.71,0
556299,oncoming_sedans.260,4.1,21.73,0
556300,oncoming_sedans.260,4.1,21.83,0
556301,oncoming_sedans.260,4.1,22.04,0
556302,oncoming_sedans.260,4.0,22.33,0
556303,oncoming_sedans.260,3.9,22.73,0
556304,oncoming_sedans.260,3.9,23.24,0
556305,oncoming_sedans.260,3.8,23.85,0
556306,oncoming_sedans.260,3.6,24.59,0
556307,oncoming_sedans.260,3.5,25.46,0
556308,oncoming_sedans.260,3.4,26.46,0
556309,oncoming_sedans.260,3.2,27.62,0
556310,oncoming_sedans.260,3.1,28.95,0
556311,oncoming_sedans.260,2.9,30.46,0
556409,oncoming_trucks.98,0.2,360.73,0
556410,oncoming_trucks.98,0.3,272.01,0
556411,oncoming_trucks.98,0.4,213.2,0
556412,oncoming_trucks.98,0.5,172.18,0
556413,oncoming_trucks.98,0.6,142.41,0
556414,oncoming_trucks.98,0.7,120.11,0
556415,oncoming_trucks.98,0.9,102.96,0
556416,oncoming_trucks.98,1.0,89.48,0
556417,oncoming_trucks.98,1.1,78.69,0
556418,oncoming_trucks.98,1.3,69.92,0
556419,oncoming_trucks.98,1.4,62.69,0
556420,oncoming_trucks.98,1.6,56.66,0
556421,oncoming_trucks.98,1.7,51.59,0
556422,oncoming_trucks.98,1.9,47.28,0
556423,oncoming_trucks.98,2.1,43.58,0
556424,oncoming_trucks.98,2.2,40.4,0
556425,oncoming_trucks.98,2.4,37.65,0
556426,oncoming_trucks.98,2.5,35.24,0
556427,oncoming_trucks.98,2.7,33.14,0
556428,oncoming_trucks.98,2.9,31.3,0
556429,oncoming_trucks.98,3.0,29.68,0
556430,oncoming_trucks.98,3.2,28.26,0
556431,oncoming_trucks.98,3.3,27.01,0
556432,oncoming_trucks.98,3.5,25.9,0
556433,oncoming_trucks.98,3.6,24.94,0
556434,oncoming_trucks.98,3.7,24.09,0
556435,oncoming_trucks.98,3.8,23.36,0
556436,oncoming_trucks.98,3.9,22.73,0
556437,oncoming_trucks.98,4.0,22.2,0
556438,oncoming_trucks.98,4.1,21.76,0
556439,oncoming_trucks.98,4.2,21.4,0
556440,oncoming_trucks.98,4.2,21.14,0
556441,oncoming_trucks.98,4.3,20.95,0
556442,oncoming_trucks.98,4.3,20.85,0
556443,oncoming_trucks.98,4.3,20.83,0
556444,oncoming_trucks.98,4.3,20.9,0
556445,oncoming_trucks.98,4.2,21.06,0
556446,oncoming_trucks.98,4.2,21.31,0
556447,oncoming_trucks.98,4.1,21.67,0
556448,oncoming_trucks.98,4.0,22.13,0
556449,oncoming_trucks.98,3.9,22.72,0
556450,oncoming_trucks.98,3.8,23.44,0
556451,oncoming_trucks.98,3.7,24.3,0
559359,oncoming_sedans.261,2.7,33.63,0
559360,oncoming_sedans.261,2.9,31.31,0
559361,oncoming_sedans.261,3.1,29.29,0
559362,oncoming_sedans.261,3.2,27.53,0
559363,oncoming_sedans.261,3.4,25.99,0
559364,oncoming_sedans.261,3.6,24.64,0
559365,oncoming_sedans.261,3.8,23.47,0
559366,oncoming_sedans.261,4.0,22.44,0
559367,oncoming_sedans.261,4.2,21.55,0
559368,oncoming_sedans.261,4.3,20.78,0
559369,oncoming_sedans.261,4.4,20.12,0
559370,oncoming_sedans.261,4.6,19.57,0
559371,oncoming_sedans.261,4.7,19.11,0
559372,oncoming_sedans.261,4.8,18.74,0
559373,oncoming_sedans.261,4.8,18.45,0
559374,oncoming_sedans.261,4.9,18.25,0
559375,oncoming_sedans.261,4.9,18.13,0
559376,oncoming_sedans.261,4.9,18.09,0
559377,oncoming_sedans.261,4.9,18.13,0
559378,oncoming_sedans.261,4.9,18.25,0
559379,oncoming_sedans.261,4.8,18.46,0
559380,oncoming_sedans.261,4.8,18.75,0
559381,oncoming_sedans.261,4.7,19.13,0
559382,oncoming_sedans.261,4.6,19.61,0
559383,oncoming_sedans.261,4.4,20.19,0
559384,oncoming_sedans.261,4.3,20.87,0
559499,oncoming_sedans.262,2.2,40.01,0
559500,oncoming_sedans.262,2.4,36.63,0
559501,oncoming_sedans.262,2.7,33.71,0
559502,oncoming_sedans.262,2.9,31.17,0
559503,oncoming_sedans.262,3.1,28.94,0
559504,oncoming_sedans.262,3.3,26.98,0
559505,oncoming_sedans.262,3.5,25.25,0
559506,oncoming_sedans.262,3.8,23.71,0
559507,oncoming_sedans.262,4.0,22.34,0
559508,oncoming_sedans.262,4.2,21.12,0
559509,oncoming_sedans.262,4.5,20.02,0
559510,oncoming_sedans.262,4.7,19.03,0
559511,oncoming_sedans.262,4.9,18.14,0
559512,oncoming_sedans.262,5.2,17.34,0
559513,oncoming_sedans.262,5.4,16.61,0
559514,oncoming_sedans.262,5.6,15.96,0
559515,oncoming_sedans.262,5.8,15.37,0
559516,oncoming_sedans.262,6.0,14.83,0
559517,oncoming_sedans.262,6.2,14.35,0
559518,oncoming_sedans.262,6.4,13.91,0
559519,oncoming_sedans.262,6.6,13.52,0
559520,oncoming_sedans.262,6.8,13.18,0
559521,oncoming_sedans.262,7.0,12.87,0
559522,oncoming_sedans.262,7.1,12.6,0
559541,oncoming_sedans.263,7.3,12.19,0
559542,oncoming_sedans.263,7.3,12.25,0
559543,oncoming_sedans.263,7.2,12.35,0
559544,oncoming_sedans.263,7.2,12.49,0
559545,oncoming_sedans.263,7.1,12.68,0
559546,oncoming_sedans.263,6.9,12.92,0
559547,oncoming_sedans.263,6.8,13.21,0
559548,oncoming_sedans.263,6.6,13.56,0
559549,oncoming_sedans.263,6.4,13.97,0
559550,oncoming_sedans.263,6.2,14.45,0
559551,oncoming_sedans.263,6.0,15.01,0
559552,oncoming_sedans.263,5.7,15.64,0
559553,oncoming_sedans.263,5.5,16.37,0
559554,oncoming_sedans.263,5.2,17.19,0
559555,oncoming_sedans.263,4.9,18.13,0
559556,oncoming_sedans.263,4.7,19.2,0
559557,oncoming_sedans.263,4.4,20.41,0
559558,oncoming_sedans.263,4.1,21.79,0
562415,oncoming_sedans.265,0.2,369.18,0
562416,oncoming_sedans.265,0.3,289.02,0
562417,oncoming_sedans.265,0.4,231.48,0
562418,oncoming_sedans.265,0.5,189.01,0
562419,oncoming_sedans.265,0.6,156.9,0
562420,oncoming_sedans.265,0.7,132.15,0
562421,oncoming_sedans.265,0.8,112.74,0
562422,oncoming_sedans.265,0.9,97.28,0
562423,oncoming_sedans.265,1.1,84.82,0
562424,oncoming_sedans.265,1.2,74.64,0
562425,oncoming_sedans.265,1.4,66.25,0
562426,oncoming_sedans.265,1.5,59.27,0
562427,oncoming_sedans.265,1.7,53.41,0
562428,oncoming_sedans.265,1.8,48.45,0
562429,oncoming_sedans.265,2.0,44.24,0
562430,oncoming_sedans.265,2.2,40.64,0
562431,oncoming_sedans.265,2.4,37.54,0
562432,oncoming_sedans.265,2.6,34.86,0
562433,oncoming_sedans.265,2.7,32.55,0
562434,oncoming_sedans.265,2.9,30.54,0
562435,oncoming_sedans.265,3.1,28.79,0
562436,oncoming_sedans.265,3.3,27.27,0
562437,oncoming_sedans.265,3.4,25.95,0
562438,oncoming_sedans.265,3.6,24.81,0
562439,oncoming_sedans.265,3.8,23.82,0
562440,oncoming_sedans.265,3.9,22.98,0
562441,oncoming_sedans.265,4.0,22.26,0
562442,oncoming_sedans.265,4.1,21.66,0
562443,oncoming_sedans.265,4.2,21.17,0
562444,oncoming_sedans.265,4.3,20.79,0
562445,oncoming_sedans.265,4.4,20.5,0
562446,oncoming_sedans.265,4.4,20.31,0
562447,oncoming_sedans.265,4.4,20.21,0
562448,oncoming_sedans.265,4.4,20.21,0
562449,oncoming_sedans.265,4.4,20.3,0
562450,oncoming_sedans.265,4.4,20.48,0
562451,oncoming_sedans.265,4.3,20.76,0
562452,oncoming_sedans.265,4.2,21.14,0
562453,oncoming_sedans.265,4.1,21.62,0
562454,oncoming_sedans.265,4.0,22.22,0
562596,oncoming_trucks.100,1.7,52.18,0
562597,oncoming_trucks.100,1.9,48.01,0
562598,oncoming_trucks.100,2.0,44.42,0
562599,oncoming_trucks.100,2.2,41.31,0
562600,oncoming_trucks.100,2.3,38.6,0
562601,oncoming_trucks.100,2.5,36.23,0
562602,oncoming_trucks.100,2.6,34.14,0
562603,oncoming_trucks.100,2.8,32.31,0
562604,oncoming_trucks.100,2.9,30.69,0
562605,oncoming_trucks.100,3.1,29.26,0
562606,oncoming_trucks.100,3.2,28.0,0
562607,oncoming_trucks.100,3.3,26.88,0
562608,oncoming_trucks.100,3.5,25.9,0
562609,oncoming_trucks.100,3.6,25.03,0
562610,oncoming_trucks.100,3.7,24.28,0
562611,oncoming_trucks.100,3.8,23.62,0
562612,oncoming_trucks.100,3.9,23.06,0
562613,oncoming_trucks.100,4.0,22.6,0
562614,oncoming_trucks.100,4.0,22.21,0
562615,oncoming_trucks.100,4.1,21.91,0
562616,oncoming_trucks.100,4.1,21.69,0
562617,oncoming_trucks.100,4.2,21.56,0
562618,oncoming_trucks.100,4.2,21.5,0
562619,oncoming_trucks.100,4.2,21.53,0
562620,oncoming_trucks.100,4.1,21.65,0
562621,oncoming_trucks.100,4.1,21.85,0
562622,oncoming_trucks.100,4.0,22.16,0
562623,oncoming_trucks.100,4.0,22.56,0
562624,oncoming_trucks.100,3.9,23.08,0
562625,oncoming_trucks.100,3.8,23.72,0
562626,oncoming_trucks.100,3.7,24.5,0
562627,oncoming_trucks.100,3.5,25.43,0
562628,oncoming_trucks.100,3.4,26.52,0
562629,oncoming_trucks.100,3.2,27.82,0
562630,oncoming_trucks.100,3.1,29.33,0
562631,oncoming_trucks.100,2.9,31.09,0
562632,oncoming_trucks.100,2.7,33.15,0
562633,oncoming_trucks.100,2.5,35.56,0
562634,oncoming_trucks.100,2.3,38.37,0
562635,oncoming_trucks.100,2.1,41.68,0
565483,oncoming_sedans.266,0.2,371.73,0
565484,oncoming_sedans.266,0.3,290.77,0
565485,oncoming_sedans.266,0.4,232.72,0
565486,oncoming_sedans.266,0.5,189.9,0
565487,oncoming_sedans.266,0.6,157.56,0
565488,oncoming_sedans.266,0.7,132.65,0
565489,oncoming_sedans.266,0.8,113.12,0
565490,oncoming_sedans.266,0.9,97.58,0
565491,oncoming_sedans.266,1.1,85.04,0
565492,oncoming_sedans.266,1.2,74.82,0
565493,oncoming_sedans.266,1.3,66.39,0
565494,oncoming_sedans.266,1.5,59.38,0
565495,oncoming_sedans.266,1.7,53.5,0
565496,oncoming_sedans.266,1.8,48.53,0
565497,oncoming_sedans.266,2.0,44.3,0
565498,oncoming_sedans.266,2.2,40.68,0
565499,oncoming_sedans.266,2.4,37.58,0
565500,oncoming_sedans.266,2.6,34.9,0
565501,oncoming_sedans.266,2.7,32.57,0
565502,oncoming_sedans.266,2.9,30.56,0
565503,oncoming_sedans.266,3.1,28.81,0
565504,oncoming_sedans.266,3.3,27.28,0
565505,oncoming_sedans.266,3.4,25.96,0
565506,oncoming_sedans.266,3.6,24.81,0
565507,oncoming_sedans.266,3.8,23.82,0
565508,oncoming_sedans.266,3.9,22.98,0
565509,oncoming_sedans.266,4.0,22.26,0
565510,oncoming_sedans.266,4.1,21.66,0
565511,oncoming_sedans.266,4.2,21.17,0
565512,oncoming_sedans.266,4.3,20.78,0
565513,oncoming_sedans.266,4.4,20.49,0
565514,oncoming_sedans.266,4.4,20.3,0
565515,oncoming_sedans.266,4.4,20.2,0
565516,oncoming_sedans.266,4.4,20.19,0
565517,oncoming_sedans.266,4.4,20.28,0
565518,oncoming_sedans.266,4.4,20.46,0
565519,oncoming_sedans.266,4.3,20.73,0
565520,oncoming_sedans.266,4.2,21.11,0
565521,oncoming_sedans.266,4.1,21.59,0
565522,oncoming_sedans.266,4.0,22.18,0
565681,oncoming_sedans.268,3.5,25.27,0
565682,oncoming_sedans.268,3.7,24.18,0
565683,oncoming_sedans.268,3.9,23.22,0
565684,oncoming_sedans.268,4.0,22.36,0
565685,oncoming_sedans.268,4.1,21.61,0
565686,oncoming_sedans.268,4.3,20.95,0
565687,oncoming_sedans.268,4.4,20.38,0
565688,oncoming_sedans.268,4.5,19.89,0
565689,oncoming_sedans.268,4.6,19.48,0
565690,oncoming_sedans.268,4.7,19.14,0
565691,oncoming_sedans.268,4.7,18.87,0
565692,oncoming_sedans.268,4.8,18.68,0
565693,oncoming_sedans.268,4.8,18.55,0
565694,oncoming_sedans.268,4.8,18.5,0
565695,oncoming_sedans.268,4.8,18.52,0
565696,oncoming_sedans.268,4.8,18.61,0
565697,oncoming_sedans.268,4.8,18.78,0
565698,oncoming_sedans.268,4.7,19.04,0
565699,oncoming_sedans.268,4.6,19.38,0
565700,oncoming_sedans.268,4.5,19.81,0
565701,oncoming_sedans.268,4.4,20.35,0
565702,oncoming_sedans.268,4.3,21.0,0
565703,oncoming_sedans.268,4.1,21.77,0
565704,oncoming_sedans.268,3.9,22.67,0
565705,oncoming_sedans.268,3.8,23.73,0
565706,oncoming_sedans.268,3.6,24.95,0
568551,oncoming_sedans.267,0.2,371.75,0
568552,oncoming_sedans.267,0.3,290.78,0
568553,oncoming_sedans.267,0.4,232.73,0
568554,oncoming_sedans.267,0.5,189.91,0
568555,oncoming_sedans.267,0.6,157.57,0
568556,oncoming_sedans.267,0.7,132.65,0
568557,oncoming_sedans.267,0.8,113.12,0
568558,oncoming_sedans.267,0.9,97.58,0
568559,oncoming_sedans.267,1.1,85.04,0
568560,oncoming_sedans.267,1.2,74.82,0
568561,oncoming_sedans.267,1.3,66.39,0
568562,oncoming_sedans.267,1.5,59.38,0
568563,oncoming_sedans.267,1.7,53.5,0
568564,oncoming_sedans.267,1.8,48.53,0
568565,oncoming_sedans.267,2.0,44.3,0
568566,oncoming_sedans.267,2.2,40.68,0
568567,oncoming_sedans.267,2.4,37.58,0
568568,oncoming_sedans.267,2.6,34.9,0
568569,oncoming_sedans.267,2.7,32.57,0
568570,oncoming_sedans.267,2.9,30.56,0
568571,oncoming_sedans.267,3.1,28.81,0
568572,oncoming_sedans.267,3.3,27.28,0
568573,oncoming_sedans.267,3.4,25.96,0
568574,oncoming_sedans.267,3.6,24.81,0
568575,oncoming_sedans.267,3.8,23.82,0
568576,oncoming_sedans.267,3.9,22.98,0
568577,oncoming_sedans.267,4.0,22.26,0
568578,oncoming_sedans.267,4.1,21.66,0
568579,oncoming_sedans.267,4.2,21.17,0
568580,oncoming_sedans.267,4.3,20.78,0
568581,oncoming_sedans.267,4.4,20.49,0
568582,oncoming_sedans.267,4.4,20.3,0
568583,oncoming_sedans.267,4.4,20.2,0
568584,oncoming_sedans.267,4.4,20.19,0
568585,oncoming_sedans.267,4.4,20.28,0
568586,oncoming_sedans.267,4.4,20.46,0
568587,oncoming_sedans.267,4.3,20.73,0
568588,oncoming_sedans.267,4.2,21.11,0
568589,oncoming_sedans.267,4.1,21.59,0
568590,oncoming_sedans.267,4.0,22.18,0
568746,oncoming_sedans.271,2.1,43.07,0
568747,oncoming_sedans.271,2.2,40.08,0
568748,oncoming_sedans.271,2.4,37.45,0
568749,oncoming_sedans.271,2.5,35.14,0
568750,oncoming_sedans.271,2.7,33.11,0
568751,oncoming_sedans.271,2.9,31.32,0
568752,oncoming_sedans.271,3.0,29.74,0
568753,oncoming_sedans.271,3.2,28.34,0
568754,oncoming_sedans.271,3.3,27.11,0
568755,oncoming_sedans.271,3.4,26.02,0
568756,oncoming_sedans.271,3.6,25.07,0
568757,oncoming_sedans.271,3.7,24.24,0
568758,oncoming_sedans.271,3.8,23.52,0
568759,oncoming_sedans.271,3.9,22.9,0
568760,oncoming_sedans.271,4.0,22.38,0
568761,oncoming_sedans.271,4.1,21.95,0
568762,oncoming_sedans.271,4.1,21.61,0
568763,oncoming_sedans.271,4.2,21.35,0
568764,oncoming_sedans.271,4.2,21.18,0
568765,oncoming_sedans.271,4.2,21.09,0
568766,oncoming_sedans.271,4.2,21.09,0
568767,oncoming_sedans.271,4.2,21.17,0
568768,oncoming_sedans.271,4.2,21.34,0
568769,oncoming_sedans.271,4.1,21.61,0
568770,oncoming_sedans.271,4.1,21.97,0
568771,oncoming_sedans.271,4.0,22.43,0
568772,oncoming_sedans.271,3.9,23.0,0
568773,oncoming_sedans.271,3.8,23.69,0
568774,oncoming_sedans.271,3.7,24.51,0
568775,oncoming_sedans.271,3.5,25.47,0
568776,oncoming_sedans.271,3.4,26.59,0
571619,oncoming_sedans.269,0.2,371.82,0
571620,oncoming_sedans.269,0.3,290.83,0
571621,oncoming_sedans.269,0.4,232.76,0
571622,oncoming_sedans.269,0.5,189.93,0
571623,oncoming_sedans.269,0.6,157.58,0
571624,oncoming_sedans.269,0.7,132.66,0
571625,oncoming_sedans.269,0.8,113.13,0
571626,oncoming_sedans.269,0.9,97.58,0
571627,oncoming_sedans.269,1.1,85.05,0
571628,oncoming_sedans.269,1.2,74.82,0
571629,oncoming_sedans.269,1.3,66.39,0
571630,oncoming_sedans.269,1.5,59.38,0
571631,oncoming_sedans.269,1.7,53.5,0
571632,oncoming_sedans.269,1.8,48.53,0
571633,oncoming_sedans.269,2.0,44.3,0
571634,oncoming_sedans.269,2.2,40.68,0
571635,oncoming_sedans.269,2.4,37.58,0
571636,oncoming_sedans.269,2.6,34.89,0
571637,oncoming_sedans.269,2.7,32.57,0
571638,oncoming_sedans.269,2.9,30.56,0
571639,oncoming_sedans.269,3.1,28.81,0
571640,oncoming_sedans.269,3.3,27.28,0
571641,oncoming_sedans.269,3.4,25.96,0
571642,oncoming_sedans.269,3.6,24.81,0
571643,oncoming_sedans.269,3.8,23.82,0
571644,oncoming_sedans.269,3.9,22.98,0
571645,oncoming_sedans.269,4.0,22.26,0
571646,oncoming_sedans.269,4.1,21.66,0
571647,oncoming_sedans.269,4.2,21.17,0
571648,oncoming_sedans.269,4.3,20.78,0
571649,oncoming_sedans.269,4.4,20.49,0
571650,oncoming_sedans.269,4.4,20.3,0
571651,oncoming_sedans.269,4.4,20.2,0
571652,oncoming_sedans.269,4.4,20.19,0
571653,oncoming_sedans.269,4.4,20.28,0
571654,oncoming_sedans.269,4.4,20.46,0
571655,oncoming_sedans.269,4.3,20.73,0
571656,oncoming_sedans.269,4.2,21.11,0
571657,oncoming_sedans.269,4.1,21.59,0
571658,oncoming_sedans.269,4.0,22.18,0
571814,oncoming_sedans.273,2.2,40.17,0
571815,oncoming_sedans.273,2.4,37.48,0
571816,oncoming_sedans.273,2.5,35.13,0
571817,oncoming_sedans.273,2.7,33.07,0
571818,oncoming_sedans.273,2.9,31.26,0
571819,oncoming_sedans.273,3.0,29.67,0
571820,oncoming_sedans.273,3.2,28.27,0
571821,oncoming_sedans.273,3.3,27.05,0
571822,oncoming_sedans.273,3.4,25.98,0
571823,oncoming_sedans.273,3.6,25.06,0
571824,oncoming_sedans.273,3.7,24.27,0
571825,oncoming_sedans.273,3.8,23.59,0
571826,oncoming_sedans.273,3.9,23.03,0
571827,oncoming_sedans.273,4.0,22.57,0
571828,oncoming_sedans.273,4.0,22.21,0
571829,oncoming_sedans.273,4.1,21.94,0
571830,oncoming_sedans.273,4.1,21.77,0
571831,oncoming_sedans.273,4.1,21.7,0
571832,oncoming_sedans.273,4.1,21.71,0
571833,oncoming_sedans.273,4.1,21.81,0
571834,oncoming_sedans.273,4.1,22.01,0
571835,oncoming_sedans.273,4.0,22.31,0
571836,oncoming_sedans.273,3.9,22.71,0
571837,oncoming_sedans.273,3.9,23.21,0
571838,oncoming_sedans.273,3.8,23.83,0
571839,oncoming_sedans.273,3.6,24.56,0
571840,oncoming_sedans.273,3.5,25.42,0
571841,oncoming_sedans.273,3.4,26.43,0
571842,oncoming_sedans.273,3.2,27.58,0
571843,oncoming_sedans.273,3.1,28.91,0
571844,oncoming_sedans.273,2.9,30.42,0
574687,oncoming_sedans.270,0.2,371.75,0
574688,oncoming_sedans.270,0.3,290.79,0
574689,oncoming_sedans.270,0.4,232.73,0
574690,oncoming_sedans.270,0.5,189.91,0
574691,oncoming_sedans.270,0.6,157.57,0
574692,oncoming_sedans.270,0.7,132.65,0
574693,oncoming_sedans.270,0.8,113.12,0
574694,oncoming_sedans.270,0.9,97.58,0
574695,oncoming_sedans.270,1.1,85.04,0
574696,oncoming_sedans.270,1.2,74.82,0
574697,oncoming_sedans.270,1.3,66.39,0
574698,oncoming_sedans.270,1.5,59.38,0
574699,oncoming_sedans.270,1.7,53.5,0
574700,oncoming_sedans.270,1.8,48.53,0
574701,oncoming_sedans.270,2.0,44.3,0
574702,oncoming_sedans.270,2.2,40.68,0
574703,oncoming_sedans.270,2.4,37.58,0
574704,oncoming_sedans.270,2.6,34.89,0
574705,oncoming_sedans.270,2.7,32.57,0
574706,oncoming_sedans.270,2.9,30.56,0
574707,oncoming_sedans.270,3.1,28.81,0
574708,oncoming_sedans.270,3.3,27.28,0
574709,oncoming_sedans.270,3.4,25.96,0
574710,oncoming_sedans.270,3.6,24.81,0
574711,oncoming_sedans.270,3.8,23.82,0
574712,oncoming_sedans.270,3.9,22.98,0
574713,oncoming_sedans.270,4.0,22.26,0
574714,oncoming_sedans.270,4.1,21.66,0
574715,oncoming_sedans.270,4.2,21.17,0
574716,oncoming_sedans.270,4.3,20.78,0
574717,oncoming_sedans.270,4.4,20.49,0
574718,oncoming_sedans.270,4.4,20.3,0
574719,oncoming_sedans.270,4.4,20.2,0
574720,oncoming_sedans.270,4.4,20.19,0
574721,oncoming_sedans.270,4.4,20.28,0
574722,oncoming_sedans.270,4.4,20.46,0
574723,oncoming_sedans.270,4.3,20.73,0
574724,oncoming_sedans.270,4.2,21.11,0
574725,oncoming_sedans.270,4.1,21.59,0
574726,oncoming_sedans.270,4.0,22.18,0
574896,school_buses.20,2.3,39.32,0
574897,school_buses.20,2.4,36.63,0
574898,school_buses.20,2.6,34.28,0
574899,school_buses.20,2.8,32.21,0
574900,school_buses.20,2.9,30.39,0
574901,school_buses.20,3.1,28.77,0
574902,school_buses.20,3.3,27.34,0
574903,school_buses.20,3.4,26.06,0
574904,school_buses.20,3.6,24.92,0
574905,school_buses.20,3.7,23.91,0
574906,school_buses.20,3.9,23.01,0
574907,school_buses.20,4.0,22.21,0
574908,school_buses.20,4.2,21.51,0
574909,school_buses.20,4.3,20.88,0
574910,school_buses.20,4.4,20.34,0
574911,school_buses.20,4.5,19.87,0
574912,school_buses.20,4.6,19.47,0
574913,school_buses.20,4.7,19.13,0
574914,school_buses.20,4.7,18.86,0
574915,school_buses.20,4.8,18.66,0
574916,school_buses.20,4.8,18.52,0
574917,school_buses.20,4.8,18.45,0
574918,school_buses.20,4.9,18.44,0
574919,school_buses.20,4.8,18.51,0
574920,school_buses.20,4.8,18.64,0
574921,school_buses.20,4.7,18.86,0
574922,school_buses.20,4.7,19.16,0
574923,school_buses.20,4.6,19.54,0
574924,school_buses.20,4.5,20.03,0
574925,school_buses.20,4.3,20.63,0
574926,school_buses.20,4.2,21.35,0
574927,school_buses.20,4.0,22.21,0
574928,school_buses.20,3.9,23.22,0
574929,school_buses.20,3.7,24.41,0
574930,school_buses.20,3.5,25.81,0
574931,school_buses.20,3.3,27.44,0
574932,school_buses.20,3.0,29.36,0
574933,school_buses.20,2.8,31.6,0
574934,school_buses.20,2.6,34.24,0
574935,school_buses.20,2.4,37.35,0
574936,school_buses.20,2.2,41.03,0
574937,school_buses.20,2.0,45.41,0
574938,school_buses.20,1.8,50.68,0
574939,school_buses.20,1.6,57.07,0
574940,school_buses.20,1.4,64.91,0
574941,school_buses.20,1.2,74.65,0
574942,school_buses.20,1.0,86.98,0
574943,school_buses.20,0.9,102.93,0
574944,school_buses.20,0.7,124.11,0
574945,school_buses.20,0.6,153.32,0
574946,school_buses.20,0.5,195.62,0
574947,school_buses.20,0.3,261.48,0
574948,school_buses.20,0.2,376.3,0
577755,oncoming_sedans.272,0.2,371.73,0
577756,oncoming_sedans.272,0.3,290.77,0
577757,oncoming_sedans.272,0.4,232.72,0
577758,oncoming_sedans.272,0.5,189.9,0
577759,oncoming_sedans.272,0.6,157.56,0
577760,oncoming_sedans.272,0.7,132.65,0
577761,oncoming_sedans.272,0.8,113.12,0
577762,oncoming_sedans.272,0.9,97.57,0
577763,oncoming_sedans.272,1.1,85.04,0
577764,oncoming_sedans.272,1.2,74.82,0
577765,oncoming_sedans.272,1.3,66.39,0
577766,oncoming_sedans.272,1.5,59.38,0
577767,oncoming_sedans.272,1.7,53.5,0
577768,oncoming_sedans.272,1.8,48.52,0
577769,oncoming_sedans.272,2.0,44.3,0
577770,oncoming_sedans.272,2.2,40.68,0
577771,oncoming_sedans.272,2.4,37.58,0
577772,oncoming_sedans.272,2.6,34.89,0
577773,oncoming_sedans.272,2.7,32.57,0
577774,oncoming_sedans.272,2.9,30.56,0
577775,oncoming_sedans.272,3.1,28.81,0
577776,oncoming_sedans.272,3.3,27.28,0
577777,oncoming_sedans.272,3.4,25.96,0
577778,oncoming_sedans.272,3.6,24.81,0
577779,oncoming_sedans.272,3.8,23.82,0
577780,oncoming_sedans.272,3.9,22.98,0
577781,oncoming_sedans.272,4.0,22.26,0
577782,oncoming_sedans.272,4.1,21.66,0
577783,oncoming_sedans.272,4.2,21.17,0
577784,oncoming_sedans.272,4.3,20.78,0
577785,oncoming_sedans.272,4.4,20.49,0
577786,oncoming_sedans.272,4.4,20.3,0
577787,oncoming_sedans.272,4.4,20.2,0
577788,oncoming_sedans.272,4.4,20.19,0
577789,oncoming_sedans.272,4.4,20.28,0
577790,oncoming_sedans.272,4.4,20.46,0
577791,oncoming_sedans.272,4.3,20.73,0
577792,oncoming_sedans.272,4.2,21.11,0
577793,oncoming_sedans.272,4.1,21.59,0
577794,oncoming_sedans.272,4.0,22.18,0
577945,school_buses.20,0.3,348.0,0
577946,school_buses.20,0.3,256.19,0
577947,school_buses.20,0.5,197.34,0
577948,school_buses.20,0.6,157.36,0
577949,school_buses.20,0.7,128.94,0
577950,school_buses.20,0.8,108.01,0
577951,school_buses.20,1.0,92.15,0
577952,school_buses.20,1.1,79.84,0
577953,school_buses.20,1.3,70.08,0
577954,school_buses.20,1.4,62.23,0
577955,school_buses.20,1.6,55.8,0
577956,school_buses.20,1.8,50.49,0
577957,school_buses.20,1.9,46.03,0
577958,school_buses.20,2.1,42.27,0
577959,school_buses.20,2.3,39.06,0
577960,school_buses.20,2.5,36.31,0
577961,school_buses.20,2.6,33.93,0
577962,school_buses.20,2.8,31.87,0
577963,school_buses.20,3.0,30.07,0
577964,school_buses.20,3.1,28.5,0
577965,school_buses.20,3.3,27.12,0
577966,school_buses.20,3.5,25.91,0
577967,school_buses.20,3.6,24.84,0
577968,school_buses.20,3.7,23.91,0
577969,school_buses.20,3.9,23.1,0
577970,school_buses.20,4.0,22.39,0
577971,school_buses.20,4.1,21.79,0
577972,school_buses.20,4.2,21.27,0
577973,school_buses.20,4.3,20.84,0
577974,school_buses.20,4.4,20.49,0
577975,school_buses.20,4.4,20.23,0
577976,school_buses.20,4.5,20.04,0
577977,school_buses.20,4.5,19.93,0
577978,school_buses.20,4.5,19.89,0
577979,school_buses.20,4.5,19.94,0
577980,school_buses.20,4.5,20.08,0
577981,school_buses.20,4.4,20.3,0
578012,oncoming_trucks.103,2.1,43.03,0
578013,oncoming_trucks.103,1.9,47.89,0
578014,oncoming_trucks.103,1.7,53.79,0
578015,oncoming_trucks.103,1.5,61.04,0
578016,oncoming_trucks.103,1.3,70.04,0
578017,oncoming_trucks.103,1.1,81.41,0
578018,oncoming_trucks.103,0.9,96.04,0
578019,oncoming_trucks.103,0.8,115.37,0
578020,oncoming_trucks.103,0.6,141.74,0
578021,oncoming_trucks.103,0.5,179.39,0
578022,oncoming_trucks.103,0.4,236.66,0
578023,oncoming_trucks.103,0.3,332.66,0
580823,oncoming_sedans.274,0.2,371.81,0
580824,oncoming_sedans.274,0.3,290.82,0
580825,oncoming_sedans.274,0.4,232.75,0
580826,oncoming_sedans.274,0.5,189.92,0
580827,oncoming_sedans.274,0.6,157.58,0
580828,oncoming_sedans.274,0.7,132.66,0
580829,oncoming_sedans.274,0.8,113.12,0
580830,oncoming_sedans.274,0.9,97.58,0
580831,oncoming_sedans.274,1.1,85.05,0
580832,oncoming_sedans.274,1.2,74.82,0
580833,oncoming_sedans.274,1.3,66.39,0
580834,oncoming_sedans.274,1.5,59.38,0
580835,oncoming_sedans.274,1.7,53.5,0
580836,oncoming_sedans.274,1.8,48.53,0
580837,oncoming_sedans.274,2.0,44.3,0
580838,oncoming_sedans.274,2.2,40.68,0
580839,oncoming_sedans.274,2.4,37.58,0
580840,oncoming_sedans.274,2.6,34.89,0
580841,oncoming_sedans.274,2.7,32.57,0
580842,oncoming_sedans.274,2.9,30.56,0
580843,oncoming_sedans.274,3.1,28.81,0
580844,oncoming_sedans.274,3.3,27.28,0
580845,oncoming_sedans.274,3.4,25.96,0
580846,oncoming_sedans.274,3.6,24.81,0
580847,oncoming_sedans.274,3.8,23.82,0
580848,oncoming_sedans.274,3.9,22.98,0
580849,oncoming_sedans.274,4.0,22.26,0
580850,oncoming_sedans.274,4.1,21.66,0
580851,oncoming_sedans.274,4.2,21.17,0
580852,oncoming_sedans.274,4.3,20.78,0
580853,oncoming_sedans.274,4.4,20.49,0
580854,oncoming_sedans.274,4.4,20.3,0
580855,oncoming_sedans.274,4.4,20.2,0
580856,oncoming_sedans.274,4.4,20.19,0
580857,oncoming_sedans.274,4.4,20.28,0
580858,oncoming_sedans.274,4.4,20.46,0
580859,oncoming_sedans.274,4.3,20.73,0
580860,oncoming_sedans.274,4.2,21.11,0
580861,oncoming_sedans.274,4.1,21.59,0
580862,oncoming_sedans.274,4.0,22.18,0
580898,oncoming_trucks.101,0.9,94.82,0
580899,oncoming_trucks.101,0.8,111.41,0
580900,oncoming_trucks.101,0.7,133.2,0
580901,oncoming_trucks.101,0.5,162.74,0
580902,oncoming_trucks.101,0.4,204.61,0
580903,oncoming_trucks.101,0.3,267.71,0
580904,oncoming_trucks.101,0.2,372.04,0
581017,oncoming_trucks.103,0.2,365.37,0
581018,oncoming_trucks.103,0.3,274.22,0
581019,oncoming_trucks.103,0.4,214.36,0
581020,oncoming_trucks.103,0.5,172.89,0
581021,oncoming_trucks.103,0.6,142.95,0
581022,oncoming_trucks.103,0.7,120.6,0
581023,oncoming_trucks.103,0.9,103.46,0
581024,oncoming_trucks.103,1.0,90.01,0
581025,oncoming_trucks.103,1.1,79.27,0
581026,oncoming_trucks.103,1.3,70.53,0
581027,oncoming_trucks.103,1.4,63.34,0
581028,oncoming_trucks.103,1.6,57.34,0
581029,oncoming_trucks.103,1.7,52.28,0
581030,oncoming_trucks.103,1.9,47.97,0
581031,oncoming_trucks.103,2.0,44.28,0
581032,oncoming_trucks.103,2.2,41.08,0
581033,oncoming_trucks.103,2.3,38.31,0
581034,oncoming_trucks.103,2.5,35.88,0
581035,oncoming_trucks.103,2.7,33.75,0
581036,oncoming_trucks.103,2.8,31.87,0
581037,oncoming_trucks.103,3.0,30.21,0
581038,oncoming_trucks.103,3.1,28.73,0
581039,oncoming_trucks.103,3.3,27.42,0
581040,oncoming_trucks.103,3.4,26.26,0
581041,oncoming_trucks.103,3.5,25.23,0
581042,oncoming_trucks.103,3.7,24.31,0
581043,oncoming_trucks.103,3.8,23.5,0
581044,oncoming_trucks.103,3.9,22.79,0
581045,oncoming_trucks.103,4.0,22.17,0
581046,oncoming_trucks.103,4.1,21.63,0
581047,oncoming_trucks.103,4.2,21.18,0
581048,oncoming_trucks.103,4.3,20.8,0
581049,oncoming_trucks.103,4.4,20.51,0
581050,oncoming_trucks.103,4.4,20.28,0
581051,oncoming_trucks.103,4.4,20.14,0
581052,oncoming_trucks.103,4.5,20.07,0
581053,oncoming_trucks.103,4.5,20.08,0
581054,oncoming_trucks.103,4.4,20.18,0
581055,oncoming_trucks.103,4.4,20.36,0
581056,oncoming_trucks.103,4.3,20.64,0
581057,oncoming_trucks.103,4.3,21.03,0
581058,oncoming_trucks.103,4.2,21.53,0
581059,oncoming_trucks.103,4.0,22.16,0
583896,oncoming_trucks.101,0.2,386.49,0
583897,oncoming_trucks.101,0.3,289.76,0
583898,oncoming_trucks.101,0.4,225.91,0
583899,oncoming_trucks.101,0.5,181.56,0
583900,oncoming_trucks.101,0.6,149.5,0
583901,oncoming_trucks.101,0.7,125.56,0
583902,oncoming_trucks.101,0.8,107.23,0
583903,oncoming_trucks.101,1.0,92.87,0
583904,oncoming_trucks.101,1.1,81.41,0
583905,oncoming_trucks.101,1.2,72.12,0
583906,oncoming_trucks.101,1.4,64.5,0
583907,oncoming_trucks.101,1.5,58.16,0
583908,oncoming_trucks.101,1.7,52.83,0
583909,oncoming_trucks.101,1.9,48.32,0
583910,oncoming_trucks.101,2.0,44.46,0
583911,oncoming_trucks.101,2.2,41.14,0
583912,oncoming_trucks.101,2.3,38.27,0
583913,oncoming_trucks.101,2.5,35.77,0
583914,oncoming_trucks.101,2.7,33.58,0
583915,oncoming_trucks.101,2.8,31.67,0
583916,oncoming_trucks.101,3.0,29.98,0
583917,oncoming_trucks.101,3.1,28.49,0
583918,oncoming_trucks.101,3.3,27.18,0
583919,oncoming_trucks.101,3.4,26.03,0
583920,oncoming_trucks.101,3.6,25.01,0
583921,oncoming_trucks.101,3.7,24.11,0
583922,oncoming_trucks.101,3.8,23.32,0
583923,oncoming_trucks.101,4.0,22.64,0
583924,oncoming_trucks.101,4.1,22.05,0
583925,oncoming_trucks.101,4.2,21.56,0
583926,oncoming_trucks.101,4.2,21.14,0
583927,oncoming_trucks.101,4.3,20.81,0
583928,oncoming_trucks.101,4.4,20.56,0
583929,oncoming_trucks.101,4.4,20.38,0
583930,oncoming_trucks.101,4.4,20.28,0
583931,oncoming_trucks.101,4.4,20.27,0
583932,oncoming_trucks.101,4.4,20.33,0
583933,oncoming_trucks.101,4.4,20.48,0
583934,oncoming_trucks.101,4.3,20.72,0
583935,oncoming_trucks.101,4.2,21.06,0
583936,oncoming_trucks.101,4.2,21.5,0
583937,oncoming_trucks.101,4.1,22.06,0
583938,oncoming_trucks.101,3.9,22.74,0
583939,oncoming_trucks.101,3.8,23.56,0
583940,oncoming_trucks.101,3.6,24.54,0
584097,oncoming_sedans.275,1.5,58.1,0
584098,oncoming_sedans.275,1.7,52.97,0
584099,oncoming_sedans.275,1.8,48.59,0
584100,oncoming_sedans.275,2.0,44.81,0
584101,oncoming_sedans.275,2.2,41.53,0
584102,oncoming_sedans.275,2.3,38.68,0
584103,oncoming_sedans.275,2.5,36.19,0
584104,oncoming_sedans.275,2.6,34.01,0
584105,oncoming_sedans.275,2.8,32.09,0
584106,oncoming_sedans.275,2.9,30.4,0
584107,oncoming_sedans.275,3.1,28.91,0
584108,oncoming_sedans.275,3.2,27.6,0
584109,oncoming_sedans.275,3.4,26.45,0
584110,oncoming_sedans.275,3.5,25.44,0
584111,oncoming_sedans.275,3.6,24.55,0
584112,oncoming_sedans.275,3.8,23.79,0
584113,oncoming_sedans.275,3.9,23.14,0
584114,oncoming_sedans.275,4.0,22.59,0
584115,oncoming_sedans.275,4.0,22.13,0
584116,oncoming_sedans.275,4.1,21.77,0
584117,oncoming_sedans.275,4.2,21.5,0
584118,oncoming_sedans.275,4.2,21.32,0
584119,oncoming_sedans.275,4.2,21.22,0
584120,oncoming_sedans.275,4.2,21.22,0
584121,oncoming_sedans.275,4.2,21.3,0
584122,oncoming_sedans.275,4.2,21.48,0
584123,oncoming_sedans.275,4.1,21.75,0
584124,oncoming_sedans.275,4.0,22.13,0
584125,oncoming_sedans.275,4.0,22.62,0
584126,oncoming_sedans.275,3.9,23.22,0
584127,oncoming_sedans.275,3.7,23.96,0
584128,oncoming_sedans.275,3.6,24.83,0
584129,oncoming_sedans.275,3.5,25.87,0
586982,oncoming_trucks.102,1.8,50.31,0
586983,oncoming_trucks.102,1.9,46.39,0
586984,oncoming_trucks.102,2.1,43.01,0
586985,oncoming_trucks.102,2.2,40.06,0
586986,oncoming_trucks.102,2.4,37.48,0
586987,oncoming_trucks.102,2.5,35.22,0
586988,oncoming_trucks.102,2.7,33.21,0
586989,oncoming_trucks.102,2.8,31.44,0
586990,oncoming_trucks.102,3.0,29.86,0
586991,oncoming_trucks.102,3.1,28.46,0
586992,oncoming_trucks.102,3.3,27.21,0
586993,oncoming_trucks.102,3.4,26.1,0
586994,oncoming_trucks.102,3.6,25.11,0
586995,oncoming_trucks.102,3.7,24.24,0
586996,oncoming_trucks.102,3.8,23.46,0
586997,oncoming_trucks.102,3.9,22.78,0
586998,oncoming_trucks.102,4.0,22.19,0
586999,oncoming_trucks.102,4.1,21.68,0
587000,oncoming_trucks.102,4.2,21.25,0
587001,oncoming_trucks.102,4.3,20.89,0
587002,oncoming_trucks.102,4.3,20.62,0
587003,oncoming_trucks.102,4.4,20.42,0
587004,oncoming_trucks.102,4.4,20.29,0
587005,oncoming_trucks.102,4.4,20.24,0
587006,oncoming_trucks.102,4.4,20.28,0
587007,oncoming_trucks.102,4.4,20.4,0
587008,oncoming_trucks.102,4.3,20.61,0
587009,oncoming_trucks.102,4.3,20.92,0
587010,oncoming_trucks.102,4.2,21.33,0
587011,oncoming_trucks.102,4.1,21.86,0
587012,oncoming_trucks.102,4.0,22.53,0
587013,oncoming_trucks.102,3.8,23.34,0
587014,oncoming_trucks.102,3.7,24.32,0
587015,oncoming_trucks.102,3.5,25.49,0
587016,oncoming_trucks.102,3.3,26.89,0
587017,oncoming_trucks.102,3.1,28.55,0
587018,oncoming_trucks.102,2.9,30.52,0
587019,oncoming_trucks.102,2.7,32.87,0
587166,oncoming_trucks.104,0.3,307.69,0
587196,oncoming_sedans.278,9.7,9.2,0
587197,oncoming_sedans.278,9.5,9.41,0
587198,oncoming_sedans.278,9.3,9.67,0
587199,oncoming_sedans.278,9.0,9.99,0
587200,oncoming_sedans.278,8.6,10.38,0
587201,oncoming_sedans.278,8.2,10.85,0
587202,oncoming_sedans.278,7.9,11.39,0
587203,oncoming_sedans.278,7.4,12.02,0
587204,oncoming_sedans.278,7.0,12.76,0
587205,oncoming_sedans.278,6.6,13.61,0
587206,oncoming_sedans.278,6.1,14.58,0
587207,oncoming_sedans.278,5.7,15.7,0
587208,oncoming_sedans.278,5.3,16.99,0
587209,oncoming_sedans.278,4.8,18.46,0
587210,oncoming_sedans.278,4.4,20.17,0
587211,oncoming_sedans.278,4.0,22.13,0
590059,oncoming_sedans.276,3.1,29.32,0
590060,oncoming_sedans.276,3.2,28.02,0
590061,oncoming_sedans.276,3.3,26.87,0
590062,oncoming_sedans.276,3.5,25.84,0
590063,oncoming_sedans.276,3.6,24.94,0
590064,oncoming_sedans.276,3.7,24.13,0
590065,oncoming_sedans.276,3.8,23.43,0
590066,oncoming_sedans.276,3.9,22.82,0
590067,oncoming_sedans.276,4.0,22.3,0
590068,oncoming_sedans.276,4.1,21.87,0
590069,oncoming_sedans.276,4.2,21.51,0
590070,oncoming_sedans.276,4.2,21.24,0
590071,oncoming_sedans.276,4.3,21.04,0
590072,oncoming_sedans.276,4.3,20.93,0
590073,oncoming_sedans.276,4.3,20.9,0
590074,oncoming_sedans.276,4.3,20.95,0
590075,oncoming_sedans.276,4.2,21.09,0
590076,oncoming_sedans.276,4.2,21.32,0
590077,oncoming_sedans.276,4.1,21.65,0
590078,oncoming_sedans.276,4.1,22.09,0
590079,oncoming_sedans.276,4.0,22.64,0
590080,oncoming_sedans.276,3.8,23.32,0
590081,oncoming_sedans.276,3.7,24.15,0
590082,oncoming_sedans.276,3.6,25.12,0
590083,oncoming_sedans.276,3.4,26.28,0
590084,oncoming_sedans.276,3.2,27.64,0
590085,oncoming_sedans.276,3.1,29.22,0
590086,oncoming_sedans.276,2.9,31.07,0
590087,oncoming_sedans.276,2.7,33.23,0
590088,oncoming_sedans.276,2.5,35.75,0
590210,oncoming_sedans.279,2.6,35.04,0
590211,oncoming_sedans.279,2.7,32.93,0
590212,oncoming_sedans.279,2.9,31.08,0
590213,oncoming_sedans.279,3.0,29.45,0
590214,oncoming_sedans.279,3.2,28.02,0
590215,oncoming_sedans.279,3.3,26.76,0
590216,oncoming_sedans.279,3.5,25.67,0
590217,oncoming_sedans.279,3.6,24.71,0
590218,oncoming_sedans.279,3.7,23.89,0
590219,oncoming_sedans.279,3.9,23.18,0
590220,oncoming_sedans.279,4.0,22.59,0
590221,oncoming_sedans.279,4.0,22.09,0
590222,oncoming_sedans.279,4.1,21.7,0
590223,oncoming_sedans.279,4.2,21.4,0
590224,oncoming_sedans.279,4.2,21.19,0
590225,oncoming_sedans.279,4.2,21.07,0
590226,oncoming_sedans.279,4.3,21.03,0
590227,oncoming_sedans.279,4.2,21.09,0
590228,oncoming_sedans.279,4.2,21.24,0
590229,oncoming_sedans.279,4.2,21.47,0
590230,oncoming_sedans.279,4.1,21.81,0
590231,oncoming_sedans.279,4.0,22.24,0
590232,oncoming_sedans.279,3.9,22.78,0
590233,oncoming_sedans.279,3.8,23.42,0
590234,oncoming_sedans.279,3.7,24.19,0
590235,oncoming_sedans.279,3.6,25.09,0
590236,oncoming_sedans.279,3.4,26.12,0
590237,oncoming_sedans.279,3.3,27.32,0
590238,oncoming_sedans.279,3.1,28.67,0
590239,oncoming_sedans.279,3.0,30.22,0
593128,oncoming_sedans.277,3.0,30.01,0
593129,oncoming_sedans.277,3.1,28.71,0
593130,oncoming_sedans.277,3.2,27.56,0
593131,oncoming_sedans.277,3.4,26.55,0
593132,oncoming_sedans.277,3.5,25.66,0
593133,oncoming_sedans.277,3.6,24.89,0
593134,oncoming_sedans.277,3.7,24.22,0
593135,oncoming_sedans.277,3.8,23.65,0
593136,oncoming_sedans.277,3.9,23.18,0
593137,oncoming_sedans.277,3.9,22.79,0
593138,oncoming_sedans.277,4.0,22.5,0
593139,oncoming_sedans.277,4.0,22.29,0
593140,oncoming_sedans.277,4.0,22.16,0
593141,oncoming_sedans.277,4.0,22.13,0
593142,oncoming_sedans.277,4.0,22.17,0
593143,oncoming_sedans.277,4.0,22.31,0
593144,oncoming_sedans.277,4.0,22.54,0
593145,oncoming_sedans.277,3.9,22.86,0
593146,oncoming_sedans.277,3.8,23.29,0
593147,oncoming_sedans.277,3.8,23.83,0
593148,oncoming_sedans.277,3.7,24.48,0
593149,oncoming_sedans.277,3.5,25.26,0
593150,oncoming_sedans.277,3.4,26.18,0
593151,oncoming_sedans.277,3.3,27.26,0
593152,oncoming_sedans.277,3.1,28.5,0
593153,oncoming_sedans.277,3.0,29.94,0
593154,oncoming_sedans.277,2.8,31.6,0
593155,oncoming_sedans.277,2.7,33.5,0
593156,oncoming_sedans.277,2.5,35.69,0
593157,oncoming_sedans.277,2.3,38.21,0
593158,oncoming_sedans.277,2.2,41.09,0
593159,oncoming_sedans.277,2.0,44.42,0
593160,oncoming_sedans.277,1.9,48.25,0
593289,oncoming_trucks.105,2.4,36.87,0
593290,oncoming_trucks.105,2.6,34.42,0
593291,oncoming_trucks.105,2.8,32.26,0
593292,oncoming_trucks.105,2.9,30.37,0
593293,oncoming_trucks.105,3.1,28.69,0
593294,oncoming_trucks.105,3.3,27.21,0
593295,oncoming_trucks.105,3.5,25.9,0
593296,oncoming_trucks.105,3.6,24.73,0
593297,oncoming_trucks.105,3.8,23.7,0
593298,oncoming_trucks.105,3.9,22.78,0
593299,oncoming_trucks.105,4.1,21.97,0
593300,oncoming_trucks.105,4.2,21.25,0
593301,oncoming_trucks.105,4.3,20.62,0
593302,oncoming_trucks.105,4.5,20.07,0
593303,oncoming_trucks.105,4.6,19.6,0
593304,oncoming_trucks.105,4.7,19.2,0
593305,oncoming_trucks.105,4.7,18.87,0
593306,oncoming_trucks.105,4.8,18.61,0
593307,oncoming_trucks.105,4.9,18.42,0
593308,oncoming_trucks.105,4.9,18.29,0
593309,oncoming_trucks.105,4.9,18.23,0
593310,oncoming_trucks.105,4.9,18.25,0
593311,oncoming_trucks.105,4.9,18.33,0
593312,oncoming_trucks.105,4.8,18.48,0
593313,oncoming_trucks.105,4.8,18.72,0
593314,oncoming_trucks.105,4.7,19.05,0
593315,oncoming_trucks.105,4.6,19.46,0
593316,oncoming_trucks.105,4.5,19.98,0
593317,oncoming_trucks.105,4.3,20.62,0
593318,oncoming_trucks.105,4.2,21.38,0
593319,oncoming_trucks.105,4.0,22.28,0
593320,oncoming_trucks.105,3.8,23.34,0
596205,oncoming_sedans.280,3.5,25.91,0
596206,oncoming_sedans.280,3.6,24.78,0
596207,oncoming_sedans.280,3.8,23.79,0
596208,oncoming_sedans.280,3.9,22.92,0
596209,oncoming_sedans.280,4.0,22.17,0
596210,oncoming_sedans.280,4.2,21.52,0
596211,oncoming_sedans.280,4.3,20.96,0
596212,oncoming_sedans.280,4.4,20.5,0
596213,oncoming_sedans.280,4.4,20.13,0
596214,oncoming_sedans.280,4.5,19.84,0
596215,oncoming_sedans.280,4.6,19.62,0
596216,oncoming_sedans.280,4.6,19.49,0
596217,oncoming_sedans.280,4.6,19.44,0
596218,oncoming_sedans.280,4.6,19.47,0
596219,oncoming_sedans.280,4.6,19.57,0
596220,oncoming_sedans.280,4.5,19.76,0
596221,oncoming_sedans.280,4.5,20.03,0
596222,oncoming_sedans.280,4.4,20.39,0
596223,oncoming_sedans.280,4.3,20.85,0
596224,oncoming_sedans.280,4.2,21.4,0
596225,oncoming_sedans.280,4.1,22.05,0
596226,oncoming_sedans.280,3.9,22.82,0
596227,oncoming_sedans.280,3.8,23.72,0
596228,oncoming_sedans.280,3.6,24.74,0
596229,oncoming_sedans.280,3.5,25.91,0
596230,oncoming_sedans.280,3.3,27.25,0
596231,oncoming_sedans.280,3.1,28.76,0
596361,oncoming_sedans.282,2.3,39.61,0
596362,oncoming_sedans.282,2.4,36.97,0
596363,oncoming_sedans.282,2.6,34.66,0
596364,oncoming_sedans.282,2.7,32.63,0
596365,oncoming_sedans.282,2.9,30.85,0
596366,oncoming_sedans.282,3.1,29.27,0
596367,oncoming_sedans.282,3.2,27.88,0
596368,oncoming_sedans.282,3.4,26.66,0
596369,oncoming_sedans.282,3.5,25.58,0
596370,oncoming_sedans.282,3.6,24.63,0
596371,oncoming_sedans.282,3.8,23.8,0
596372,oncoming_sedans.282,3.9,23.08,0
596373,oncoming_sedans.282,4.0,22.46,0
596374,oncoming_sedans.282,4.1,21.93,0
596375,oncoming_sedans.282,4.2,21.5,0
596376,oncoming_sedans.282,4.2,21.15,0
596377,oncoming_sedans.282,4.3,20.89,0
596378,oncoming_sedans.282,4.3,20.71,0
596379,oncoming_sedans.282,4.3,20.61,0
596380,oncoming_sedans.282,4.3,20.6,0
596381,oncoming_sedans.282,4.3,20.67,0
596382,oncoming_sedans.282,4.3,20.83,0
596383,oncoming_sedans.282,4.2,21.09,0
596384,oncoming_sedans.282,4.2,21.44,0
596385,oncoming_sedans.282,4.1,21.89,0
596386,oncoming_sedans.282,4.0,22.46,0
596387,oncoming_sedans.282,3.9,23.16,0
596388,oncoming_sedans.282,3.7,23.98,0
596389,oncoming_sedans.282,3.6,24.96,0
596390,oncoming_sedans.282,3.4,26.1,0
599278,oncoming_sedans.281,2.7,33.66,0
599279,oncoming_sedans.281,2.9,31.34,0
599280,oncoming_sedans.281,3.1,29.31,0
599281,oncoming_sedans.281,3.2,27.55,0
599282,oncoming_sedans.281,3.4,26.0,0
599283,oncoming_sedans.281,3.6,24.65,0
599284,oncoming_sedans.281,3.8,23.47,0
599285,oncoming_sedans.281,4.0,22.45,0
599286,oncoming_sedans.281,4.2,21.55,0
599287,oncoming_sedans.281,4.3,20.78,0
599288,oncoming_sedans.281,4.4,20.12,0
599289,oncoming_sedans.281,4.6,19.56,0
599290,oncoming_sedans.281,4.7,19.1,0
599291,oncoming_sedans.281,4.8,18.73,0
599292,oncoming_sedans.281,4.9,18.45,0
599293,oncoming_sedans.281,4.9,18.24,0
599294,oncoming_sedans.281,4.9,18.12,0
599295,oncoming_sedans.281,4.9,18.08,0
599296,oncoming_sedans.281,4.9,18.12,0
599297,oncoming_sedans.281,4.9,18.24,0
599298,oncoming_sedans.281,4.9,18.45,0
599299,oncoming_sedans.281,4.8,18.74,0
599300,oncoming_sedans.281,4.7,19.12,0
599301,oncoming_sedans.281,4.6,19.59,0
599302,oncoming_sedans.281,4.4,20.17,0
599303,oncoming_sedans.281,4.3,20.85,0
599338,school_buses.21,1.2,73.66,0
599339,school_buses.21,1.0,85.47,0
599340,school_buses.21,0.9,100.69,0
599341,school_buses.21,0.7,120.81,0
599342,school_buses.21,0.6,148.35,0
599343,school_buses.21,0.5,187.9,0
599344,school_buses.21,0.4,248.66,0
599345,school_buses.21,0.3,352.35,0
599431,oncoming_trucks.106,1.8,50.19,0
599432,oncoming_trucks.106,1.9,46.37,0
599433,oncoming_trucks.106,2.1,43.05,0
599434,oncoming_trucks.106,2.2,40.16,0
599435,oncoming_trucks.106,2.4,37.62,0
599436,oncoming_trucks.106,2.5,35.38,0
599437,oncoming_trucks.106,2.7,33.4,0
599438,oncoming_trucks.106,2.8,31.65,0
599439,oncoming_trucks.106,3.0,30.09,0
599440,oncoming_trucks.106,3.1,28.7,0
599441,oncoming_trucks.106,3.3,27.47,0
599442,oncoming_trucks.106,3.4,26.37,0
599443,oncoming_trucks.106,3.5,25.39,0
599444,oncoming_trucks.106,3.6,24.52,0
599445,oncoming_trucks.106,3.8,23.76,0
599446,oncoming_trucks.106,3.9,23.09,0
599447,oncoming_trucks.106,4.0,22.5,0
599448,oncoming_trucks.106,4.1,22.0,0
599449,oncoming_trucks.106,4.1,21.58,0
599450,oncoming_trucks.106,4.2,21.24,0
599451,oncoming_trucks.106,4.3,20.97,0
599452,oncoming_trucks.106,4.3,20.78,0
599453,oncoming_trucks.106,4.3,20.66,0
599454,oncoming_trucks.106,4.3,20.62,0
599455,oncoming_trucks.106,4.3,20.67,0
599456,oncoming_trucks.106,4.3,20.79,0
599457,oncoming_trucks.106,4.3,21.01,0
599458,oncoming_trucks.106,4.2,21.32,0
599459,oncoming_trucks.106,4.1,21.73,0
599460,oncoming_trucks.106,4.0,22.26,0
599461,oncoming_trucks.106,3.9,22.92,0
599462,oncoming_trucks.106,3.8,23.72,0
599463,oncoming_trucks.106,3.6,24.68,0
599464,oncoming_trucks.106,3.5,25.82,0
599465,oncoming_trucks.106,3.3,27.17,0
599466,oncoming_trucks.106,3.1,28.76,0
599467,oncoming_trucks.106,2.9,30.63,0
599468,oncoming_trucks.106,2.7,32.84,0
602340,school_buses.21,0.2,363.43,0
602341,school_buses.21,0.3,274.57,0
602342,school_buses.21,0.4,215.49,0
602343,school_buses.21,0.5,174.19,0
602344,school_buses.21,0.6,144.18,0
602345,school_buses.21,0.7,121.67,0
602346,school_buses.21,0.9,104.35,0
602347,school_buses.21,1.0,90.74,0
602348,school_buses.21,1.1,79.84,0
602349,school_buses.21,1.3,70.98,0
602350,school_buses.21,1.4,63.67,0
602351,school_buses.21,1.6,57.58,0
602352,school_buses.21,1.7,52.45,0
602353,school_buses.21,1.9,48.1,0
602354,school_buses.21,2.0,44.36,0
602355,school_buses.21,2.2,41.14,0
602356,school_buses.21,2.3,38.35,0
602357,school_buses.21,2.5,35.91,0
602358,school_buses.21,2.6,33.77,0
602359,school_buses.21,2.8,31.9,0
602360,school_buses.21,3.0,30.24,0
602361,school_buses.21,3.1,28.78,0
602362,school_buses.21,3.3,27.49,0
602363,school_buses.21,3.4,26.34,0
602364,school_buses.21,3.5,25.33,0
602365,school_buses.21,3.7,24.44,0
602366,school_buses.21,3.8,23.65,0
602367,school_buses.21,3.9,22.97,0
602368,school_buses.21,4.0,22.38,0
602369,school_buses.21,4.1,21.87,0
602370,school_buses.21,4.2,21.45,0
602371,school_buses.21,4.2,21.11,0
602372,school_buses.21,4.3,20.84,0
602373,school_buses.21,4.3,20.65,0
602374,school_buses.21,4.4,20.53,0
602375,school_buses.21,4.4,20.5,0
602376,school_buses.21,4.4,20.54,0
602377,school_buses.21,4.3,20.66,0
602378,school_buses.21,4.3,20.88,0
602379,school_buses.21,4.2,21.18,0
602380,school_buses.21,4.1,21.59,0
602381,school_buses.21,4.0,22.11,0
602382,school_buses.21,3.9,22.75,0
602383,school_buses.21,3.8,23.53,0
602384,school_buses.21,3.7,24.46,0
602385,school_buses.21,3.5,25.56,0
602386,school_buses.21,3.3,26.85,0
602387,school_buses.21,3.2,28.37,0
602388,school_buses.21,3.0,30.16,0
602389,school_buses.21,2.8,32.25,0
602390,school_buses.21,2.6,34.7,0
602391,school_buses.21,2.4,37.59,0
602392,school_buses.21,2.2,40.99,0
602393,school_buses.21,2.0,45.03,0
602394,school_buses.21,1.8,49.86,0
602395,school_buses.21,1.6,55.68,0
602396,school_buses.21,1.4,62.75,0
602397,school_buses.21,1.3,71.44,0
602398,school_buses.21,1.1,82.31,0
602399,school_buses.21,0.9,96.13,0
602400,school_buses.21,0.8,114.12,0
602401,school_buses.21,0.6,138.26,0
602402,school_buses.21,0.5,171.94,0
602403,school_buses.21,0.4,221.6,0
602404,school_buses.21,0.3,301.05,0
602507,oncoming_sedans.283,3.0,29.43,0
602508,oncoming_sedans.283,3.2,28.15,0
602509,oncoming_sedans.283,3.3,27.03,0
602510,oncoming_sedans.283,3.4,26.03,0
602511,oncoming_sedans.283,3.6,25.16,0
602512,oncoming_sedans.283,3.7,24.4,0
602513,oncoming_sedans.283,3.8,23.74,0
602514,oncoming_sedans.283,3.9,23.18,0
602515,oncoming_sedans.283,3.9,22.71,0
602516,oncoming_sedans.283,4.0,22.33,0
602517,oncoming_sedans.283,4.1,22.04,0
602518,oncoming_sedans.283,4.1,21.83,0
602519,oncoming_sedans.283,4.1,21.7,0
602520,oncoming_sedans.283,4.1,21.66,0
602521,oncoming_sedans.283,4.1,21.71,0
602522,oncoming_sedans.283,4.1,21.84,0
602523,oncoming_sedans.283,4.1,22.07,0
602524,oncoming_sedans.283,4.0,22.39,0
602525,oncoming_sedans.283,3.9,22.82,0
602526,oncoming_sedans.283,3.8,23.36,0
602527,oncoming_sedans.283,3.7,24.02,0
602528,oncoming_sedans.283,3.6,24.81,0
602529,oncoming_sedans.283,3.5,25.75,0
602530,oncoming_sedans.283,3.3,26.85,0
602531,oncoming_sedans.283,3.2,28.13,0
602532,oncoming_sedans.283,3.0,29.62,0
602533,oncoming_sedans.283,2.9,31.34,0
602534,oncoming_sedans.283,2.7,33.33,0
602535,oncoming_sedans.283,2.5,35.64,0
602536,oncoming_sedans.283,2.3,38.31,0
602537,oncoming_sedans.283,2.2,41.41,0
602538,oncoming_sedans.283,2.0,45.02,0
605399,school_buses.21,0.3,340.93,0
605400,school_buses.21,0.4,252.1,0
605401,school_buses.21,0.5,194.8,0
605402,school_buses.21,0.6,155.69,0
605403,school_buses.21,0.7,127.79,0
605404,school_buses.21,0.8,107.2,0
605405,school_buses.21,1.0,91.55,0
605406,school_buses.21,1.1,79.39,0
605407,school_buses.21,1.3,69.74,0
605408,school_buses.21,1.4,61.95,0
605409,school_buses.21,1.6,55.58,0
605410,school_buses.21,1.8,50.31,0
605411,school_buses.21,2.0,45.88,0
605412,school_buses.21,2.1,42.15,0
605413,school_buses.21,2.3,38.96,0
605414,school_buses.21,2.5,36.22,0
605415,school_buses.21,2.6,33.85,0
605416,school_buses.21,2.8,31.8,0
605417,school_buses.21,3.0,30.01,0
605418,school_buses.21,3.1,28.44,0
605419,school_buses.21,3.3,27.07,0
605420,school_buses.21,3.5,25.86,0
605421,school_buses.21,3.6,24.8,0
605422,school_buses.21,3.7,23.88,0
605423,school_buses.21,3.9,23.07,0
605424,school_buses.21,4.0,22.36,0
605425,school_buses.21,4.1,21.76,0
605426,school_buses.21,4.2,21.24,0
605427,school_buses.21,4.3,20.81,0
605428,school_buses.21,4.4,20.47,0
605429,school_buses.21,4.4,20.2,0
605430,school_buses.21,4.5,20.01,0
605431,school_buses.21,4.5,19.9,0
605432,school_buses.21,4.5,19.87,0
605433,school_buses.21,4.5,19.92,0
605434,school_buses.21,4.5,20.05,0
605435,school_buses.21,4.4,20.28,0
605466,oncoming_sedans.285,1.2,76.22,0
605467,oncoming_sedans.285,1.0,86.91,0
605468,oncoming_sedans.285,0.9,99.86,0
605469,oncoming_sedans.285,0.8,115.69,0
605470,oncoming_sedans.285,0.7,135.17,0
605471,oncoming_sedans.285,0.6,159.42,0
605472,oncoming_sedans.285,0.5,189.94,0
605473,oncoming_sedans.285,0.4,228.92,0
605474,oncoming_sedans.285,0.3,279.57,0
605475,oncoming_sedans.285,0.3,346.79,0
605585,oncoming_sedans.284,3.5,25.71,0
605586,oncoming_sedans.284,3.6,24.61,0
605587,oncoming_sedans.284,3.8,23.63,0
605588,oncoming_sedans.284,3.9,22.77,0
605589,oncoming_sedans.284,4.1,22.01,0
605590,oncoming_sedans.284,4.2,21.34,0
605591,oncoming_sedans.284,4.3,20.77,0
605592,oncoming_sedans.284,4.4,20.27,0
605593,oncoming_sedans.284,4.5,19.86,0
605594,oncoming_sedans.284,4.6,19.52,0
605595,oncoming_sedans.284,4.6,19.26,0
605596,oncoming_sedans.284,4.7,19.07,0
605597,oncoming_sedans.284,4.7,18.95,0
605598,oncoming_sedans.284,4.7,18.9,0
605599,oncoming_sedans.284,4.7,18.93,0
605600,oncoming_sedans.284,4.7,19.03,0
605601,oncoming_sedans.284,4.7,19.21,0
605602,oncoming_sedans.284,4.6,19.47,0
605603,oncoming_sedans.284,4.5,19.81,0
605604,oncoming_sedans.284,4.4,20.25,0
605605,oncoming_sedans.284,4.3,20.78,0
605606,oncoming_sedans.284,4.2,21.42,0
605607,oncoming_sedans.284,4.0,22.18,0
605608,oncoming_sedans.284,3.9,23.06,0
605609,oncoming_sedans.284,3.7,24.09,0
605610,oncoming_sedans.284,3.5,25.28,0
608468,oncoming_sedans.285,0.2,360.7,0
608469,oncoming_sedans.285,0.3,275.49,0
608470,oncoming_sedans.285,0.4,217.21,0
608471,oncoming_sedans.285,0.5,175.73,0
608472,oncoming_sedans.285,0.6,145.23,0
608473,oncoming_sedans.285,0.7,122.19,0
608474,oncoming_sedans.285,0.9,104.41,0
608475,oncoming_sedans.285,1.0,90.4,0
608476,oncoming_sedans.285,1.1,79.2,0
608477,oncoming_sedans.285,1.3,70.1,0
608478,oncoming_sedans.285,1.4,62.63,0
608479,oncoming_sedans.285,1.6,56.41,0
608480,oncoming_sedans.285,1.7,51.2,0
608481,oncoming_sedans.285,1.9,46.78,0
608482,oncoming_sedans.285,2.1,43.02,0
608483,oncoming_sedans.285,2.2,39.79,0
608484,oncoming_sedans.285,2.4,36.99,0
608485,oncoming_sedans.285,2.6,34.57,0
608486,oncoming_sedans.285,2.8,32.46,0
608487,oncoming_sedans.285,2.9,30.62,0
608488,oncoming_sedans.285,3.1,29.0,0
608489,oncoming_sedans.285,3.2,27.58,0
608490,oncoming_sedans.285,3.4,26.34,0
608491,oncoming_sedans.285,3.5,25.24,0
608492,oncoming_sedans.285,3.7,24.29,0
608493,oncoming_sedans.285,3.8,23.46,0
608494,oncoming_sedans.285,3.9,22.74,0
608495,oncoming_sedans.285,4.0,22.12,0
608496,oncoming_sedans.285,4.1,21.61,0
608497,oncoming_sedans.285,4.2,21.18,0
608498,oncoming_sedans.285,4.3,20.84,0
608499,oncoming_sedans.285,4.3,20.58,0
608500,oncoming_sedans.285,4.4,20.41,0
608501,oncoming_sedans.285,4.4,20.32,0
608502,oncoming_sedans.285,4.4,20.31,0
608503,oncoming_sedans.285,4.4,20.39,0
608504,oncoming_sedans.285,4.4,20.56,0
608505,oncoming_sedans.285,4.3,20.82,0
608537,oncoming_trucks.107,1.9,46.7,0
608538,oncoming_trucks.107,1.7,51.94,0
608539,oncoming_trucks.107,1.5,58.29,0
608540,oncoming_trucks.107,1.4,66.09,0
608541,oncoming_trucks.107,1.2,75.8,0
608542,oncoming_trucks.107,1.0,88.08,0
608543,oncoming_trucks.107,0.9,103.94,0
608544,oncoming_trucks.107,0.7,124.94,0
608545,oncoming_trucks.107,0.6,153.7,0
608546,oncoming_trucks.107,0.5,194.95,0
608547,oncoming_trucks.107,0.3,258.14,0
608548,oncoming_trucks.107,0.2,365.29,0
608649,oncoming_sedans.287,2.1,43.31,0
608650,oncoming_sedans.287,2.2,40.22,0
608651,oncoming_sedans.287,2.4,37.52,0
608652,oncoming_sedans.287,2.5,35.16,0
608653,oncoming_sedans.287,2.7,33.1,0
608654,oncoming_sedans.287,2.9,31.28,0
608655,oncoming_sedans.287,3.0,29.69,0
608656,oncoming_sedans.287,3.2,28.29,0
608657,oncoming_sedans.287,3.3,27.07,0
608658,oncoming_sedans.287,3.4,26.0,0
608659,oncoming_sedans.287,3.6,25.08,0
608660,oncoming_sedans.287,3.7,24.28,0
608661,oncoming_sedans.287,3.8,23.61,0
608662,oncoming_sedans.287,3.9,23.04,0
608663,oncoming_sedans.287,4.0,22.59,0
608664,oncoming_sedans.287,4.0,22.23,0
608665,oncoming_sedans.287,4.1,21.96,0
608666,oncoming_sedans.287,4.1,21.79,0
608667,oncoming_sedans.287,4.1,21.71,0
608668,oncoming_sedans.287,4.1,21.73,0
608669,oncoming_sedans.287,4.1,21.83,0
608670,oncoming_sedans.287,4.1,22.03,0
608671,oncoming_sedans.287,4.0,22.33,0
608672,oncoming_sedans.287,3.9,22.73,0
608673,oncoming_sedans.287,3.9,23.24,0
608674,oncoming_sedans.287,3.8,23.85,0
608675,oncoming_sedans.287,3.6,24.59,0
608676,oncoming_sedans.287,3.5,25.46,0
608677,oncoming_sedans.287,3.4,26.46,0
608678,oncoming_sedans.287,3.2,27.62,0
608679,oncoming_sedans.287,3.1,28.95,0
608680,oncoming_sedans.287,2.9,30.46,0
611540,oncoming_trucks.107,0.2,360.04,0
611541,oncoming_trucks.107,0.3,271.59,0
611542,oncoming_trucks.107,0.4,212.93,0
611543,oncoming_trucks.107,0.5,172.0,0
611544,oncoming_trucks.107,0.6,142.28,0
611545,oncoming_trucks.107,0.7,120.01,0
611546,oncoming_trucks.107,0.9,102.89,0
611547,oncoming_trucks.107,1.0,89.43,0
611548,oncoming_trucks.107,1.1,78.65,0
611549,oncoming_trucks.107,1.3,69.89,0
611550,oncoming_trucks.107,1.4,62.66,0
611551,oncoming_trucks.107,1.6,56.64,0
611552,oncoming_trucks.107,1.7,51.57,0
611553,oncoming_trucks.107,1.9,47.26,0
611554,oncoming_trucks.107,2.1,43.57,0
611555,oncoming_trucks.107,2.2,40.39,0
611556,oncoming_trucks.107,2.4,37.64,0
611557,oncoming_trucks.107,2.5,35.24,0
611558,oncoming_trucks.107,2.7,33.14,0
611559,oncoming_trucks.107,2.9,31.3,0
611560,oncoming_trucks.107,3.0,29.68,0
611561,oncoming_trucks.107,3.2,28.26,0
611562,oncoming_trucks.107,3.3,27.0,0
611563,oncoming_trucks.107,3.5,25.9,0
611564,oncoming_trucks.107,3.6,24.93,0
611565,oncoming_trucks.107,3.7,24.09,0
611566,oncoming_trucks.107,3.8,23.36,0
611567,oncoming_trucks.107,3.9,22.73,0
611568,oncoming_trucks.107,4.0,22.2,0
611569,oncoming_trucks.107,4.1,21.76,0
611570,oncoming_trucks.107,4.2,21.4,0
611571,oncoming_trucks.107,4.2,21.13,0
611572,oncoming_trucks.107,4.3,20.95,0
611573,oncoming_trucks.107,4.3,20.85,0
611574,oncoming_trucks.107,4.3,20.83,0
611575,oncoming_trucks.107,4.3,20.9,0
611576,oncoming_trucks.107,4.2,21.06,0
611577,oncoming_trucks.107,4.2,21.31,0
611578,oncoming_trucks.107,4.1,21.67,0
611579,oncoming_trucks.107,4.0,22.13,0
611580,oncoming_trucks.107,3.9,22.72,0
611581,oncoming_trucks.107,3.8,23.44,0
611582,oncoming_trucks.107,3.7,24.3,0
611728,oncoming_sedans.288,2.7,33.63,0
611729,oncoming_sedans.288,2.9,31.31,0
611730,oncoming_sedans.288,3.1,29.29,0
611731,oncoming_sedans.288,3.2,27.53,0
611732,oncoming_sedans.288,3.4,25.99,0
611733,oncoming_sedans.288,3.6,24.65,0
611734,oncoming_sedans.288,3.8,23.47,0
611735,oncoming_sedans.288,4.0,22.44,0
611736,oncoming_sedans.288,4.2,21.55,0
611737,oncoming_sedans.288,4.3,20.78,0
611738,oncoming_sedans.288,4.4,20.12,0
611739,oncoming_sedans.288,4.6,19.57,0
611740,oncoming_sedans.288,4.7,19.11,0
611741,oncoming_sedans.288,4.8,18.74,0
611742,oncoming_sedans.288,4.8,18.45,0
611743,oncoming_sedans.288,4.9,18.25,0
611744,oncoming_sedans.288,4.9,18.13,0
611745,oncoming_sedans.288,4.9,18.09,0
611746,oncoming_sedans.288,4.9,18.13,0
611747,oncoming_sedans.288,4.9,18.25,0
611748,oncoming_sedans.288,4.8,18.46,0
611749,oncoming_sedans.288,4.8,18.75,0
611750,oncoming_sedans.288,4.7,19.13,0
611751,oncoming_sedans.288,4.6,19.61,0
611752,oncoming_sedans.288,4.4,20.19,0
611753,oncoming_sedans.288,4.3,20.87,0
614630,oncoming_sedans.286,2.2,40.01,0
614631,oncoming_sedans.286,2.4,36.63,0
614632,oncoming_sedans.286,2.7,33.71,0
614633,oncoming_sedans.286,2.9,31.16,0
614634,oncoming_sedans.286,3.1,28.94,0
614635,oncoming_sedans.286,3.3,26.98,0
614636,oncoming_sedans.286,3.5,25.25,0
614637,oncoming_sedans.286,3.8,23.71,0
614638,oncoming_sedans.286,4.0,22.34,0
614639,oncoming_sedans.286,4.2,21.12,0
614640,oncoming_sedans.286,4.5,20.02,0
614641,oncoming_sedans.286,4.7,19.03,0
614642,oncoming_sedans.286,4.9,18.14,0
614643,oncoming_sedans.286,5.2,17.34,0
614644,oncoming_sedans.286,5.4,16.61,0
614645,oncoming_sedans.286,5.6,15.96,0
614646,oncoming_sedans.286,5.8,15.36,0
614647,oncoming_sedans.286,6.0,14.83,0
614648,oncoming_sedans.286,6.2,14.34,0
614649,oncoming_sedans.286,6.4,13.91,0
614650,oncoming_sedans.286,6.6,13.52,0
614651,oncoming_sedans.286,6.8,13.17,0
614652,oncoming_sedans.286,7.0,12.87,0
614653,oncoming_sedans.286,7.1,12.6,0
614677,oncoming_trucks.108,7.4,12.15,0
614678,oncoming_trucks.108,7.4,12.11,0
614679,oncoming_trucks.108,7.4,12.11,0
614680,oncoming_trucks.108,7.4,12.15,0
614681,oncoming_trucks.108,7.3,12.23,0
614682,oncoming_trucks.108,7.2,12.35,0
614683,oncoming_trucks.108,7.2,12.51,0
614684,oncoming_trucks.108,7.0,12.73,0
614685,oncoming_trucks.108,6.9,13.0,0
614686,oncoming_trucks.108,6.7,13.34,0
614687,oncoming_trucks.108,6.5,13.74,0
614688,oncoming_trucks.108,6.3,14.22,0
614689,oncoming_trucks.108,6.0,14.79,0
614690,oncoming_trucks.108,5.8,15.46,0
614691,oncoming_trucks.108,5.5,16.24,0
614692,oncoming_trucks.108,5.2,17.15,0
614693,oncoming_trucks.108,4.9,18.21,0
614694,oncoming_trucks.108,4.6,19.45,0
614695,oncoming_trucks.108,4.3,20.88,0
614696,oncoming_trucks.108,4.0,22.56,0
614697,oncoming_trucks.108,3.6,24.52,0
614698,oncoming_trucks.108,3.3,26.83,0
614784,oncoming_sedans.290,0.2,369.04,0
614785,oncoming_sedans.290,0.3,288.92,0
614786,oncoming_sedans.290,0.4,231.42,0
614787,oncoming_sedans.290,0.5,188.96,0
614788,oncoming_sedans.290,0.6,156.87,0
614789,oncoming_sedans.290,0.7,132.13,0
614790,oncoming_sedans.290,0.8,112.72,0
614791,oncoming_sedans.290,0.9,97.27,0
614792,oncoming_sedans.290,1.1,84.81,0
614793,oncoming_sedans.290,1.2,74.63,0
614794,oncoming_sedans.290,1.4,66.24,0
614795,oncoming_sedans.290,1.5,59.26,0
614796,oncoming_sedans.290,1.7,53.4,0
614797,oncoming_sedans.290,1.8,48.45,0
614798,oncoming_sedans.290,2.0,44.24,0
614799,oncoming_sedans.290,2.2,40.63,0
614800,oncoming_sedans.290,2.4,37.54,0
614801,oncoming_sedans.290,2.6,34.86,0
614802,oncoming_sedans.290,2.7,32.55,0
614803,oncoming_sedans.290,2.9,30.54,0
614804,oncoming_sedans.290,3.1,28.79,0
614805,oncoming_sedans.290,3.3,27.27,0
614806,oncoming_sedans.290,3.4,25.95,0
614807,oncoming_sedans.290,3.6,24.81,0
614808,oncoming_sedans.290,3.8,23.82,0
614809,oncoming_sedans.290,3.9,22.98,0
614810,oncoming_sedans.290,4.0,22.26,0
614811,oncoming_sedans.290,4.1,21.66,0
614812,oncoming_sedans.290,4.2,21.17,0
614813,oncoming_sedans.290,4.3,20.79,0
614814,oncoming_sedans.290,4.4,20.5,0
614815,oncoming_sedans.290,4.4,20.31,0
614816,oncoming_sedans.290,4.4,20.21,0
614817,oncoming_sedans.290,4.4,20.21,0
614818,oncoming_sedans.290,4.4,20.3,0
614819,oncoming_sedans.290,4.4,20.48,0
614820,oncoming_sedans.290,4.3,20.76,0
614821,oncoming_sedans.290,4.2,21.14,0
614822,oncoming_sedans.290,4.1,21.62,0
614823,oncoming_sedans.290,4.0,22.22,0
617740,oncoming_trucks.109,2.8,32.2,0
617741,oncoming_trucks.109,2.9,30.63,0
617742,oncoming_trucks.109,3.1,29.23,0
617743,oncoming_trucks.109,3.2,27.99,0
617744,oncoming_trucks.109,3.3,26.89,0
617745,oncoming_trucks.109,3.5,25.91,0
617746,oncoming_trucks.109,3.6,25.04,0
617747,oncoming_trucks.109,3.7,24.28,0
617748,oncoming_trucks.109,3.8,23.61,0
617749,oncoming_trucks.109,3.9,23.04,0
617750,oncoming_trucks.109,4.0,22.55,0
617751,oncoming_trucks.109,4.0,22.14,0
617752,oncoming_trucks.109,4.1,21.82,0
617753,oncoming_trucks.109,4.1,21.57,0
617754,oncoming_trucks.109,4.2,21.41,0
617755,oncoming_trucks.109,4.2,21.33,0
617756,oncoming_trucks.109,4.2,21.33,0
617757,oncoming_trucks.109,4.2,21.41,0
617758,oncoming_trucks.109,4.1,21.6,0
617759,oncoming_trucks.109,4.1,21.87,0
617760,oncoming_trucks.109,4.0,22.26,0
617761,oncoming_trucks.109,3.9,22.77,0
617762,oncoming_trucks.109,3.8,23.4,0
617763,oncoming_trucks.109,3.7,24.19,0
617764,oncoming_trucks.109,3.6,25.14,0
617765,oncoming_trucks.109,3.4,26.28,0
617766,oncoming_trucks.109,3.2,27.64,0
617767,oncoming_trucks.109,3.1,29.25,0
617768,oncoming_trucks.109,2.9,31.18,0
617769,oncoming_trucks.109,2.7,33.46,0
617770,oncoming_trucks.109,2.5,36.18,0
617771,oncoming_trucks.109,2.3,39.44,0
617772,oncoming_trucks.109,2.1,43.37,0
617773,oncoming_trucks.109,1.9,48.11,0
617774,oncoming_trucks.109,1.7,53.85,0
617775,oncoming_trucks.109,1.5,60.88,0
617776,oncoming_trucks.109,1.3,69.59,0
617777,oncoming_trucks.109,1.1,80.52,0
617778,oncoming_trucks.109,0.9,94.51,0
617779,oncoming_trucks.109,0.8,112.85,0
617780,oncoming_trucks.109,0.7,137.62,0
617781,oncoming_trucks.109,0.5,172.49,0
617782,oncoming_trucks.109,0.4,224.47,0
617783,oncoming_trucks.109,0.3,308.86,0
617852,oncoming_sedans.289,0.2,371.51,0
617853,oncoming_sedans.289,0.3,290.63,0
617854,oncoming_sedans.289,0.4,232.63,0
617855,oncoming_sedans.289,0.5,189.84,0
617856,oncoming_sedans.289,0.6,157.52,0
617857,oncoming_sedans.289,0.7,132.62,0
617858,oncoming_sedans.289,0.8,113.09,0
617859,oncoming_sedans.289,0.9,97.56,0
617860,oncoming_sedans.289,1.1,85.03,0
617861,oncoming_sedans.289,1.2,74.81,0
617862,oncoming_sedans.289,1.3,66.38,0
617863,oncoming_sedans.289,1.5,59.37,0
617864,oncoming_sedans.289,1.7,53.49,0
617865,oncoming_sedans.289,1.8,48.52,0
617866,oncoming_sedans.289,2.0,44.3,0
617867,oncoming_sedans.289,2.2,40.68,0
617868,oncoming_sedans.289,2.4,37.57,0
617869,oncoming_sedans.289,2.6,34.89,0
617870,oncoming_sedans.289,2.7,32.57,0
617871,oncoming_sedans.289,2.9,30.56,0
617872,oncoming_sedans.289,3.1,28.81,0
617873,oncoming_sedans.289,3.3,27.28,0
617874,oncoming_sedans.289,3.4,25.96,0
617875,oncoming_sedans.289,3.6,24.81,0
617876,oncoming_sedans.289,3.8,23.82,0
617877,oncoming_sedans.289,3.9,22.98,0
617878,oncoming_sedans.289,4.0,22.26,0
617879,oncoming_sedans.289,4.1,21.66,0
617880,oncoming_sedans.289,4.2,21.17,0
617881,oncoming_sedans.289,4.3,20.78,0
617882,oncoming_sedans.289,4.4,20.49,0
617883,oncoming_sedans.289,4.4,20.3,0
617884,oncoming_sedans.289,4.4,20.2,0
617885,oncoming_sedans.289,4.4,20.19,0
617886,oncoming_sedans.289,4.4,20.28,0
617887,oncoming_sedans.289,4.4,20.46,0
617888,oncoming_sedans.289,4.3,20.73,0
617889,oncoming_sedans.289,4.2,21.11,0
617890,oncoming_sedans.289,4.1,21.59,0
617891,oncoming_sedans.289,4.0,22.18,0
620784,oncoming_trucks.109,0.2,391.1,0
620785,oncoming_trucks.109,0.3,288.89,0
620786,oncoming_trucks.109,0.4,223.05,0
620787,oncoming_trucks.109,0.5,178.11,0
620788,oncoming_trucks.109,0.6,146.05,0
620789,oncoming_trucks.109,0.7,122.35,0
620822,oncoming_sedans.291,4.1,22.03,0
620823,oncoming_sedans.291,4.2,21.38,0
620824,oncoming_sedans.291,4.3,20.8,0
620825,oncoming_sedans.291,4.4,20.31,0
620826,oncoming_sedans.291,4.5,19.88,0
620827,oncoming_sedans.291,4.6,19.53,0
620828,oncoming_sedans.291,4.6,19.24,0
620829,oncoming_sedans.291,4.7,19.02,0
620830,oncoming_sedans.291,4.7,18.87,0
620831,oncoming_sedans.291,4.8,18.79,0
620832,oncoming_sedans.291,4.8,18.78,0
620833,oncoming_sedans.291,4.7,18.85,0
620834,oncoming_sedans.291,4.7,18.99,0
620835,oncoming_sedans.291,4.7,19.21,0
620836,oncoming_sedans.291,4.6,19.52,0
620837,oncoming_sedans.291,4.5,19.92,0
620838,oncoming_sedans.291,4.4,20.43,0
620839,oncoming_sedans.291,4.3,21.04,0
620840,oncoming_sedans.291,4.1,21.79,0
620841,oncoming_sedans.291,3.9,22.68,0
620842,oncoming_sedans.291,3.8,23.72,0
620843,oncoming_sedans.291,3.6,24.94,0
620844,oncoming_sedans.291,3.4,26.36,0
620845,oncoming_sedans.291,3.2,28.02,0
620846,oncoming_sedans.291,3.0,29.95,0
620847,oncoming_sedans.291,2.8,32.19,0
620848,oncoming_sedans.291,2.6,34.82,0
620920,oncoming_sedans.293,0.2,371.84,0
620921,oncoming_sedans.293,0.3,290.84,0
620922,oncoming_sedans.293,0.4,232.77,0
620923,oncoming_sedans.293,0.5,189.93,0
620924,oncoming_sedans.293,0.6,157.59,0
620925,oncoming_sedans.293,0.7,132.66,0
620926,oncoming_sedans.293,0.8,113.13,0
620927,oncoming_sedans.293,0.9,97.58,0
620928,oncoming_sedans.293,1.1,85.05,0
620929,oncoming_sedans.293,1.2,74.82,0
620930,oncoming_sedans.293,1.3,66.39,0
620931,oncoming_sedans.293,1.5,59.38,0
620932,oncoming_sedans.293,1.7,53.5,0
620933,oncoming_sedans.293,1.8,48.53,0
620934,oncoming_sedans.293,2.0,44.3,0
620935,oncoming_sedans.293,2.2,40.68,0
620936,oncoming_sedans.293,2.4,37.58,0
620937,oncoming_sedans.293,2.6,34.9,0
620938,oncoming_sedans.293,2.7,32.57,0
620939,oncoming_sedans.293,2.9,30.56,0
620940,oncoming_sedans.293,3.1,28.81,0
620941,oncoming_sedans.293,3.3,27.28,0
620942,oncoming_sedans.293,3.4,25.96,0
620943,oncoming_sedans.293,3.6,24.81,0
620944,oncoming_sedans.293,3.8,23.82,0
620945,oncoming_sedans.293,3.9,22.98,0
620946,oncoming_sedans.293,4.0,22.26,0
620947,oncoming_sedans.293,4.1,21.66,0
620948,oncoming_sedans.293,4.2,21.17,0
620949,oncoming_sedans.293,4.3,20.78,0
620950,oncoming_sedans.293,4.4,20.49,0
620951,oncoming_sedans.293,4.4,20.3,0
620952,oncoming_sedans.293,4.4,20.2,0
620953,oncoming_sedans.293,4.4,20.19,0
620954,oncoming_sedans.293,4.4,20.28,0
620955,oncoming_sedans.293,4.4,20.46,0
620956,oncoming_sedans.293,4.3,20.73,0
620957,oncoming_sedans.293,4.2,21.11,0
620958,oncoming_sedans.293,4.1,21.59,0
620959,oncoming_sedans.293,4.0,22.18,0
623891,oncoming_trucks.110,2.8,31.62,0
623892,oncoming_trucks.110,3.0,30.15,0
623893,oncoming_trucks.110,3.1,28.85,0
623894,oncoming_trucks.110,3.2,27.69,0
623895,oncoming_trucks.110,3.4,26.65,0
623896,oncoming_trucks.110,3.5,25.73,0
623897,oncoming_trucks.110,3.6,24.92,0
623898,oncoming_trucks.110,3.7,24.21,0
623899,oncoming_trucks.110,3.8,23.59,0
623900,oncoming_trucks.110,3.9,23.06,0
623901,oncoming_trucks.110,4.0,22.61,0
623902,oncoming_trucks.110,4.0,22.24,0
623903,oncoming_trucks.110,4.1,21.94,0
623904,oncoming_trucks.110,4.1,21.73,0
623905,oncoming_trucks.110,4.1,21.59,0
623906,oncoming_trucks.110,4.2,21.54,0
623907,oncoming_trucks.110,4.1,21.56,0
623908,oncoming_trucks.110,4.1,21.68,0
623909,oncoming_trucks.110,4.1,21.88,0
623910,oncoming_trucks.110,4.0,22.18,0
623911,oncoming_trucks.110,4.0,22.58,0
623912,oncoming_trucks.110,3.9,23.11,0
623913,oncoming_trucks.110,3.8,23.76,0
623914,oncoming_trucks.110,3.6,24.55,0
623915,oncoming_trucks.110,3.5,25.5,0
623916,oncoming_trucks.110,3.4,26.63,0
623917,oncoming_trucks.110,3.2,27.98,0
623918,oncoming_trucks.110,3.0,29.56,0
623919,oncoming_trucks.110,2.8,31.43,0
623920,oncoming_trucks.110,2.7,33.62,0
623921,oncoming_trucks.110,2.5,36.2,0
623922,oncoming_trucks.110,2.3,39.26,0
623923,oncoming_trucks.110,2.1,42.88,0
623924,oncoming_trucks.110,1.9,47.19,0
623925,oncoming_trucks.110,1.7,52.38,0
623926,oncoming_trucks.110,1.5,58.65,0
623927,oncoming_trucks.110,1.3,66.34,0
623928,oncoming_trucks.110,1.2,75.87,0
623929,oncoming_trucks.110,1.0,87.89,0
623930,oncoming_trucks.110,0.9,103.35,0
623931,oncoming_trucks.110,0.7,123.71,0
623932,oncoming_trucks.110,0.6,151.41,0
623933,oncoming_trucks.110,0.5,190.74,0
623934,oncoming_trucks.110,0.4,250.15,0
623935,oncoming_trucks.110,0.3,348.63,0
623988,oncoming_sedans.292,0.2,371.72,0
623989,oncoming_sedans.292,0.3,290.77,0
623990,oncoming_sedans.292,0.4,232.72,0
623991,oncoming_sedans.292,0.5,189.9,0
623992,oncoming_sedans.292,0.6,157.56,0
623993,oncoming_sedans.292,0.7,132.65,0
623994,oncoming_sedans.292,0.8,113.12,0
623995,oncoming_sedans.292,0.9,97.57,0
623996,oncoming_sedans.292,1.1,85.04,0
623997,oncoming_sedans.292,1.2,74.82,0
623998,oncoming_sedans.292,1.3,66.39,0
623999,oncoming_sedans.292,1.5,59.38,0
624000,oncoming_sedans.292,1.7,53.5,0
624001,oncoming_sedans.292,1.8,48.53,0
624002,oncoming_sedans.292,2.0,44.3,0
624003,oncoming_sedans.292,2.2,40.68,0
624004,oncoming_sedans.292,2.4,37.58,0
624005,oncoming_sedans.292,2.6,34.89,0
624006,oncoming_sedans.292,2.7,32.57,0
624007,oncoming_sedans.292,2.9,30.56,0
624008,oncoming_sedans.292,3.1,28.81,0
624009,oncoming_sedans.292,3.3,27.28,0
624010,oncoming_sedans.292,3.4,25.96,0
624011,oncoming_sedans.292,3.6,24.81,0
624012,oncoming_sedans.292,3.8,23.82,0
624013,oncoming_sedans.292,3.9,22.98,0
624014,oncoming_sedans.292,4.0,22.26,0
624015,oncoming_sedans.292,4.1,21.66,0
624016,oncoming_sedans.292,4.2,21.17,0
624017,oncoming_sedans.292,4.3,20.78,0
624018,oncoming_sedans.292,4.4,20.49,0
624019,oncoming_sedans.292,4.4,20.3,0
624020,oncoming_sedans.292,4.4,20.2,0
624021,oncoming_sedans.292,4.4,20.19,0
624022,oncoming_sedans.292,4.4,20.28,0
624023,oncoming_sedans.292,4.4,20.46,0
624024,oncoming_sedans.292,4.3,20.73,0
624025,oncoming_sedans.292,4.2,21.11,0
624026,oncoming_sedans.292,4.1,21.59,0
624027,oncoming_sedans.292,4.0,22.18,0
624063,school_buses.22,1.1,81.72,0
624064,school_buses.22,0.9,95.07,0
624065,school_buses.22,0.8,112.37,0
624066,school_buses.22,0.7,135.44,0
624067,school_buses.22,0.5,167.4,0
624068,school_buses.22,0.4,214.06,0
624069,school_buses.22,0.3,287.52,0
626937,oncoming_trucks.110,0.3,311.39,0
626938,oncoming_trucks.110,0.4,238.78,0
626939,oncoming_trucks.110,0.5,189.53,0
626940,oncoming_trucks.110,0.6,154.56,0
626941,oncoming_trucks.110,0.7,128.83,0
626942,oncoming_trucks.110,0.8,109.33,0
626974,oncoming_sedans.295,4.0,22.33,0
626975,oncoming_sedans.295,4.1,21.7,0
626976,oncoming_sedans.295,4.2,21.16,0
626977,oncoming_sedans.295,4.3,20.69,0
626978,oncoming_sedans.295,4.4,20.3,0
626979,oncoming_sedans.295,4.5,19.98,0
626980,oncoming_sedans.295,4.5,19.74,0
626981,oncoming_sedans.295,4.6,19.56,0
626982,oncoming_sedans.295,4.6,19.46,0
626983,oncoming_sedans.295,4.6,19.43,0
626984,oncoming_sedans.295,4.6,19.48,0
626985,oncoming_sedans.295,4.6,19.6,0
626986,oncoming_sedans.295,4.5,19.8,0
626987,oncoming_sedans.295,4.5,20.09,0
626988,oncoming_sedans.295,4.4,20.46,0
626989,oncoming_sedans.295,4.3,20.94,0
626990,oncoming_sedans.295,4.2,21.52,0
626991,oncoming_sedans.295,4.0,22.21,0
626992,oncoming_sedans.295,3.9,23.03,0
626993,oncoming_sedans.295,3.7,23.99,0
626994,oncoming_sedans.295,3.6,25.11,0
626995,oncoming_sedans.295,3.4,26.41,0
626996,oncoming_sedans.295,3.2,27.9,0
626997,oncoming_sedans.295,3.0,29.63,0
626998,oncoming_sedans.295,2.8,31.63,0
626999,oncoming_sedans.295,2.6,33.94,0
627000,oncoming_sedans.295,2.4,36.6,0
627001,oncoming_sedans.295,2.3,39.7,0
627002,oncoming_sedans.295,2.1,43.31,0
627062,school_buses.22,0.3,352.64,0
627063,school_buses.22,0.3,268.0,0
627064,school_buses.22,0.4,211.25,0
627065,school_buses.22,0.5,171.33,0
627066,school_buses.22,0.6,142.18,0
627067,school_buses.22,0.7,120.23,0
627068,school_buses.22,0.9,103.28,0
627069,school_buses.22,1.0,89.93,0
627070,school_buses.22,1.1,79.21,0
627071,school_buses.22,1.3,70.49,0
627072,school_buses.22,1.4,63.28,0
627073,school_buses.22,1.6,57.27,0
627074,school_buses.22,1.7,52.2,0
627075,school_buses.22,1.9,47.88,0
627076,school_buses.22,2.0,44.18,0
627077,school_buses.22,2.2,40.99,0
627078,school_buses.22,2.3,38.22,0
627079,school_buses.22,2.5,35.8,0
627080,school_buses.22,2.7,33.68,0
627081,school_buses.22,2.8,31.81,0
627082,school_buses.22,3.0,30.17,0
627083,school_buses.22,3.1,28.71,0
627084,school_buses.22,3.3,27.43,0
627085,school_buses.22,3.4,26.29,0
627086,school_buses.22,3.5,25.28,0
627087,school_buses.22,3.7,24.39,0
627088,school_buses.22,3.8,23.61,0
627089,school_buses.22,3.9,22.93,0
627090,school_buses.22,4.0,22.34,0
627091,school_buses.22,4.1,21.84,0
627092,school_buses.22,4.2,21.42,0
627093,school_buses.22,4.2,21.08,0
627094,school_buses.22,4.3,20.81,0
627095,school_buses.22,4.3,20.62,0
627096,school_buses.22,4.4,20.51,0
627097,school_buses.22,4.4,20.47,0
627098,school_buses.22,4.4,20.52,0
627099,school_buses.22,4.3,20.64,0
627100,school_buses.22,4.3,20.86,0
627101,school_buses.22,4.2,21.16,0
627102,school_buses.22,4.1,21.57,0
627103,school_buses.22,4.1,22.09,0
627104,school_buses.22,3.9,22.73,0
627105,school_buses.22,3.8,23.51,0
627106,school_buses.22,3.7,24.43,0
627107,school_buses.22,3.5,25.53,0
627108,school_buses.22,3.3,26.83,0
627109,school_buses.22,3.2,28.35,0
627110,school_buses.22,3.0,30.13,0
627111,school_buses.22,2.8,32.22,0
627112,school_buses.22,2.6,34.67,0
627113,school_buses.22,2.4,37.55,0
627114,school_buses.22,2.2,40.96,0
627115,school_buses.22,2.0,44.99,0
627116,school_buses.22,1.8,49.82,0
627117,school_buses.22,1.6,55.62,0
627118,school_buses.22,1.4,62.68,0
627119,school_buses.22,1.3,71.37,0
627120,school_buses.22,1.1,82.22,0
627121,school_buses.22,0.9,96.02,0
627122,school_buses.22,0.8,113.99,0
627123,school_buses.22,0.6,138.08,0
627124,school_buses.22,0.5,171.69,0
627125,school_buses.22,0.4,221.25,0
627126,school_buses.22,0.3,300.5,0
630048,oncoming_sedans.296,3.5,25.78,0
630049,oncoming_sedans.296,3.6,24.67,0
630050,oncoming_sedans.296,3.8,23.68,0
630051,oncoming_sedans.296,3.9,22.81,0
630052,oncoming_sedans.296,4.1,22.05,0
630053,oncoming_sedans.296,4.2,21.38,0
630054,oncoming_sedans.296,4.3,20.8,0
630055,oncoming_sedans.296,4.4,20.3,0
630056,oncoming_sedans.296,4.5,19.88,0
630057,oncoming_sedans.296,4.6,19.54,0
630058,oncoming_sedans.296,4.6,19.28,0
630059,oncoming_sedans.296,4.7,19.08,0
630060,oncoming_sedans.296,4.7,18.96,0
630061,oncoming_sedans.296,4.7,18.91,0
630062,oncoming_sedans.296,4.7,18.93,0
630063,oncoming_sedans.296,4.7,19.03,0
630064,oncoming_sedans.296,4.7,19.21,0
630065,oncoming_sedans.296,4.6,19.47,0
630066,oncoming_sedans.296,4.5,19.81,0
630067,oncoming_sedans.296,4.4,20.24,0
630068,oncoming_sedans.296,4.3,20.77,0
630069,oncoming_sedans.296,4.2,21.41,0
630070,oncoming_sedans.296,4.0,22.16,0
630071,oncoming_sedans.296,3.9,23.04,0
630072,oncoming_sedans.296,3.7,24.07,0
630073,oncoming_sedans.296,3.5,25.25,0
630121,school_buses.22,0.3,341.07,0
630122,school_buses.22,0.4,252.18,0
630123,school_buses.22,0.5,194.85,0
630124,school_buses.22,0.6,155.72,0
630125,school_buses.22,0.7,127.82,0
630126,school_buses.22,0.8,107.22,0
630127,school_buses.22,1.0,91.57,0
630128,school_buses.22,1.1,79.4,0
630129,school_buses.22,1.3,69.74,0
630130,school_buses.22,1.4,61.96,0
630131,school_buses.22,1.6,55.59,0
630132,school_buses.22,1.8,50.31,0
630133,school_buses.22,1.9,45.89,0
630134,school_buses.22,2.1,42.15,0
630135,school_buses.22,2.3,38.96,0
630136,school_buses.22,2.5,36.22,0
630137,school_buses.22,2.6,33.86,0
630138,school_buses.22,2.8,31.8,0
630139,school_buses.22,3.0,30.01,0
630140,school_buses.22,3.1,28.44,0
630141,school_buses.22,3.3,27.07,0
630142,school_buses.22,3.5,25.86,0
630143,school_buses.22,3.6,24.8,0
630144,school_buses.22,3.7,23.88,0
630145,school_buses.22,3.9,23.07,0
630146,school_buses.22,4.0,22.36,0
630147,school_buses.22,4.1,21.76,0
630148,school_buses.22,4.2,21.24,0
630149,school_buses.22,4.3,20.81,0
630150,school_buses.22,4.4,20.47,0
630151,school_buses.22,4.4,20.2,0
630152,school_buses.22,4.5,20.01,0
630153,school_buses.22,4.5,19.9,0
630154,school_buses.22,4.5,19.87,0
630155,school_buses.22,4.5,19.92,0
630156,school_buses.22,4.5,20.05,0
630157,school_buses.22,4.4,20.27,0
630188,oncoming_sedans.294,1.2,76.22,0
630189,oncoming_sedans.294,1.0,86.9,0
630190,oncoming_sedans.294,0.9,99.85,0
630191,oncoming_sedans.294,0.8,115.67,0
630192,oncoming_sedans.294,0.7,135.16,0
630193,oncoming_sedans.294,0.6,159.4,0
630194,oncoming_sedans.294,0.5,189.91,0
630195,oncoming_sedans.294,0.4,228.89,0
630196,oncoming_sedans.294,0.3,279.53,0
630197,oncoming_sedans.294,0.3,346.74,0
633112,oncoming_sedans.297,2.1,43.31,0
633113,oncoming_sedans.297,2.2,40.22,0
633114,oncoming_sedans.297,2.4,37.52,0
633115,oncoming_sedans.297,2.5,35.16,0
633116,oncoming_sedans.297,2.7,33.1,0
633117,oncoming_sedans.297,2.9,31.28,0
633118,oncoming_sedans.297,3.0,29.69,0
633119,oncoming_sedans.297,3.2,28.29,0
633120,oncoming_sedans.297,3.3,27.07,0
633121,oncoming_sedans.297,3.4,26.0,0
633122,oncoming_sedans.297,3.6,25.08,0
633123,oncoming_sedans.297,3.7,24.28,0
633124,oncoming_sedans.297,3.8,23.61,0
633125,oncoming_sedans.297,3.9,23.04,0
633126,oncoming_sedans.297,4.0,22.58,0
633127,oncoming_sedans.297,4.0,22.23,0
633128,oncoming_sedans.297,4.1,21.96,0
633129,oncoming_sedans.297,4.1,21.79,0
633130,oncoming_sedans.297,4.1,21.71,0
633131,oncoming_sedans.297,4.1,21.73,0
633132,oncoming_sedans.297,4.1,21.83,0
633133,oncoming_sedans.297,4.1,22.04,0
633134,oncoming_sedans.297,4.0,22.33,0
633135,oncoming_sedans.297,3.9,22.73,0
633136,oncoming_sedans.297,3.9,23.24,0
633137,oncoming_sedans.297,3.8,23.85,0
633138,oncoming_sedans.297,3.6,24.59,0
633139,oncoming_sedans.297,3.5,25.46,0
633140,oncoming_sedans.297,3.4,26.46,0
633141,oncoming_sedans.297,3.2,27.62,0
633142,oncoming_sedans.297,3.1,28.95,0
633143,oncoming_sedans.297,2.9,30.46,0
633190,oncoming_sedans.294,0.2,360.68,0
633191,oncoming_sedans.294,0.3,275.48,0
633192,oncoming_sedans.294,0.4,217.2,0
633193,oncoming_sedans.294,0.5,175.72,0
633194,oncoming_sedans.294,0.6,145.22,0
633195,oncoming_sedans.294,0.7,122.19,0
633196,oncoming_sedans.294,0.9,104.4,0
633197,oncoming_sedans.294,1.0,90.4,0
633198,oncoming_sedans.294,1.1,79.2,0
633199,oncoming_sedans.294,1.3,70.1,0
633200,oncoming_sedans.294,1.4,62.63,0
633201,oncoming_sedans.294,1.6,56.41,0
633202,oncoming_sedans.294,1.7,51.2,0
633203,oncoming_sedans.294,1.9,46.78,0
633204,oncoming_sedans.294,2.1,43.02,0
633205,oncoming_sedans.294,2.2,39.79,0
633206,oncoming_sedans.294,2.4,36.99,0
633207,oncoming_sedans.294,2.6,34.57,0
633208,oncoming_sedans.294,2.8,32.46,0
633209,oncoming_sedans.294,2.9,30.62,0
633210,oncoming_sedans.294,3.1,29.0,0
633211,oncoming_sedans.294,3.2,27.58,0
633212,oncoming_sedans.294,3.4,26.34,0
633213,oncoming_sedans.294,3.5,25.24,0
633214,oncoming_sedans.294,3.7,24.29,0
633215,oncoming_sedans.294,3.8,23.46,0
633216,oncoming_sedans.294,3.9,22.74,0
633217,oncoming_sedans.294,4.0,22.12,0
633218,oncoming_sedans.294,4.1,21.61,0
633219,oncoming_sedans.294,4.2,21.18,0
633220,oncoming_sedans.294,4.3,20.84,0
633221,oncoming_sedans.294,4.3,20.58,0
633222,oncoming_sedans.294,4.4,20.41,0
633223,oncoming_sedans.294,4.4,20.32,0
633224,oncoming_sedans.294,4.4,20.31,0
633225,oncoming_sedans.294,4.4,20.39,0
633226,oncoming_sedans.294,4.4,20.56,0
633227,oncoming_sedans.294,4.3,20.82,0
633259,oncoming_trucks.111,1.9,46.69,0
633260,oncoming_trucks.111,1.7,51.93,0
633261,oncoming_trucks.111,1.5,58.28,0
633262,oncoming_trucks.111,1.4,66.08,0
633263,oncoming_trucks.111,1.2,75.78,0
633264,oncoming_trucks.111,1.0,88.06,0
633265,oncoming_trucks.111,0.9,103.91,0
633266,oncoming_trucks.111,0.7,124.9,0
633267,oncoming_trucks.111,0.6,153.64,0
633268,oncoming_trucks.111,0.5,194.86,0
633269,oncoming_trucks.111,0.3,257.98,0
633270,oncoming_trucks.111,0.2,365.0,0
636191,oncoming_sedans.299,2.7,33.63,0
636192,oncoming_sedans.299,2.9,31.31,0
636193,oncoming_sedans.299,3.1,29.29,0
636194,oncoming_sedans.299,3.3,27.53,0
636195,oncoming_sedans.299,3.4,25.99,0
636196,oncoming_sedans.299,3.6,24.64,0
636197,oncoming_sedans.299,3.8,23.47,0
636198,oncoming_sedans.299,4.0,22.44,0
636199,oncoming_sedans.299,4.2,21.55,0
636200,oncoming_sedans.299,4.3,20.78,0
636201,oncoming_sedans.299,4.4,20.12,0
636202,oncoming_sedans.299,4.6,19.56,0
636203,oncoming_sedans.299,4.7,19.1,0
636204,oncoming_sedans.299,4.8,18.73,0
636205,oncoming_sedans.299,4.8,18.45,0
636206,oncoming_sedans.299,4.9,18.25,0
636207,oncoming_sedans.299,4.9,18.13,0
636208,oncoming_sedans.299,4.9,18.09,0
636209,oncoming_sedans.299,4.9,18.13,0
636210,oncoming_sedans.299,4.9,18.25,0
636211,oncoming_sedans.299,4.8,18.46,0
636212,oncoming_sedans.299,4.8,18.75,0
636213,oncoming_sedans.299,4.7,19.13,0
636214,oncoming_sedans.299,4.6,19.61,0
636215,oncoming_sedans.299,4.4,20.18,0
636216,oncoming_sedans.299,4.3,20.87,0
636262,oncoming_trucks.111,0.2,360.02,0
636263,oncoming_trucks.111,0.3,271.58,0
636264,oncoming_trucks.111,0.4,212.92,0
636265,oncoming_trucks.111,0.5,171.99,0
636266,oncoming_trucks.111,0.6,142.28,0
636267,oncoming_trucks.111,0.7,120.01,0
636268,oncoming_trucks.111,0.9,102.88,0
636269,oncoming_trucks.111,1.0,89.42,0
636270,oncoming_trucks.111,1.1,78.65,0
636271,oncoming_trucks.111,1.3,69.89,0
636272,oncoming_trucks.111,1.4,62.66,0
636273,oncoming_trucks.111,1.6,56.64,0
636274,oncoming_trucks.111,1.7,51.57,0
636275,oncoming_trucks.111,1.9,47.26,0
636276,oncoming_trucks.111,2.1,43.57,0
636277,oncoming_trucks.111,2.2,40.39,0
636278,oncoming_trucks.111,2.4,37.64,0
636279,oncoming_trucks.111,2.5,35.24,0
636280,oncoming_trucks.111,2.7,33.14,0
636281,oncoming_trucks.111,2.9,31.3,0
636282,oncoming_trucks.111,3.0,29.68,0
636283,oncoming_trucks.111,3.2,28.26,0
636284,oncoming_trucks.111,3.3,27.0,0
636285,oncoming_trucks.111,3.5,25.9,0
636286,oncoming_trucks.111,3.6,24.93,0
636287,oncoming_trucks.111,3.7,24.09,0
636288,oncoming_trucks.111,3.8,23.36,0
636289,oncoming_trucks.111,3.9,22.73,0
636290,oncoming_trucks.111,4.0,22.2,0
636291,oncoming_trucks.111,4.1,21.76,0
636292,oncoming_trucks.111,4.2,21.4,0
636293,oncoming_trucks.111,4.2,21.13,0
636294,oncoming_trucks.111,4.3,20.95,0
636295,oncoming_trucks.111,4.3,20.85,0
636296,oncoming_trucks.111,4.3,20.83,0
636297,oncoming_trucks.111,4.3,20.9,0
636298,oncoming_trucks.111,4.2,21.06,0
636299,oncoming_trucks.111,4.2,21.31,0
636300,oncoming_trucks.111,4.1,21.67,0
636301,oncoming_trucks.111,4.0,22.14,0
636302,oncoming_trucks.111,3.9,22.72,0
636303,oncoming_trucks.111,3.8,23.44,0
636304,oncoming_trucks.111,3.7,24.3,0
639247,oncoming_sedans.300,0.2,369.06,0
639248,oncoming_sedans.300,0.3,288.94,0
639249,oncoming_sedans.300,0.4,231.43,0
639250,oncoming_sedans.300,0.5,188.97,0
639251,oncoming_sedans.300,0.6,156.88,0
639252,oncoming_sedans.300,0.7,132.13,0
639253,oncoming_sedans.300,0.8,112.72,0
639254,oncoming_sedans.300,0.9,97.27,0
639255,oncoming_sedans.300,1.1,84.81,0
639256,oncoming_sedans.300,1.2,74.63,0
639257,oncoming_sedans.300,1.4,66.24,0
639258,oncoming_sedans.300,1.5,59.26,0
639259,oncoming_sedans.300,1.7,53.4,0
639260,oncoming_sedans.300,1.8,48.45,0
639261,oncoming_sedans.300,2.0,44.24,0
639262,oncoming_sedans.300,2.2,40.63,0
639263,oncoming_sedans.300,2.4,37.54,0
639264,oncoming_sedans.300,2.6,34.86,0
639265,oncoming_sedans.300,2.7,32.55,0
639266,oncoming_sedans.300,2.9,30.54,0
639267,oncoming_sedans.300,3.1,28.79,0
639268,oncoming_sedans.300,3.3,27.27,0
639269,oncoming_sedans.300,3.4,25.95,0
639270,oncoming_sedans.300,3.6,24.81,0
639271,oncoming_sedans.300,3.8,23.82,0
639272,oncoming_sedans.300,3.9,22.98,0
639273,oncoming_sedans.300,4.0,22.26,0
639274,oncoming_sedans.300,4.1,21.66,0
639275,oncoming_sedans.300,4.2,21.17,0
639276,oncoming_sedans.300,4.3,20.79,0
639277,oncoming_sedans.300,4.4,20.5,0
639278,oncoming_sedans.300,4.4,20.31,0
639279,oncoming_sedans.300,4.4,20.21,0
639280,oncoming_sedans.300,4.4,20.21,0
639281,oncoming_sedans.300,4.4,20.3,0
639282,oncoming_sedans.300,4.4,20.48,0
639283,oncoming_sedans.300,4.3,20.76,0
639284,oncoming_sedans.300,4.2,21.14,0
639285,oncoming_sedans.300,4.1,21.62,0
639286,oncoming_sedans.300,4.0,22.22,0
639352,oncoming_sedans.298,2.2,40.01,0
639353,oncoming_sedans.298,2.4,36.63,0
639354,oncoming_sedans.298,2.7,33.71,0
639355,oncoming_sedans.298,2.9,31.16,0
639356,oncoming_sedans.298,3.1,28.94,0
639357,oncoming_sedans.298,3.3,26.98,0
639358,oncoming_sedans.298,3.5,25.25,0
639359,oncoming_sedans.298,3.8,23.71,0
639360,oncoming_sedans.298,4.0,22.34,0
639361,oncoming_sedans.298,4.2,21.12,0
639362,oncoming_sedans.298,4.5,20.02,0
639363,oncoming_sedans.298,4.7,19.03,0
639364,oncoming_sedans.298,4.9,18.14,0
639365,oncoming_sedans.298,5.2,17.34,0
639366,oncoming_sedans.298,5.4,16.61,0
639367,oncoming_sedans.298,5.6,15.96,0
639368,oncoming_sedans.298,5.8,15.36,0
639369,oncoming_sedans.298,6.0,14.83,0
639370,oncoming_sedans.298,6.2,14.34,0
639371,oncoming_sedans.298,6.4,13.91,0
639372,oncoming_sedans.298,6.6,13.52,0
639373,oncoming_sedans.298,6.8,13.18,0
639374,oncoming_sedans.298,7.0,12.87,0
639375,oncoming_sedans.298,7.1,12.6,0
639399,oncoming_trucks.112,7.4,12.16,0
639400,oncoming_trucks.112,7.4,12.12,0
639401,oncoming_trucks.112,7.4,12.12,0
639402,oncoming_trucks.112,7.4,12.16,0
639403,oncoming_trucks.112,7.3,12.23,0
639404,oncoming_trucks.112,7.2,12.35,0
639405,oncoming_trucks.112,7.1,12.52,0
639406,oncoming_trucks.112,7.0,12.73,0
639407,oncoming_trucks.112,6.9,13.01,0
639408,oncoming_trucks.112,6.7,13.34,0
639409,oncoming_trucks.112,6.5,13.75,0
639410,oncoming_trucks.112,6.3,14.23,0
639411,oncoming_trucks.112,6.0,14.79,0
639412,oncoming_trucks.112,5.8,15.46,0
639413,oncoming_trucks.112,5.5,16.24,0
639414,oncoming_trucks.112,5.2,17.15,0
639415,oncoming_trucks.112,4.9,18.21,0
639416,oncoming_trucks.112,4.6,19.44,0
639417,oncoming_trucks.112,4.3,20.87,0
639418,oncoming_trucks.112,4.0,22.54,0
639419,oncoming_trucks.112,3.7,24.5,0
639420,oncoming_trucks.112,3.3,26.8,0
642315,oncoming_sedans.301,0.2,371.46,0
642316,oncoming_sedans.301,0.3,290.6,0
642317,oncoming_sedans.301,0.4,232.61,0
642318,oncoming_sedans.301,0.5,189.82,0
642319,oncoming_sedans.301,0.6,157.51,0
642320,oncoming_sedans.301,0.7,132.61,0
642321,oncoming_sedans.301,0.8,113.09,0
642322,oncoming_sedans.301,0.9,97.55,0
642323,oncoming_sedans.301,1.1,85.03,0
642324,oncoming_sedans.301,1.2,74.8,0
642325,oncoming_sedans.301,1.3,66.38,0
642326,oncoming_sedans.301,1.5,59.37,0
642327,oncoming_sedans.301,1.7,53.49,0
642328,oncoming_sedans.301,1.8,48.52,0
642329,oncoming_sedans.301,2.0,44.29,0
642330,oncoming_sedans.301,2.2,40.68,0
642331,oncoming_sedans.301,2.4,37.57,0
642332,oncoming_sedans.301,2.6,34.89,0
642333,oncoming_sedans.301,2.7,32.57,0
642334,oncoming_sedans.301,2.9,30.56,0
642335,oncoming_sedans.301,3.1,28.81,0
642336,oncoming_sedans.301,3.3,27.28,0
642337,oncoming_sedans.301,3.4,25.96,0
642338,oncoming_sedans.301,3.6,24.81,0
642339,oncoming_sedans.301,3.8,23.82,0
642340,oncoming_sedans.301,3.9,22.98,0
642341,oncoming_sedans.301,4.0,22.26,0
642342,oncoming_sedans.301,4.1,21.66,0
642343,oncoming_sedans.301,4.2,21.17,0
642344,oncoming_sedans.301,4.3,20.78,0
642345,oncoming_sedans.301,4.4,20.49,0
642346,oncoming_sedans.301,4.4,20.3,0
642347,oncoming_sedans.301,4.4,20.2,0
642348,oncoming_sedans.301,4.4,20.19,0
642349,oncoming_sedans.301,4.4,20.28,0
642350,oncoming_sedans.301,4.4,20.46,0
642351,oncoming_sedans.301,4.3,20.73,0
642352,oncoming_sedans.301,4.2,21.11,0
642353,oncoming_sedans.301,4.1,21.59,0
642354,oncoming_sedans.301,4.0,22.18,0
642390,oncoming_trucks.114,0.9,94.86,0
642391,oncoming_trucks.114,0.8,111.46,0
642392,oncoming_trucks.114,0.7,133.26,0
642393,oncoming_trucks.114,0.5,162.84,0
642394,oncoming_trucks.114,0.4,204.75,0
642395,oncoming_trucks.114,0.3,267.94,0
642396,oncoming_trucks.114,0.2,372.45,0
642462,oncoming_trucks.113,2.8,32.2,0
642463,oncoming_trucks.113,2.9,30.63,0
642464,oncoming_trucks.113,3.1,29.23,0
642465,oncoming_trucks.113,3.2,27.99,0
642466,oncoming_trucks.113,3.3,26.89,0
642467,oncoming_trucks.113,3.5,25.91,0
642468,oncoming_trucks.113,3.6,25.04,0
642469,oncoming_trucks.113,3.7,24.28,0
642470,oncoming_trucks.113,3.8,23.61,0
642471,oncoming_trucks.113,3.9,23.04,0
642472,oncoming_trucks.113,4.0,22.55,0
642473,oncoming_trucks.113,4.0,22.14,0
642474,oncoming_trucks.113,4.1,21.82,0
642475,oncoming_trucks.113,4.1,21.57,0
642476,oncoming_trucks.113,4.2,21.41,0
642477,oncoming_trucks.113,4.2,21.33,0
642478,oncoming_trucks.113,4.2,21.33,0
642479,oncoming_trucks.113,4.2,21.41,0
642480,oncoming_trucks.113,4.1,21.6,0
642481,oncoming_trucks.113,4.1,21.88,0
642482,oncoming_trucks.113,4.0,22.26,0
642483,oncoming_trucks.113,3.9,22.77,0
642484,oncoming_trucks.113,3.8,23.4,0
642485,oncoming_trucks.113,3.7,24.19,0
642486,oncoming_trucks.113,3.6,25.14,0
642487,oncoming_trucks.113,3.4,26.28,0
642488,oncoming_trucks.113,3.2,27.64,0
642489,oncoming_trucks.113,3.1,29.25,0
642490,oncoming_trucks.113,2.9,31.17,0
642491,oncoming_trucks.113,2.7,33.46,0
642492,oncoming_trucks.113,2.5,36.18,0
642493,oncoming_trucks.113,2.3,39.44,0
642494,oncoming_trucks.113,2.1,43.36,0
642495,oncoming_trucks.113,1.9,48.1,0
642496,oncoming_trucks.113,1.7,53.85,0
642497,oncoming_trucks.113,1.5,60.88,0
642498,oncoming_trucks.113,1.3,69.58,0
642499,oncoming_trucks.113,1.1,80.51,0
642500,oncoming_trucks.113,0.9,94.5,0
642501,oncoming_trucks.113,0.8,112.84,0
642502,oncoming_trucks.113,0.7,137.6,0
642503,oncoming_trucks.113,0.5,172.46,0
642504,oncoming_trucks.113,0.4,224.42,0
642505,oncoming_trucks.113,0.3,308.77,0
645388,oncoming_trucks.114,0.2,386.56,0
645389,oncoming_trucks.114,0.3,289.8,0
645390,oncoming_trucks.114,0.4,225.94,0
645391,oncoming_trucks.114,0.5,181.58,0
645392,oncoming_trucks.114,0.6,149.51,0
645393,oncoming_trucks.114,0.7,125.58,0
645394,oncoming_trucks.114,0.8,107.23,0
645395,oncoming_trucks.114,1.0,92.87,0
645396,oncoming_trucks.114,1.1,81.41,0
645397,oncoming_trucks.114,1.2,72.13,0
645398,oncoming_trucks.114,1.4,64.5,0
645399,oncoming_trucks.114,1.5,58.16,0
645400,oncoming_trucks.114,1.7,52.83,0
645401,oncoming_trucks.114,1.9,48.32,0
645402,oncoming_trucks.114,2.0,44.46,0
645403,oncoming_trucks.114,2.2,41.14,0
645404,oncoming_trucks.114,2.3,38.27,0
645405,oncoming_trucks.114,2.5,35.77,0
645406,oncoming_trucks.114,2.7,33.58,0
645407,oncoming_trucks.114,2.8,31.67,0
645408,oncoming_trucks.114,3.0,29.98,0
645409,oncoming_trucks.114,3.1,28.5,0
645410,oncoming_trucks.114,3.3,27.18,0
645411,oncoming_trucks.114,3.4,26.03,0
645412,oncoming_trucks.114,3.6,25.01,0
645413,oncoming_trucks.114,3.7,24.11,0
645414,oncoming_trucks.114,3.8,23.32,0
645415,oncoming_trucks.114,4.0,22.64,0
645416,oncoming_trucks.114,4.1,22.05,0
645417,oncoming_trucks.114,4.2,21.56,0
645418,oncoming_trucks.114,4.2,21.14,0
645419,oncoming_trucks.114,4.3,20.81,0
645420,oncoming_trucks.114,4.4,20.56,0
645421,oncoming_trucks.114,4.4,20.38,0
645422,oncoming_trucks.114,4.4,20.28,0
645423,oncoming_trucks.114,4.4,20.27,0
645424,oncoming_trucks.114,4.4,20.33,0
645425,oncoming_trucks.114,4.4,20.48,0
645426,oncoming_trucks.114,4.3,20.72,0
645427,oncoming_trucks.114,4.2,21.06,0
645428,oncoming_trucks.114,4.2,21.5,0
645429,oncoming_trucks.114,4.1,22.06,0
645430,oncoming_trucks.114,3.9,22.74,0
645431,oncoming_trucks.114,3.8,23.56,0
645432,oncoming_trucks.114,3.6,24.54,0
645506,oncoming_trucks.113,0.2,391.08,0
645507,oncoming_trucks.113,0.3,288.88,0
645508,oncoming_trucks.113,0.4,223.04,0
645509,oncoming_trucks.113,0.5,178.11,0
645510,oncoming_trucks.113,0.6,146.04,0
645511,oncoming_trucks.113,0.7,122.35,0
645544,oncoming_sedans.302,4.1,22.03,0
645545,oncoming_sedans.302,4.2,21.38,0
645546,oncoming_sedans.302,4.3,20.81,0
645547,oncoming_sedans.302,4.4,20.31,0
645548,oncoming_sedans.302,4.5,19.88,0
645549,oncoming_sedans.302,4.6,19.53,0
645550,oncoming_sedans.302,4.6,19.24,0
645551,oncoming_sedans.302,4.7,19.03,0
645552,oncoming_sedans.302,4.7,18.88,0
645553,oncoming_sedans.302,4.8,18.79,0
645554,oncoming_sedans.302,4.8,18.78,0
645555,oncoming_sedans.302,4.7,18.85,0
645556,oncoming_sedans.302,4.7,18.99,0
645557,oncoming_sedans.302,4.7,19.21,0
645558,oncoming_sedans.302,4.6,19.52,0
645559,oncoming_sedans.302,4.5,19.92,0
645560,oncoming_sedans.302,4.4,20.43,0
645561,oncoming_sedans.302,4.3,21.04,0
645562,oncoming_sedans.302,4.1,21.79,0
645563,oncoming_sedans.302,3.9,22.67,0
645564,oncoming_sedans.302,3.8,23.72,0
645565,oncoming_sedans.302,3.6,24.94,0
645566,oncoming_sedans.302,3.4,26.36,0
645567,oncoming_sedans.302,3.2,28.01,0
645568,oncoming_sedans.302,3.0,29.94,0
645569,oncoming_sedans.302,2.8,32.18,0
645570,oncoming_sedans.302,2.6,34.8,0
648472,oncoming_sedans.304,2.3,39.44,0
648473,oncoming_sedans.304,2.4,36.83,0
648474,oncoming_sedans.304,2.6,34.54,0
648475,oncoming_sedans.304,2.8,32.53,0
648476,oncoming_sedans.304,2.9,30.75,0
648477,oncoming_sedans.304,3.1,29.19,0
648478,oncoming_sedans.304,3.2,27.81,0
648479,oncoming_sedans.304,3.4,26.59,0
648480,oncoming_sedans.304,3.5,25.52,0
648481,oncoming_sedans.304,3.6,24.58,0
648482,oncoming_sedans.304,3.8,23.75,0
648483,oncoming_sedans.304,3.9,23.04,0
648484,oncoming_sedans.304,4.0,22.42,0
648485,oncoming_sedans.304,4.1,21.9,0
648486,oncoming_sedans.304,4.2,21.47,0
648487,oncoming_sedans.304,4.2,21.13,0
648488,oncoming_sedans.304,4.3,20.87,0
648489,oncoming_sedans.304,4.3,20.69,0
648490,oncoming_sedans.304,4.3,20.6,0
648491,oncoming_sedans.304,4.3,20.59,0
648492,oncoming_sedans.304,4.3,20.67,0
648493,oncoming_sedans.304,4.3,20.83,0
648494,oncoming_sedans.304,4.2,21.09,0
648495,oncoming_sedans.304,4.2,21.44,0
648496,oncoming_sedans.304,4.1,21.9,0
648497,oncoming_sedans.304,4.0,22.47,0
648498,oncoming_sedans.304,3.9,23.16,0
648499,oncoming_sedans.304,3.7,24.0,0
648500,oncoming_sedans.304,3.6,24.98,0
648501,oncoming_sedans.304,3.4,26.12,0
648610,oncoming_sedans.303,3.0,30.12,0
648611,oncoming_sedans.303,3.1,28.81,0
648612,oncoming_sedans.303,3.2,27.65,0
648613,oncoming_sedans.303,3.4,26.63,0
648614,oncoming_sedans.303,3.5,25.73,0
648615,oncoming_sedans.303,3.6,24.95,0
648616,oncoming_sedans.303,3.7,24.28,0
648617,oncoming_sedans.303,3.8,23.71,0
648618,oncoming_sedans.303,3.9,23.23,0
648619,oncoming_sedans.303,3.9,22.84,0
648620,oncoming_sedans.303,4.0,22.54,0
648621,oncoming_sedans.303,4.0,22.33,0
648622,oncoming_sedans.303,4.0,22.2,0
648623,oncoming_sedans.303,4.0,22.16,0
648624,oncoming_sedans.303,4.0,22.21,0
648625,oncoming_sedans.303,4.0,22.34,0
648626,oncoming_sedans.303,4.0,22.57,0
648627,oncoming_sedans.303,3.9,22.89,0
648628,oncoming_sedans.303,3.8,23.32,0
648629,oncoming_sedans.303,3.8,23.85,0
648630,oncoming_sedans.303,3.7,24.5,0
648631,oncoming_sedans.303,3.5,25.28,0
648632,oncoming_sedans.303,3.4,26.2,0
648633,oncoming_sedans.303,3.3,27.27,0
648634,oncoming_sedans.303,3.1,28.52,0
648635,oncoming_sedans.303,3.0,29.95,0
648636,oncoming_sedans.303,2.8,31.61,0
648637,oncoming_sedans.303,2.7,33.51,0
648638,oncoming_sedans.303,2.5,35.7,0
648639,oncoming_sedans.303,2.3,38.21,0
648640,oncoming_sedans.303,2.2,41.1,0
648641,oncoming_sedans.303,2.0,44.42,0
648642,oncoming_sedans.303,1.9,48.25,0
651539,oncoming_sedans.307,2.1,43.01,0
651540,oncoming_sedans.307,2.2,40.02,0
651541,oncoming_sedans.307,2.4,37.4,0
651542,oncoming_sedans.307,2.5,35.1,0
651543,oncoming_sedans.307,2.7,33.08,0
651544,oncoming_sedans.307,2.9,31.29,0
651545,oncoming_sedans.307,3.0,29.71,0
651546,oncoming_sedans.307,3.2,28.32,0
651547,oncoming_sedans.307,3.3,27.08,0
651548,oncoming_sedans.307,3.4,26.0,0
651549,oncoming_sedans.307,3.6,25.05,0
651550,oncoming_sedans.307,3.7,24.22,0
651551,oncoming_sedans.307,3.8,23.49,0
651552,oncoming_sedans.307,3.9,22.88,0
651553,oncoming_sedans.307,4.0,22.36,0
651554,oncoming_sedans.307,4.1,21.93,0
651555,oncoming_sedans.307,4.1,21.59,0
651556,oncoming_sedans.307,4.2,21.33,0
651557,oncoming_sedans.307,4.2,21.16,0
651558,oncoming_sedans.307,4.2,21.07,0
651559,oncoming_sedans.307,4.2,21.07,0
651560,oncoming_sedans.307,4.2,21.15,0
651561,oncoming_sedans.307,4.2,21.32,0
651562,oncoming_sedans.307,4.1,21.58,0
651563,oncoming_sedans.307,4.1,21.94,0
651564,oncoming_sedans.307,4.0,22.4,0
651565,oncoming_sedans.307,3.9,22.97,0
651566,oncoming_sedans.307,3.8,23.66,0
651567,oncoming_sedans.307,3.7,24.48,0
651568,oncoming_sedans.307,3.5,25.44,0
651569,oncoming_sedans.307,3.4,26.56,0
651687,oncoming_sedans.305,3.5,25.91,0
651688,oncoming_sedans.305,3.6,24.78,0
651689,oncoming_sedans.305,3.8,23.79,0
651690,oncoming_sedans.305,3.9,22.92,0
651691,oncoming_sedans.305,4.0,22.17,0
651692,oncoming_sedans.305,4.2,21.52,0
651693,oncoming_sedans.305,4.3,20.97,0
651694,oncoming_sedans.305,4.4,20.5,0
651695,oncoming_sedans.305,4.4,20.13,0
651696,oncoming_sedans.305,4.5,19.84,0
651697,oncoming_sedans.305,4.6,19.63,0
651698,oncoming_sedans.305,4.6,19.49,0
651699,oncoming_sedans.305,4.6,19.44,0
651700,oncoming_sedans.305,4.6,19.47,0
651701,oncoming_sedans.305,4.6,19.57,0
651702,oncoming_sedans.305,4.5,19.76,0
651703,oncoming_sedans.305,4.5,20.03,0
651704,oncoming_sedans.305,4.4,20.39,0
651705,oncoming_sedans.305,4.3,20.85,0
651706,oncoming_sedans.305,4.2,21.4,0
651707,oncoming_sedans.305,4.1,22.05,0
651708,oncoming_sedans.305,3.9,22.82,0
651709,oncoming_sedans.305,3.8,23.72,0
651710,oncoming_sedans.305,3.6,24.74,0
651711,oncoming_sedans.305,3.5,25.91,0
651712,oncoming_sedans.305,3.3,27.25,0
651713,oncoming_sedans.305,3.1,28.76,0
654609,oncoming_trucks.115,1.8,50.31,0
654610,oncoming_trucks.115,1.9,46.45,0
654611,oncoming_trucks.115,2.1,43.1,0
654612,oncoming_trucks.115,2.2,40.19,0
654613,oncoming_trucks.115,2.4,37.64,0
654614,oncoming_trucks.115,2.5,35.4,0
654615,oncoming_trucks.115,2.7,33.43,0
654616,oncoming_trucks.115,2.8,31.69,0
654617,oncoming_trucks.115,3.0,30.15,0
654618,oncoming_trucks.115,3.1,28.78,0
654619,oncoming_trucks.115,3.2,27.57,0
654620,oncoming_trucks.115,3.4,26.5,0
654621,oncoming_trucks.115,3.5,25.56,0
654622,oncoming_trucks.115,3.6,24.73,0
654623,oncoming_trucks.115,3.7,24.0,0
654624,oncoming_trucks.115,3.8,23.37,0
654625,oncoming_trucks.115,3.9,22.84,0
654626,oncoming_trucks.115,4.0,22.39,0
654627,oncoming_trucks.115,4.1,22.02,0
654628,oncoming_trucks.115,4.1,21.74,0
654629,oncoming_trucks.115,4.2,21.54,0
654630,oncoming_trucks.115,4.2,21.41,0
654631,oncoming_trucks.115,4.2,21.37,0
654632,oncoming_trucks.115,4.2,21.4,0
654633,oncoming_trucks.115,4.2,21.53,0
654634,oncoming_trucks.115,4.1,21.74,0
654635,oncoming_trucks.115,4.1,22.05,0
654636,oncoming_trucks.115,4.0,22.47,0
654637,oncoming_trucks.115,3.9,22.99,0
654638,oncoming_trucks.115,3.8,23.64,0
654639,oncoming_trucks.115,3.7,24.42,0
654640,oncoming_trucks.115,3.5,25.35,0
654641,oncoming_trucks.115,3.4,26.45,0
654642,oncoming_trucks.115,3.2,27.75,0
654643,oncoming_trucks.115,3.1,29.26,0
654644,oncoming_trucks.115,2.9,31.03,0
654645,oncoming_trucks.115,2.7,33.09,0
654646,oncoming_trucks.115,2.5,35.5,0
654647,oncoming_trucks.115,2.3,38.31,0
654648,oncoming_trucks.115,2.2,41.61,0
654760,oncoming_sedans.306,2.7,33.66,0
654761,oncoming_sedans.306,2.9,31.34,0
654762,oncoming_sedans.306,3.1,29.31,0
654763,oncoming_sedans.306,3.2,27.55,0
654764,oncoming_sedans.306,3.4,26.0,0
654765,oncoming_sedans.306,3.6,24.65,0
654766,oncoming_sedans.306,3.8,23.47,0
654767,oncoming_sedans.306,4.0,22.45,0
654768,oncoming_sedans.306,4.2,21.55,0
654769,oncoming_sedans.306,4.3,20.78,0
654770,oncoming_sedans.306,4.4,20.12,0
654771,oncoming_sedans.306,4.6,19.57,0
654772,oncoming_sedans.306,4.7,19.1,0
654773,oncoming_sedans.306,4.8,18.73,0
654774,oncoming_sedans.306,4.9,18.45,0
654775,oncoming_sedans.306,4.9,18.25,0
654776,oncoming_sedans.306,4.9,18.12,0
654777,oncoming_sedans.306,4.9,18.08,0
654778,oncoming_sedans.306,4.9,18.12,0
654779,oncoming_sedans.306,4.9,18.24,0
654780,oncoming_sedans.306,4.9,18.45,0
654781,oncoming_sedans.306,4.8,18.74,0
654782,oncoming_sedans.306,4.7,19.12,0
654783,oncoming_sedans.306,4.6,19.59,0
654784,oncoming_sedans.306,4.4,20.17,0
654785,oncoming_sedans.306,4.3,20.85,0
654820,school_buses.23,1.2,73.64,0
654821,school_buses.23,1.0,85.45,0
654822,school_buses.23,0.9,100.66,0
654823,school_buses.23,0.7,120.76,0
654824,school_buses.23,0.6,148.28,0
654825,school_buses.23,0.5,187.8,0
654826,school_buses.23,0.4,248.5,0
654827,school_buses.23,0.3,352.05,0
657696,oncoming_sedans.309,3.5,25.22,0
657697,oncoming_sedans.309,3.7,24.14,0
657698,oncoming_sedans.309,3.9,23.18,0
657699,oncoming_sedans.309,4.0,22.34,0
657700,oncoming_sedans.309,4.1,21.59,0
657701,oncoming_sedans.309,4.3,20.93,0
657702,oncoming_sedans.309,4.4,20.36,0
657703,oncoming_sedans.309,4.5,19.88,0
657704,oncoming_sedans.309,4.6,19.47,0
657705,oncoming_sedans.309,4.7,19.13,0
657706,oncoming_sedans.309,4.7,18.87,0
657707,oncoming_sedans.309,4.8,18.68,0
657708,oncoming_sedans.309,4.8,18.56,0
657709,oncoming_sedans.309,4.8,18.51,0
657710,oncoming_sedans.309,4.8,18.53,0
657711,oncoming_sedans.309,4.8,18.63,0
657712,oncoming_sedans.309,4.8,18.8,0
657713,oncoming_sedans.309,4.7,19.06,0
657714,oncoming_sedans.309,4.6,19.4,0
657715,oncoming_sedans.309,4.5,19.84,0
657716,oncoming_sedans.309,4.4,20.38,0
657717,oncoming_sedans.309,4.3,21.04,0
657718,oncoming_sedans.309,4.1,21.81,0
657719,oncoming_sedans.309,3.9,22.72,0
657720,oncoming_sedans.309,3.8,23.78,0
657822,school_buses.23,0.2,363.53,0
657823,school_buses.23,0.3,274.63,0
657824,school_buses.23,0.4,215.53,0
657825,school_buses.23,0.5,174.22,0
657826,school_buses.23,0.6,144.2,0
657827,school_buses.23,0.7,121.69,0
657828,school_buses.23,0.9,104.37,0
657829,school_buses.23,1.0,90.75,0
657830,school_buses.23,1.1,79.85,0
657831,school_buses.23,1.3,70.98,0
657832,school_buses.23,1.4,63.68,0
657833,school_buses.23,1.6,57.59,0
657834,school_buses.23,1.7,52.46,0
657835,school_buses.23,1.9,48.1,0
657836,school_buses.23,2.0,44.36,0
657837,school_buses.23,2.2,41.14,0
657838,school_buses.23,2.3,38.35,0
657839,school_buses.23,2.5,35.91,0
657840,school_buses.23,2.6,33.78,0
657841,school_buses.23,2.8,31.9,0
657842,school_buses.23,3.0,30.24,0
657843,school_buses.23,3.1,28.78,0
657844,school_buses.23,3.3,27.49,0
657845,school_buses.23,3.4,26.34,0
657846,school_buses.23,3.5,25.33,0
657847,school_buses.23,3.7,24.44,0
657848,school_buses.23,3.8,23.65,0
657849,school_buses.23,3.9,22.97,0
657850,school_buses.23,4.0,22.38,0
657851,school_buses.23,4.1,21.87,0
657852,school_buses.23,4.2,21.45,0
657853,school_buses.23,4.2,21.11,0
657854,school_buses.23,4.3,20.84,0
657855,school_buses.23,4.3,20.65,0
657856,school_buses.23,4.4,20.53,0
657857,school_buses.23,4.4,20.5,0
657858,school_buses.23,4.4,20.54,0
657859,school_buses.23,4.3,20.66,0
657860,school_buses.23,4.3,20.88,0
657861,school_buses.23,4.2,21.19,0
657862,school_buses.23,4.1,21.59,0
657863,school_buses.23,4.0,22.11,0
657864,school_buses.23,3.9,22.75,0
657865,school_buses.23,3.8,23.53,0
657866,school_buses.23,3.7,24.46,0
657867,school_buses.23,3.5,25.56,0
657868,school_buses.23,3.3,26.85,0
657869,school_buses.23,3.2,28.37,0
657870,school_buses.23,3.0,30.16,0
657871,school_buses.23,2.8,32.25,0
657872,school_buses.23,2.6,34.7,0
657873,school_buses.23,2.4,37.58,0
657874,school_buses.23,2.2,40.99,0
657875,school_buses.23,2.0,45.03,0
657876,school_buses.23,1.8,49.86,0
657877,school_buses.23,1.6,55.67,0
657878,school_buses.23,1.4,62.74,0
657879,school_buses.23,1.3,71.43,0
657880,school_buses.23,1.1,82.29,0
657881,school_buses.23,0.9,96.11,0
657882,school_buses.23,0.8,114.09,0
657883,school_buses.23,0.6,138.2,0
657884,school_buses.23,0.5,171.85,0
657885,school_buses.23,0.4,221.45,0
657886,school_buses.23,0.3,300.77,0
660764,oncoming_trucks.116,1.8,50.58,0
660765,oncoming_trucks.116,1.9,46.7,0
660766,oncoming_trucks.116,2.1,43.33,0
660767,oncoming_trucks.116,2.2,40.39,0
660768,oncoming_trucks.116,2.4,37.82,0
660769,oncoming_trucks.116,2.5,35.55,0
660770,oncoming_trucks.116,2.7,33.55,0
660771,oncoming_trucks.116,2.8,31.78,0
660772,oncoming_trucks.116,3.0,30.2,0
660773,oncoming_trucks.116,3.1,28.8,0
660774,oncoming_trucks.116,3.2,27.55,0
660775,oncoming_trucks.116,3.4,26.44,0
660776,oncoming_trucks.116,3.5,25.46,0
660777,oncoming_trucks.116,3.6,24.58,0
660778,oncoming_trucks.116,3.8,23.81,0
660779,oncoming_trucks.116,3.9,23.14,0
660780,oncoming_trucks.116,4.0,22.55,0
660781,oncoming_trucks.116,4.1,22.04,0
660782,oncoming_trucks.116,4.1,21.62,0
660783,oncoming_trucks.116,4.2,21.27,0
660784,oncoming_trucks.116,4.3,21.0,0
660785,oncoming_trucks.116,4.3,20.81,0
660786,oncoming_trucks.116,4.3,20.69,0
660787,oncoming_trucks.116,4.3,20.65,0
660788,oncoming_trucks.116,4.3,20.69,0
660789,oncoming_trucks.116,4.3,20.81,0
660790,oncoming_trucks.116,4.3,21.03,0
660791,oncoming_trucks.116,4.2,21.34,0
660792,oncoming_trucks.116,4.1,21.75,0
660793,oncoming_trucks.116,4.0,22.28,0
660794,oncoming_trucks.116,3.9,22.93,0
660795,oncoming_trucks.116,3.8,23.73,0
660796,oncoming_trucks.116,3.6,24.69,0
660797,oncoming_trucks.116,3.5,25.83,0
660798,oncoming_trucks.116,3.3,27.18,0
660799,oncoming_trucks.116,3.1,28.77,0
660800,oncoming_trucks.116,2.9,30.64,0
660801,oncoming_trucks.116,2.7,32.85,0
660881,school_buses.23,0.3,340.81,0
660882,school_buses.23,0.4,252.02,0
660883,school_buses.23,0.5,194.75,0
660884,school_buses.23,0.6,155.66,0
660885,school_buses.23,0.7,127.77,0
660886,school_buses.23,0.8,107.18,0
660887,school_buses.23,1.0,91.54,0
660888,school_buses.23,1.1,79.38,0
660889,school_buses.23,1.3,69.73,0
660890,school_buses.23,1.4,61.95,0
660891,school_buses.23,1.6,55.58,0
660892,school_buses.23,1.8,50.3,0
660893,school_buses.23,2.0,45.88,0
660894,school_buses.23,2.1,42.14,0
660895,school_buses.23,2.3,38.96,0
660896,school_buses.23,2.5,36.22,0
660897,school_buses.23,2.6,33.85,0
660898,school_buses.23,2.8,31.8,0
660899,school_buses.23,3.0,30.01,0
660900,school_buses.23,3.1,28.44,0
660901,school_buses.23,3.3,27.07,0
660902,school_buses.23,3.5,25.86,0
660903,school_buses.23,3.6,24.8,0
660904,school_buses.23,3.7,23.87,0
660905,school_buses.23,3.9,23.06,0
660906,school_buses.23,4.0,22.36,0
660907,school_buses.23,4.1,21.76,0
660908,school_buses.23,4.2,21.24,0
660909,school_buses.23,4.3,20.81,0
660910,school_buses.23,4.4,20.47,0
660911,school_buses.23,4.4,20.2,0
660912,school_buses.23,4.5,20.01,0
660913,school_buses.23,4.5,19.9,0
660914,school_buses.23,4.5,19.87,0
660915,school_buses.23,4.5,19.92,0
660916,school_buses.23,4.5,20.05,0
660917,school_buses.23,4.4,20.28,0
660948,oncoming_sedans.308,1.2,76.43,0
660949,oncoming_sedans.308,1.0,87.18,0
660950,oncoming_sedans.308,0.9,100.22,0
660951,oncoming_sedans.308,0.8,116.15,0
660952,oncoming_sedans.308,0.7,135.78,0
660953,oncoming_sedans.308,0.6,160.21,0
660954,oncoming_sedans.308,0.5,190.98,0
660955,oncoming_sedans.308,0.4,230.31,0
660956,oncoming_sedans.308,0.3,281.46,0
660957,oncoming_sedans.308,0.3,349.43,0
663840,oncoming_sedans.310,3.0,29.43,0
663841,oncoming_sedans.310,3.2,28.15,0
663842,oncoming_sedans.310,3.3,27.03,0
663843,oncoming_sedans.310,3.4,26.03,0
663844,oncoming_sedans.310,3.6,25.16,0
663845,oncoming_sedans.310,3.7,24.4,0
663846,oncoming_sedans.310,3.8,23.74,0
663847,oncoming_sedans.310,3.9,23.18,0
663848,oncoming_sedans.310,3.9,22.71,0
663849,oncoming_sedans.310,4.0,22.33,0
663850,oncoming_sedans.310,4.1,22.04,0
663851,oncoming_sedans.310,4.1,21.83,0
663852,oncoming_sedans.310,4.1,21.7,0
663853,oncoming_sedans.310,4.1,21.66,0
663854,oncoming_sedans.310,4.1,21.71,0
663855,oncoming_sedans.310,4.1,21.84,0
663856,oncoming_sedans.310,4.1,22.07,0
663857,oncoming_sedans.310,4.0,22.39,0
663858,oncoming_sedans.310,3.9,22.82,0
663859,oncoming_sedans.310,3.8,23.36,0
663860,oncoming_sedans.310,3.7,24.02,0
663861,oncoming_sedans.310,3.6,24.81,0
663862,oncoming_sedans.310,3.5,25.75,0
663863,oncoming_sedans.310,3.3,26.85,0
663864,oncoming_sedans.310,3.2,28.13,0
663865,oncoming_sedans.310,3.0,29.62,0
663866,oncoming_sedans.310,2.9,31.34,0
663867,oncoming_sedans.310,2.7,33.33,0
663868,oncoming_sedans.310,2.5,35.64,0
663869,oncoming_sedans.310,2.3,38.31,0
663870,oncoming_sedans.310,2.2,41.41,0
663871,oncoming_sedans.310,2.0,45.02,0
663948,oncoming_sedans.308,0.2,365.12,0
663949,oncoming_sedans.308,0.3,278.36,0
663950,oncoming_sedans.308,0.4,219.16,0
663951,oncoming_sedans.308,0.5,177.1,0
663952,oncoming_sedans.308,0.6,146.22,0
663953,oncoming_sedans.308,0.7,122.94,0
663954,oncoming_sedans.308,0.9,104.97,0
663955,oncoming_sedans.308,1.0,90.85,0
663956,oncoming_sedans.308,1.1,79.55,0
663957,oncoming_sedans.308,1.3,70.38,0
663958,oncoming_sedans.308,1.4,62.85,0
663959,oncoming_sedans.308,1.6,56.6,0
663960,oncoming_sedans.308,1.7,51.35,0
663961,oncoming_sedans.308,1.9,46.91,0
663962,oncoming_sedans.308,2.1,43.13,0
663963,oncoming_sedans.308,2.2,39.88,0
663964,oncoming_sedans.308,2.4,37.07,0
663965,oncoming_sedans.308,2.6,34.64,0
663966,oncoming_sedans.308,2.8,32.52,0
663967,oncoming_sedans.308,2.9,30.66,0
663968,oncoming_sedans.308,3.1,29.04,0
663969,oncoming_sedans.308,3.2,27.62,0
663970,oncoming_sedans.308,3.4,26.37,0
663971,oncoming_sedans.308,3.5,25.27,0
663972,oncoming_sedans.308,3.7,24.31,0
663973,oncoming_sedans.308,3.8,23.48,0
663974,oncoming_sedans.308,3.9,22.75,0
663975,oncoming_sedans.308,4.0,22.14,0
663976,oncoming_sedans.308,4.1,21.61,0
663977,oncoming_sedans.308,4.2,21.18,0
663978,oncoming_sedans.308,4.3,20.84,0
663979,oncoming_sedans.308,4.3,20.58,0
663980,oncoming_sedans.308,4.4,20.41,0
663981,oncoming_sedans.308,4.4,20.31,0
663982,oncoming_sedans.308,4.4,20.3,0
663983,oncoming_sedans.308,4.4,20.38,0
663984,oncoming_sedans.308,4.4,20.54,0
663985,oncoming_sedans.308,4.3,20.8,0
664017,oncoming_sedans.312,1.1,78.92,0
664018,oncoming_sedans.312,1.0,88.8,0
664019,oncoming_sedans.312,0.9,100.6,0
664020,oncoming_sedans.312,0.8,114.78,0
664021,oncoming_sedans.312,0.7,131.99,0
664022,oncoming_sedans.312,0.6,153.1,0
664023,oncoming_sedans.312,0.5,179.27,0
664024,oncoming_sedans.312,0.4,212.03,0
664025,oncoming_sedans.312,0.4,253.58,0
664026,oncoming_sedans.312,0.3,307.09,0
664027,oncoming_sedans.312,0.2,377.33,0
666918,oncoming_sedans.311,3.5,25.71,0
666919,oncoming_sedans.311,3.6,24.61,0
666920,oncoming_sedans.311,3.8,23.63,0
666921,oncoming_sedans.311,3.9,22.77,0
666922,oncoming_sedans.311,4.1,22.01,0
666923,oncoming_sedans.311,4.2,21.34,0
666924,oncoming_sedans.311,4.3,20.77,0
666925,oncoming_sedans.311,4.4,20.27,0
666926,oncoming_sedans.311,4.5,19.86,0
666927,oncoming_sedans.311,4.6,19.52,0
666928,oncoming_sedans.311,4.6,19.26,0
666929,oncoming_sedans.311,4.7,19.07,0
666930,oncoming_sedans.311,4.7,18.95,0
666931,oncoming_sedans.311,4.7,18.9,0
666932,oncoming_sedans.311,4.7,18.93,0
666933,oncoming_sedans.311,4.7,19.03,0
666934,oncoming_sedans.311,4.7,19.21,0
666935,oncoming_sedans.311,4.6,19.47,0
666936,oncoming_sedans.311,4.5,19.81,0
666937,oncoming_sedans.311,4.4,20.25,0
666938,oncoming_sedans.311,4.3,20.78,0
666939,oncoming_sedans.311,4.2,21.42,0
666940,oncoming_sedans.311,4.0,22.18,0
666941,oncoming_sedans.311,3.9,23.06,0
666942,oncoming_sedans.311,3.7,24.09,0
666943,oncoming_sedans.311,3.5,25.28,0
667015,oncoming_sedans.312,0.3,351.17,0
667016,oncoming_sedans.312,0.3,272.48,0
667017,oncoming_sedans.312,0.4,217.18,0
667018,oncoming_sedans.312,0.5,176.99,0
667019,oncoming_sedans.312,0.6,146.96,0
667020,oncoming_sedans.312,0.7,123.97,0
667021,oncoming_sedans.312,0.8,106.04,0
667022,oncoming_sedans.312,1.0,91.8,0
667023,oncoming_sedans.312,1.1,80.34,0
667024,oncoming_sedans.312,1.3,70.98,0
667025,oncoming_sedans.312,1.4,63.25,0
667026,oncoming_sedans.312,1.6,56.81,0
667027,oncoming_sedans.312,1.7,51.39,0
667028,oncoming_sedans.312,1.9,46.79,0
667029,oncoming_sedans.312,2.1,42.87,0
667030,oncoming_sedans.312,2.3,39.51,0
667031,oncoming_sedans.312,2.4,36.61,0
667032,oncoming_sedans.312,2.6,34.1,0
667033,oncoming_sedans.312,2.8,31.92,0
667034,oncoming_sedans.312,3.0,30.02,0
667035,oncoming_sedans.312,3.2,28.37,0
667036,oncoming_sedans.312,3.3,26.94,0
667037,oncoming_sedans.312,3.5,25.7,0
667038,oncoming_sedans.312,3.6,24.62,0
667039,oncoming_sedans.312,3.8,23.7,0
667040,oncoming_sedans.312,3.9,22.92,0
667041,oncoming_sedans.312,4.0,22.26,0
667042,oncoming_sedans.312,4.1,21.72,0
667043,oncoming_sedans.312,4.2,21.3,0
667044,oncoming_sedans.312,4.3,20.98,0
667045,oncoming_sedans.312,4.3,20.77,0
667046,oncoming_sedans.312,4.3,20.65,0
667047,oncoming_sedans.312,4.3,20.64,0
667048,oncoming_sedans.312,4.3,20.72,0
667049,oncoming_sedans.312,4.3,20.91,0
667050,oncoming_sedans.312,4.2,21.2,0
667051,oncoming_sedans.312,4.1,21.6,0
667052,oncoming_sedans.312,4.0,22.11,0
667087,oncoming_trucks.117,1.2,74.02,0
667088,oncoming_trucks.117,1.1,84.63,0
667089,oncoming_trucks.117,0.9,97.9,0
667090,oncoming_trucks.117,0.8,114.81,0
667091,oncoming_trucks.117,0.7,136.87,0
667092,oncoming_trucks.117,0.5,166.52,0
667093,oncoming_trucks.117,0.4,208.01,0
667094,oncoming_trucks.117,0.3,269.38,0
667095,oncoming_trucks.117,0.2,368.0,0
669982,oncoming_sedans.314,2.1,43.31,0
669983,oncoming_sedans.314,2.2,40.22,0
669984,oncoming_sedans.314,2.4,37.52,0
669985,oncoming_sedans.314,2.5,35.16,0
669986,oncoming_sedans.314,2.7,33.1,0
669987,oncoming_sedans.314,2.9,31.28,0
669988,oncoming_sedans.314,3.0,29.69,0
669989,oncoming_sedans.314,3.2,28.29,0
669990,oncoming_sedans.314,3.3,27.07,0
669991,oncoming_sedans.314,3.4,26.0,0
669992,oncoming_sedans.314,3.6,25.08,0
669993,oncoming_sedans.314,3.7,24.28,0
669994,oncoming_sedans.314,3.8,23.61,0
669995,oncoming_sedans.314,3.9,23.04,0
669996,oncoming_sedans.314,4.0,22.58,0
669997,oncoming_sedans.314,4.0,22.22,0
669998,oncoming_sedans.314,4.1,21.96,0
669999,oncoming_sedans.314,4.1,21.79,0
670000,oncoming_sedans.314,4.1,21.71,0
670001,oncoming_sedans.314,4.1,21.73,0
670002,oncoming_sedans.314,4.1,21.83,0
670003,oncoming_sedans.314,4.1,22.03,0
670004,oncoming_sedans.314,4.0,22.33,0
670005,oncoming_sedans.314,3.9,22.73,0
670006,oncoming_sedans.314,3.9,23.24,0
670007,oncoming_sedans.314,3.8,23.85,0
670008,oncoming_sedans.314,3.6,24.59,0
670009,oncoming_sedans.314,3.5,25.46,0
670010,oncoming_sedans.314,3.4,26.46,0
670011,oncoming_sedans.314,3.2,27.62,0
670012,oncoming_sedans.314,3.1,28.95,0
670013,oncoming_sedans.314,2.9,30.46,0
670097,oncoming_trucks.117,0.3,355.43,0
670098,oncoming_trucks.117,0.3,259.7,0
670099,oncoming_trucks.117,0.5,198.5,0
670100,oncoming_trucks.117,0.6,157.03,0
670101,oncoming_trucks.117,0.7,127.64,0
670102,oncoming_trucks.117,0.8,106.05,0
670103,oncoming_trucks.117,1.0,89.73,0
670104,oncoming_trucks.117,1.2,77.1,0
670105,oncoming_trucks.117,1.3,67.11,0
670106,oncoming_trucks.117,1.5,59.07,0
670107,oncoming_trucks.117,1.7,52.51,0
670108,oncoming_trucks.117,1.9,47.09,0
670109,oncoming_trucks.117,2.1,42.55,0
670110,oncoming_trucks.117,2.3,38.71,0
670111,oncoming_trucks.117,2.5,35.43,0
670112,oncoming_trucks.117,2.7,32.61,0
670113,oncoming_trucks.117,3.0,30.16,0
670114,oncoming_trucks.117,3.2,28.03,0
670115,oncoming_trucks.117,3.4,26.16,0
670116,oncoming_trucks.117,3.7,24.51,0
670117,oncoming_trucks.117,3.9,23.05,0
670118,oncoming_trucks.117,4.1,21.75,0
670119,oncoming_trucks.117,4.3,20.58,0
670120,oncoming_trucks.117,4.6,19.54,0
670121,oncoming_trucks.117,4.8,18.6,0
670122,oncoming_trucks.117,5.0,17.75,0
670123,oncoming_trucks.117,5.3,16.99,0
670124,oncoming_trucks.117,5.5,16.3,0
670125,oncoming_trucks.117,5.7,15.67,0
670126,oncoming_trucks.117,5.9,15.11,0
670127,oncoming_trucks.117,6.1,14.59,0
670128,oncoming_trucks.117,6.3,14.13,0
670129,oncoming_trucks.117,6.5,13.71,0
670130,oncoming_trucks.117,6.7,13.34,0
670131,oncoming_trucks.117,6.9,13.0,0
670132,oncoming_trucks.117,7.0,12.71,0
670133,oncoming_trucks.117,7.2,12.45,0
670151,oncoming_sedans.315,7.5,11.97,0
670152,oncoming_sedans.315,7.5,11.98,0
670153,oncoming_sedans.315,7.4,12.04,0
670154,oncoming_sedans.315,7.4,12.13,0
670155,oncoming_sedans.315,7.3,12.28,0
670156,oncoming_sedans.315,7.2,12.46,0
670157,oncoming_sedans.315,7.0,12.7,0
670158,oncoming_sedans.315,6.9,13.0,0
670159,oncoming_sedans.315,6.7,13.35,0
670160,oncoming_sedans.315,6.5,13.78,0
670161,oncoming_sedans.315,6.3,14.27,0
670162,oncoming_sedans.315,6.0,14.84,0
670163,oncoming_sedans.315,5.8,15.5,0
670164,oncoming_sedans.315,5.5,16.27,0
670165,oncoming_sedans.315,5.2,17.14,0
670166,oncoming_sedans.315,4.9,18.14,0
670167,oncoming_sedans.315,4.6,19.28,0
670168,oncoming_sedans.315,4.3,20.59,0
673061,oncoming_sedans.313,2.7,33.63,0
673062,oncoming_sedans.313,2.9,31.31,0
673063,oncoming_sedans.313,3.1,29.29,0
673064,oncoming_sedans.313,3.2,27.53,0
673065,oncoming_sedans.313,3.4,25.99,0
673066,oncoming_sedans.313,3.6,24.64,0
673067,oncoming_sedans.313,3.8,23.47,0
673068,oncoming_sedans.313,4.0,22.44,0
673069,oncoming_sedans.313,4.2,21.55,0
673070,oncoming_sedans.313,4.3,20.78,0
673071,oncoming_sedans.313,4.4,20.12,0
673072,oncoming_sedans.313,4.6,19.57,0
673073,oncoming_sedans.313,4.7,19.11,0
673074,oncoming_sedans.313,4.8,18.74,0
673075,oncoming_sedans.313,4.8,18.45,0
673076,oncoming_sedans.313,4.9,18.25,0
673077,oncoming_sedans.313,4.9,18.13,0
673078,oncoming_sedans.313,4.9,18.09,0
673079,oncoming_sedans.313,4.9,18.13,0
673080,oncoming_sedans.313,4.9,18.25,0
673081,oncoming_sedans.313,4.8,18.46,0
673082,oncoming_sedans.313,4.8,18.75,0
673083,oncoming_sedans.313,4.7,19.13,0
673084,oncoming_sedans.313,4.6,19.61,0
673085,oncoming_sedans.313,4.4,20.19,0
673086,oncoming_sedans.313,4.3,20.87,0
673121,oncoming_trucks.118,1.0,86.3,0
673122,oncoming_trucks.118,0.9,101.18,0
673123,oncoming_trucks.118,0.7,120.6,0
673124,oncoming_trucks.118,0.6,146.73,0
673125,oncoming_trucks.118,0.5,183.33,0
673126,oncoming_trucks.118,0.4,237.6,0
673127,oncoming_trucks.118,0.3,325.12,0
673205,oncoming_sedans.316,2.0,43.82,0
673206,oncoming_sedans.316,2.2,40.71,0
673207,oncoming_sedans.316,2.4,38.01,0
673208,oncoming_sedans.316,2.5,35.63,0
673209,oncoming_sedans.316,2.7,33.54,0
673210,oncoming_sedans.316,2.8,31.7,0
673211,oncoming_sedans.316,3.0,30.07,0
673212,oncoming_sedans.316,3.1,28.64,0
673213,oncoming_sedans.316,3.3,27.38,0
673214,oncoming_sedans.316,3.4,26.26,0
673215,oncoming_sedans.316,3.5,25.28,0
673216,oncoming_sedans.316,3.7,24.43,0
673217,oncoming_sedans.316,3.8,23.69,0
673218,oncoming_sedans.316,3.9,23.05,0
673219,oncoming_sedans.316,4.0,22.52,0
673220,oncoming_sedans.316,4.1,22.07,0
673221,oncoming_sedans.316,4.1,21.72,0
673222,oncoming_sedans.316,4.2,21.45,0
673223,oncoming_sedans.316,4.2,21.27,0
673224,oncoming_sedans.316,4.2,21.17,0
673225,oncoming_sedans.316,4.2,21.16,0
673226,oncoming_sedans.316,4.2,21.24,0
673227,oncoming_sedans.316,4.2,21.4,0
673228,oncoming_sedans.316,4.1,21.65,0
673229,oncoming_sedans.316,4.1,22.0,0
673230,oncoming_sedans.316,4.0,22.45,0
673231,oncoming_sedans.316,3.9,23.02,0
673232,oncoming_sedans.316,3.8,23.7,0
673233,oncoming_sedans.316,3.7,24.51,0
673234,oncoming_sedans.316,3.5,25.46,0
673235,oncoming_sedans.316,3.4,26.57,0
676122,oncoming_trucks.118,0.2,397.86,0
676123,oncoming_trucks.118,0.3,296.52,0
676124,oncoming_trucks.118,0.4,230.18,0
676125,oncoming_trucks.118,0.5,184.38,0
676126,oncoming_trucks.118,0.6,151.44,0
676127,oncoming_trucks.118,0.7,126.94,0
676128,oncoming_trucks.118,0.8,108.23,0
676129,oncoming_trucks.118,1.0,93.61,0
676130,oncoming_trucks.118,1.1,81.98,0
676131,oncoming_trucks.118,1.2,72.56,0
676132,oncoming_trucks.118,1.4,64.84,0
676133,oncoming_trucks.118,1.5,58.43,0
676134,oncoming_trucks.118,1.7,53.05,0
676135,oncoming_trucks.118,1.8,48.5,0
676136,oncoming_trucks.118,2.0,44.61,0
676137,oncoming_trucks.118,2.2,41.27,0
676138,oncoming_trucks.118,2.3,38.38,0
676139,oncoming_trucks.118,2.5,35.86,0
676140,oncoming_trucks.118,2.7,33.66,0
676141,oncoming_trucks.118,2.8,31.74,0
676142,oncoming_trucks.118,3.0,30.04,0
676143,oncoming_trucks.118,3.1,28.55,0
676144,oncoming_trucks.118,3.3,27.23,0
676145,oncoming_trucks.118,3.4,26.07,0
676146,oncoming_trucks.118,3.6,25.04,0
676147,oncoming_trucks.118,3.7,24.14,0
676148,oncoming_trucks.118,3.8,23.36,0
676149,oncoming_trucks.118,3.9,22.67,0
676150,oncoming_trucks.118,4.1,22.08,0
676151,oncoming_trucks.118,4.1,21.58,0
676152,oncoming_trucks.118,4.2,21.17,0
676153,oncoming_trucks.118,4.3,20.83,0
676154,oncoming_trucks.118,4.3,20.58,0
676155,oncoming_trucks.118,4.4,20.4,0
676156,oncoming_trucks.118,4.4,20.3,0
676157,oncoming_trucks.118,4.4,20.29,0
676158,oncoming_trucks.118,4.4,20.35,0
676159,oncoming_trucks.118,4.4,20.5,0
676160,oncoming_trucks.118,4.3,20.74,0
676161,oncoming_trucks.118,4.2,21.08,0
676162,oncoming_trucks.118,4.2,21.52,0
676163,oncoming_trucks.118,4.1,22.08,0
676164,oncoming_trucks.118,3.9,22.76,0
676165,oncoming_trucks.118,3.8,23.58,0
676166,oncoming_trucks.118,3.6,24.56,0
676272,oncoming_sedans.318,2.1,43.25,0
676273,oncoming_sedans.318,2.2,40.17,0
676274,oncoming_sedans.318,2.4,37.49,0
676275,oncoming_sedans.318,2.5,35.13,0
676276,oncoming_sedans.318,2.7,33.07,0
676277,oncoming_sedans.318,2.9,31.26,0
676278,oncoming_sedans.318,3.0,29.67,0
676279,oncoming_sedans.318,3.2,28.27,0
676280,oncoming_sedans.318,3.3,27.05,0
676281,oncoming_sedans.318,3.4,25.99,0
676282,oncoming_sedans.318,3.6,25.06,0
676283,oncoming_sedans.318,3.7,24.27,0
676284,oncoming_sedans.318,3.8,23.59,0
676285,oncoming_sedans.318,3.9,23.03,0
676286,oncoming_sedans.318,4.0,22.57,0
676287,oncoming_sedans.318,4.0,22.21,0
676288,oncoming_sedans.318,4.1,21.95,0
676289,oncoming_sedans.318,4.1,21.78,0
676290,oncoming_sedans.318,4.1,21.7,0
676291,oncoming_sedans.318,4.1,21.71,0
676292,oncoming_sedans.318,4.1,21.82,0
676293,oncoming_sedans.318,4.1,22.02,0
676294,oncoming_sedans.318,4.0,22.31,0
676295,oncoming_sedans.318,3.9,22.71,0
676296,oncoming_sedans.318,3.9,23.21,0
676297,oncoming_sedans.318,3.8,23.83,0
676298,oncoming_sedans.318,3.6,24.56,0
676299,oncoming_sedans.318,3.5,25.43,0
676300,oncoming_sedans.318,3.4,26.43,0
676301,oncoming_sedans.318,3.2,27.58,0
676302,oncoming_sedans.318,3.1,28.91,0
676303,oncoming_sedans.318,2.9,30.42,0
679206,oncoming_sedans.317,2.3,39.44,0
679207,oncoming_sedans.317,2.4,36.82,0
679208,oncoming_sedans.317,2.6,34.53,0
679209,oncoming_sedans.317,2.8,32.52,0
679210,oncoming_sedans.317,2.9,30.75,0
679211,oncoming_sedans.317,3.1,29.19,0
679212,oncoming_sedans.317,3.2,27.81,0
679213,oncoming_sedans.317,3.4,26.59,0
679214,oncoming_sedans.317,3.5,25.52,0
679215,oncoming_sedans.317,3.6,24.58,0
679216,oncoming_sedans.317,3.8,23.75,0
679217,oncoming_sedans.317,3.9,23.04,0
679218,oncoming_sedans.317,4.0,22.42,0
679219,oncoming_sedans.317,4.1,21.9,0
679220,oncoming_sedans.317,4.2,21.47,0
679221,oncoming_sedans.317,4.2,21.13,0
679222,oncoming_sedans.317,4.3,20.87,0
679223,oncoming_sedans.317,4.3,20.69,0
679224,oncoming_sedans.317,4.3,20.6,0
679225,oncoming_sedans.317,4.3,20.59,0
679226,oncoming_sedans.317,4.3,20.67,0
679227,oncoming_sedans.317,4.3,20.83,0
679228,oncoming_sedans.317,4.2,21.09,0
679229,oncoming_sedans.317,4.2,21.44,0
679230,oncoming_sedans.317,4.1,21.9,0
679231,oncoming_sedans.317,4.0,22.47,0
679232,oncoming_sedans.317,3.9,23.17,0
679233,oncoming_sedans.317,3.7,24.0,0
679234,oncoming_sedans.317,3.6,24.98,0
679235,oncoming_sedans.317,3.4,26.13,0
679351,oncoming_sedans.319,2.7,33.63,0
679352,oncoming_sedans.319,2.9,31.32,0
679353,oncoming_sedans.319,3.1,29.3,0
679354,oncoming_sedans.319,3.2,27.53,0
679355,oncoming_sedans.319,3.4,25.99,0
679356,oncoming_sedans.319,3.6,24.65,0
679357,oncoming_sedans.319,3.8,23.47,0
679358,oncoming_sedans.319,4.0,22.44,0
679359,oncoming_sedans.319,4.2,21.55,0
679360,oncoming_sedans.319,4.3,20.78,0
679361,oncoming_sedans.319,4.4,20.12,0
679362,oncoming_sedans.319,4.6,19.57,0
679363,oncoming_sedans.319,4.7,19.11,0
679364,oncoming_sedans.319,4.8,18.74,0
679365,oncoming_sedans.319,4.8,18.45,0
679366,oncoming_sedans.319,4.9,18.25,0
679367,oncoming_sedans.319,4.9,18.13,0
679368,oncoming_sedans.319,4.9,18.09,0
679369,oncoming_sedans.319,4.9,18.13,0
679370,oncoming_sedans.319,4.9,18.25,0
679371,oncoming_sedans.319,4.8,18.46,0
679372,oncoming_sedans.319,4.8,18.75,0
679373,oncoming_sedans.319,4.7,19.13,0
679374,oncoming_sedans.319,4.6,19.61,0
679375,oncoming_sedans.319,4.4,20.19,0
679376,oncoming_sedans.319,4.3,20.87,0
682276,oncoming_trucks.119,1.8,50.18,0
682277,oncoming_trucks.119,1.9,46.36,0
682278,oncoming_trucks.119,2.1,43.05,0
682279,oncoming_trucks.119,2.2,40.15,0
682280,oncoming_trucks.119,2.4,37.61,0
682281,oncoming_trucks.119,2.5,35.38,0
682282,oncoming_trucks.119,2.7,33.4,0
682283,oncoming_trucks.119,2.8,31.65,0
682284,oncoming_trucks.119,3.0,30.09,0
682285,oncoming_trucks.119,3.1,28.7,0
682286,oncoming_trucks.119,3.3,27.46,0
682287,oncoming_trucks.119,3.4,26.36,0
682288,oncoming_trucks.119,3.5,25.39,0
682289,oncoming_trucks.119,3.6,24.52,0
682290,oncoming_trucks.119,3.8,23.76,0
682291,oncoming_trucks.119,3.9,23.08,0
682292,oncoming_trucks.119,4.0,22.5,0
682293,oncoming_trucks.119,4.1,22.0,0
682294,oncoming_trucks.119,4.1,21.58,0
682295,oncoming_trucks.119,4.2,21.24,0
682296,oncoming_trucks.119,4.3,20.97,0
682297,oncoming_trucks.119,4.3,20.78,0
682298,oncoming_trucks.119,4.3,20.66,0
682299,oncoming_trucks.119,4.3,20.63,0
682300,oncoming_trucks.119,4.3,20.67,0
682301,oncoming_trucks.119,4.3,20.79,0
682302,oncoming_trucks.119,4.3,21.01,0
682303,oncoming_trucks.119,4.2,21.32,0
682304,oncoming_trucks.119,4.1,21.73,0
682305,oncoming_trucks.119,4.0,22.26,0
682306,oncoming_trucks.119,3.9,22.92,0
682307,oncoming_trucks.119,3.8,23.72,0
682308,oncoming_trucks.119,3.6,24.68,0
682309,oncoming_trucks.119,3.5,25.82,0
682310,oncoming_trucks.119,3.3,27.17,0
682311,oncoming_trucks.119,3.1,28.76,0
682312,oncoming_trucks.119,2.9,30.64,0
682313,oncoming_trucks.119,2.7,32.84,0
682405,oncoming_sedans.320,0.2,374.64,0
682406,oncoming_sedans.320,0.3,292.53,0
682407,oncoming_sedans.320,0.4,233.82,0
682408,oncoming_sedans.320,0.5,190.61,0
682409,oncoming_sedans.320,0.6,158.04,0
682410,oncoming_sedans.320,0.7,132.97,0
682411,oncoming_sedans.320,0.8,113.34,0
682412,oncoming_sedans.320,0.9,97.73,0
682413,oncoming_sedans.320,1.1,85.15,0
682414,oncoming_sedans.320,1.2,74.9,0
682415,oncoming_sedans.320,1.3,66.45,0
682416,oncoming_sedans.320,1.5,59.42,0
682417,oncoming_sedans.320,1.7,53.53,0
682418,oncoming_sedans.320,1.8,48.55,0
682419,oncoming_sedans.320,2.0,44.32,0
682420,oncoming_sedans.320,2.2,40.7,0
682421,oncoming_sedans.320,2.4,37.59,0
682422,oncoming_sedans.320,2.6,34.9,0
682423,oncoming_sedans.320,2.7,32.58,0
682424,oncoming_sedans.320,2.9,30.56,0
682425,oncoming_sedans.320,3.1,28.81,0
682426,oncoming_sedans.320,3.3,27.29,0
682427,oncoming_sedans.320,3.4,25.96,0
682428,oncoming_sedans.320,3.6,24.82,0
682429,oncoming_sedans.320,3.8,23.83,0
682430,oncoming_sedans.320,3.9,22.98,0
682431,oncoming_sedans.320,4.0,22.26,0
682432,oncoming_sedans.320,4.1,21.66,0
682433,oncoming_sedans.320,4.2,21.17,0
682434,oncoming_sedans.320,4.3,20.78,0
682435,oncoming_sedans.320,4.4,20.49,0
682436,oncoming_sedans.320,4.4,20.3,0
682437,oncoming_sedans.320,4.4,20.2,0
682438,oncoming_sedans.320,4.4,20.19,0
682439,oncoming_sedans.320,4.4,20.28,0
682440,oncoming_sedans.320,4.4,20.46,0
682441,oncoming_sedans.320,4.3,20.73,0
682442,oncoming_sedans.320,4.2,21.11,0
682443,oncoming_sedans.320,4.1,21.59,0
682444,oncoming_sedans.320,4.0,22.18,0
682480,school_buses.24,1.1,81.33,0
682481,school_buses.24,0.9,94.58,0
682482,school_buses.24,0.8,111.74,0
682483,school_buses.24,0.7,134.61,0
682484,school_buses.24,0.5,166.26,0
682485,school_buses.24,0.4,212.38,0
682486,school_buses.24,0.3,284.82,0
685356,oncoming_trucks.120,2.9,31.12,0
685357,oncoming_trucks.120,3.0,29.67,0
685358,oncoming_trucks.120,3.2,28.38,0
685359,oncoming_trucks.120,3.3,27.23,0
685360,oncoming_trucks.120,3.4,26.2,0
685361,oncoming_trucks.120,3.5,25.3,0
685362,oncoming_trucks.120,3.7,24.49,0
685363,oncoming_trucks.120,3.8,23.78,0
685364,oncoming_trucks.120,3.9,23.17,0
685365,oncoming_trucks.120,4.0,22.64,0
685366,oncoming_trucks.120,4.0,22.19,0
685367,oncoming_trucks.120,4.1,21.82,0
685368,oncoming_trucks.120,4.2,21.52,0
685369,oncoming_trucks.120,4.2,21.31,0
685370,oncoming_trucks.120,4.2,21.17,0
685371,oncoming_trucks.120,4.2,21.12,0
685372,oncoming_trucks.120,4.2,21.14,0
685373,oncoming_trucks.120,4.2,21.26,0
685374,oncoming_trucks.120,4.2,21.46,0
685375,oncoming_trucks.120,4.1,21.76,0
685376,oncoming_trucks.120,4.0,22.17,0
685377,oncoming_trucks.120,3.9,22.7,0
685378,oncoming_trucks.120,3.8,23.37,0
685379,oncoming_trucks.120,3.7,24.18,0
685380,oncoming_trucks.120,3.6,25.15,0
685381,oncoming_trucks.120,3.4,26.33,0
685382,oncoming_trucks.120,3.2,27.72,0
685383,oncoming_trucks.120,3.0,29.38,0
685384,oncoming_trucks.120,2.9,31.34,0
685385,oncoming_trucks.120,2.7,33.68,0
685386,oncoming_trucks.120,2.5,36.46,0
685387,oncoming_trucks.120,2.2,39.79,0
685388,oncoming_trucks.120,2.0,43.81,0
685389,oncoming_trucks.120,1.8,48.67,0
685390,oncoming_trucks.120,1.6,54.56,0
685391,oncoming_trucks.120,1.4,61.78,0
685392,oncoming_trucks.120,1.3,70.73,0
685393,oncoming_trucks.120,1.1,82.01,0
685394,oncoming_trucks.120,0.9,96.49,0
685395,oncoming_trucks.120,0.8,115.54,0
685396,oncoming_trucks.120,0.6,141.41,0
685397,oncoming_trucks.120,0.5,178.07,0
685398,oncoming_trucks.120,0.4,233.29,0
685399,oncoming_trucks.120,0.3,324.38,0
685479,school_buses.24,0.3,352.92,0
685480,school_buses.24,0.3,268.17,0
685481,school_buses.24,0.4,211.36,0
685482,school_buses.24,0.5,171.41,0
685483,school_buses.24,0.6,142.23,0
685484,school_buses.24,0.7,120.27,0
685485,school_buses.24,0.9,103.31,0
685486,school_buses.24,1.0,89.95,0
685487,school_buses.24,1.1,79.23,0
685488,school_buses.24,1.3,70.5,0
685489,school_buses.24,1.4,63.29,0
685490,school_buses.24,1.6,57.28,0
685491,school_buses.24,1.7,52.2,0
685492,school_buses.24,1.9,47.89,0
685493,school_buses.24,2.0,44.19,0
685494,school_buses.24,2.2,40.99,0
685495,school_buses.24,2.3,38.22,0
685496,school_buses.24,2.5,35.8,0
685497,school_buses.24,2.7,33.68,0
685498,school_buses.24,2.8,31.81,0
685499,school_buses.24,3.0,30.17,0
685500,school_buses.24,3.1,28.71,0
685501,school_buses.24,3.3,27.43,0
685502,school_buses.24,3.4,26.29,0
685503,school_buses.24,3.5,25.28,0
685504,school_buses.24,3.7,24.39,0
685505,school_buses.24,3.8,23.61,0
685506,school_buses.24,3.9,22.93,0
685507,school_buses.24,4.0,22.34,0
685508,school_buses.24,4.1,21.84,0
685509,school_buses.24,4.2,21.42,0
685510,school_buses.24,4.2,21.08,0
685511,school_buses.24,4.3,20.81,0
685512,school_buses.24,4.3,20.62,0
685513,school_buses.24,4.4,20.51,0
685514,school_buses.24,4.4,20.47,0
685515,school_buses.24,4.4,20.52,0
685516,school_buses.24,4.3,20.64,0
685517,school_buses.24,4.3,20.86,0
685518,school_buses.24,4.2,21.16,0
685519,school_buses.24,4.1,21.57,0
685520,school_buses.24,4.1,22.09,0
685521,school_buses.24,3.9,22.73,0
685522,school_buses.24,3.8,23.51,0
685523,school_buses.24,3.7,24.43,0
685524,school_buses.24,3.5,25.53,0
685525,school_buses.24,3.3,26.83,0
685526,school_buses.24,3.2,28.35,0
685527,school_buses.24,3.0,30.13,0
685528,school_buses.24,2.8,32.22,0
685529,school_buses.24,2.6,34.67,0
685530,school_buses.24,2.4,37.55,0
685531,school_buses.24,2.2,40.95,0
685532,school_buses.24,2.0,44.99,0
685533,school_buses.24,1.8,49.81,0
685534,school_buses.24,1.6,55.62,0
685535,school_buses.24,1.4,62.68,0
685536,school_buses.24,1.3,71.37,0
685537,school_buses.24,1.1,82.21,0
685538,school_buses.24,0.9,96.01,0
685539,school_buses.24,0.8,113.98,0
685540,school_buses.24,0.6,138.07,0
685541,school_buses.24,0.5,171.68,0
685542,school_buses.24,0.4,221.23,0
685543,school_buses.24,0.3,300.47,0
688402,oncoming_trucks.120,0.2,386.09,0
688403,oncoming_trucks.120,0.3,285.77,0
688404,oncoming_trucks.120,0.4,220.98,0
688405,oncoming_trucks.120,0.5,176.67,0
688406,oncoming_trucks.120,0.6,145.01,0
688407,oncoming_trucks.120,0.7,121.57,0
688440,oncoming_sedans.322,4.1,22.01,0
688441,oncoming_sedans.322,4.2,21.36,0
688442,oncoming_sedans.322,4.3,20.79,0
688443,oncoming_sedans.322,4.4,20.29,0
688444,oncoming_sedans.322,4.5,19.87,0
688445,oncoming_sedans.322,4.6,19.52,0
688446,oncoming_sedans.322,4.7,19.24,0
688447,oncoming_sedans.322,4.7,19.02,0
688448,oncoming_sedans.322,4.7,18.87,0
688449,oncoming_sedans.322,4.8,18.79,0
688450,oncoming_sedans.322,4.8,18.79,0
688451,oncoming_sedans.322,4.7,18.85,0
688452,oncoming_sedans.322,4.7,18.99,0
688453,oncoming_sedans.322,4.7,19.22,0
688454,oncoming_sedans.322,4.6,19.53,0
688455,oncoming_sedans.322,4.5,19.94,0
688456,oncoming_sedans.322,4.4,20.45,0
688457,oncoming_sedans.322,4.2,21.07,0
688458,oncoming_sedans.322,4.1,21.82,0
688459,oncoming_sedans.322,3.9,22.71,0
688460,oncoming_sedans.322,3.8,23.76,0
688461,oncoming_sedans.322,3.6,24.99,0
688462,oncoming_sedans.322,3.4,26.42,0
688463,oncoming_sedans.322,3.2,28.08,0
688464,oncoming_sedans.322,3.0,30.02,0
688465,oncoming_sedans.322,2.8,32.27,0
688466,oncoming_sedans.322,2.6,34.91,0
688538,school_buses.24,0.3,341.08,0
688539,school_buses.24,0.4,252.18,0
688540,school_buses.24,0.5,194.85,0
688541,school_buses.24,0.6,155.72,0
688542,school_buses.24,0.7,127.82,0
688543,school_buses.24,0.8,107.21,0
688544,school_buses.24,1.0,91.56,0
688545,school_buses.24,1.1,79.4,0
688546,school_buses.24,1.3,69.74,0
688547,school_buses.24,1.4,61.96,0
688548,school_buses.24,1.6,55.59,0
688549,school_buses.24,1.8,50.31,0
688550,school_buses.24,1.9,45.89,0
688551,school_buses.24,2.1,42.15,0
688552,school_buses.24,2.3,38.96,0
688553,school_buses.24,2.5,36.22,0
688554,school_buses.24,2.6,33.86,0
688555,school_buses.24,2.8,31.8,0
688556,school_buses.24,3.0,30.01,0
688557,school_buses.24,3.1,28.44,0
688558,school_buses.24,3.3,27.07,0
688559,school_buses.24,3.5,25.86,0
688560,school_buses.24,3.6,24.8,0
688561,school_buses.24,3.7,23.88,0
688562,school_buses.24,3.9,23.07,0
688563,school_buses.24,4.0,22.36,0
688564,school_buses.24,4.1,21.76,0
688565,school_buses.24,4.2,21.24,0
688566,school_buses.24,4.3,20.81,0
688567,school_buses.24,4.4,20.47,0
688568,school_buses.24,4.4,20.2,0
688569,school_buses.24,4.5,20.01,0
688570,school_buses.24,4.5,19.9,0
688571,school_buses.24,4.5,19.87,0
688572,school_buses.24,4.5,19.92,0
688573,school_buses.24,4.5,20.05,0
688574,school_buses.24,4.4,20.27,0
688605,oncoming_trucks.121,2.1,43.08,0
688606,oncoming_trucks.121,1.9,47.95,0
688607,oncoming_trucks.121,1.7,53.88,0
688608,oncoming_trucks.121,1.5,61.14,0
688609,oncoming_trucks.121,1.3,70.18,0
688610,oncoming_trucks.121,1.1,81.58,0
688611,oncoming_trucks.121,0.9,96.28,0
688612,oncoming_trucks.121,0.8,115.69,0
688613,oncoming_trucks.121,0.6,142.21,0
688614,oncoming_trucks.121,0.5,180.1,0
688615,oncoming_trucks.121,0.4,237.8,0
688616,oncoming_trucks.121,0.3,334.75,0
691506,oncoming_sedans.321,3.0,30.11,0
691507,oncoming_sedans.321,3.1,28.81,0
691508,oncoming_sedans.321,3.2,27.65,0
691509,oncoming_sedans.321,3.4,26.63,0
691510,oncoming_sedans.321,3.5,25.73,0
691511,oncoming_sedans.321,3.6,24.95,0
691512,oncoming_sedans.321,3.7,24.28,0
691513,oncoming_sedans.321,3.8,23.71,0
691514,oncoming_sedans.321,3.9,23.23,0
691515,oncoming_sedans.321,3.9,22.84,0
691516,oncoming_sedans.321,4.0,22.54,0
691517,oncoming_sedans.321,4.0,22.33,0
691518,oncoming_sedans.321,4.0,22.2,0
691519,oncoming_sedans.321,4.0,22.16,0
691520,oncoming_sedans.321,4.0,22.21,0
691521,oncoming_sedans.321,4.0,22.34,0
691522,oncoming_sedans.321,4.0,22.57,0
691523,oncoming_sedans.321,3.9,22.89,0
691524,oncoming_sedans.321,3.8,23.32,0
691525,oncoming_sedans.321,3.8,23.85,0
691526,oncoming_sedans.321,3.7,24.5,0
691527,oncoming_sedans.321,3.5,25.28,0
691528,oncoming_sedans.321,3.4,26.2,0
691529,oncoming_sedans.321,3.3,27.28,0
691530,oncoming_sedans.321,3.1,28.52,0
691531,oncoming_sedans.321,3.0,29.96,0
691532,oncoming_sedans.321,2.8,31.62,0
691533,oncoming_sedans.321,2.7,33.52,0
691534,oncoming_sedans.321,2.5,35.71,0
691535,oncoming_sedans.321,2.3,38.22,0
691536,oncoming_sedans.321,2.2,41.11,0
691537,oncoming_sedans.321,2.0,44.43,0
691538,oncoming_sedans.321,1.9,48.26,0
691610,oncoming_trucks.121,0.2,365.66,0
691611,oncoming_trucks.121,0.3,274.41,0
691612,oncoming_trucks.121,0.4,214.48,0
691613,oncoming_trucks.121,0.5,172.98,0
691614,oncoming_trucks.121,0.6,143.01,0
691615,oncoming_trucks.121,0.7,120.64,0
691616,oncoming_trucks.121,0.9,103.49,0
691617,oncoming_trucks.121,1.0,90.04,0
691618,oncoming_trucks.121,1.1,79.29,0
691619,oncoming_trucks.121,1.3,70.55,0
691620,oncoming_trucks.121,1.4,63.35,0
691621,oncoming_trucks.121,1.6,57.35,0
691622,oncoming_trucks.121,1.7,52.28,0
691623,oncoming_trucks.121,1.9,47.98,0
691624,oncoming_trucks.121,2.0,44.28,0
691625,oncoming_trucks.121,2.2,41.09,0
691626,oncoming_trucks.121,2.3,38.31,0
691627,oncoming_trucks.121,2.5,35.88,0
691628,oncoming_trucks.121,2.7,33.75,0
691629,oncoming_trucks.121,2.8,31.87,0
691630,oncoming_trucks.121,3.0,30.21,0
691631,oncoming_trucks.121,3.1,28.73,0
691632,oncoming_trucks.121,3.3,27.42,0
691633,oncoming_trucks.121,3.4,26.26,0
691634,oncoming_trucks.121,3.5,25.23,0
691635,oncoming_trucks.121,3.7,24.31,0
691636,oncoming_trucks.121,3.8,23.5,0
691637,oncoming_trucks.121,3.9,22.79,0
691638,oncoming_trucks.121,4.0,22.17,0
691639,oncoming_trucks.121,4.1,21.63,0
691640,oncoming_trucks.121,4.2,21.18,0
691641,oncoming_trucks.121,4.3,20.81,0
691642,oncoming_trucks.121,4.4,20.51,0
691643,oncoming_trucks.121,4.4,20.28,0
691644,oncoming_trucks.121,4.4,20.14,0
691645,oncoming_trucks.121,4.5,20.07,0
691646,oncoming_trucks.121,4.5,20.08,0
691647,oncoming_trucks.121,4.4,20.18,0
691648,oncoming_trucks.121,4.4,20.36,0
691649,oncoming_trucks.121,4.3,20.64,0
691650,oncoming_trucks.121,4.3,21.03,0
691651,oncoming_trucks.121,4.2,21.53,0
691652,oncoming_trucks.121,4.0,22.16,0
694583,oncoming_sedans.323,3.5,25.91,0
694584,oncoming_sedans.323,3.6,24.78,0
694585,oncoming_sedans.323,3.8,23.79,0
694586,oncoming_sedans.323,3.9,22.92,0
694587,oncoming_sedans.323,4.0,22.17,0
694588,oncoming_sedans.323,4.2,21.52,0
694589,oncoming_sedans.323,4.3,20.96,0
694590,oncoming_sedans.323,4.4,20.5,0
694591,oncoming_sedans.323,4.4,20.13,0
694592,oncoming_sedans.323,4.5,19.84,0
694593,oncoming_sedans.323,4.6,19.62,0
694594,oncoming_sedans.323,4.6,19.49,0
694595,oncoming_sedans.323,4.6,19.44,0
694596,oncoming_sedans.323,4.6,19.47,0
694597,oncoming_sedans.323,4.6,19.57,0
694598,oncoming_sedans.323,4.5,19.76,0
694599,oncoming_sedans.323,4.5,20.03,0
694600,oncoming_sedans.323,4.4,20.39,0
694601,oncoming_sedans.323,4.3,20.85,0
694602,oncoming_sedans.323,4.2,21.4,0
694603,oncoming_sedans.323,4.1,22.05,0
694604,oncoming_sedans.323,3.9,22.82,0
694605,oncoming_sedans.323,3.8,23.72,0
694606,oncoming_sedans.323,3.6,24.74,0
694607,oncoming_sedans.323,3.5,25.91,0
694608,oncoming_sedans.323,3.3,27.25,0
694609,oncoming_sedans.323,3.1,28.76,0
694688,oncoming_sedans.324,1.5,58.1,0
694689,oncoming_sedans.324,1.7,52.97,0
694690,oncoming_sedans.324,1.8,48.59,0
694691,oncoming_sedans.324,2.0,44.81,0
694692,oncoming_sedans.324,2.2,41.53,0
694693,oncoming_sedans.324,2.3,38.68,0
694694,oncoming_sedans.324,2.5,36.19,0
694695,oncoming_sedans.324,2.6,34.01,0
694696,oncoming_sedans.324,2.8,32.09,0
694697,oncoming_sedans.324,2.9,30.4,0
694698,oncoming_sedans.324,3.1,28.91,0
694699,oncoming_sedans.324,3.2,27.6,0
694700,oncoming_sedans.324,3.4,26.45,0
694701,oncoming_sedans.324,3.5,25.44,0
694702,oncoming_sedans.324,3.6,24.55,0
694703,oncoming_sedans.324,3.8,23.79,0
694704,oncoming_sedans.324,3.9,23.14,0
694705,oncoming_sedans.324,4.0,22.59,0
694706,oncoming_sedans.324,4.0,22.13,0
694707,oncoming_sedans.324,4.1,21.77,0
694708,oncoming_sedans.324,4.2,21.5,0
694709,oncoming_sedans.324,4.2,21.32,0
694710,oncoming_sedans.324,4.2,21.22,0
694711,oncoming_sedans.324,4.2,21.21,0
694712,oncoming_sedans.324,4.2,21.3,0
694713,oncoming_sedans.324,4.2,21.48,0
694714,oncoming_sedans.324,4.1,21.75,0
694715,oncoming_sedans.324,4.0,22.13,0
694716,oncoming_sedans.324,4.0,22.61,0
694717,oncoming_sedans.324,3.9,23.22,0
694718,oncoming_sedans.324,3.7,23.95,0
694719,oncoming_sedans.324,3.6,24.83,0
694720,oncoming_sedans.324,3.5,25.86,0
697656,oncoming_sedans.325,2.7,33.66,0
697657,oncoming_sedans.325,2.9,31.34,0
697658,oncoming_sedans.325,3.1,29.31,0
697659,oncoming_sedans.325,3.2,27.55,0
697660,oncoming_sedans.325,3.4,26.0,0
697661,oncoming_sedans.325,3.6,24.65,0
697662,oncoming_sedans.325,3.8,23.47,0
697663,oncoming_sedans.325,4.0,22.45,0
697664,oncoming_sedans.325,4.2,21.55,0
697665,oncoming_sedans.325,4.3,20.78,0
697666,oncoming_sedans.325,4.4,20.12,0
697667,oncoming_sedans.325,4.6,19.56,0
697668,oncoming_sedans.325,4.7,19.1,0
697669,oncoming_sedans.325,4.8,18.73,0
697670,oncoming_sedans.325,4.9,18.45,0
697671,oncoming_sedans.325,4.9,18.24,0
697672,oncoming_sedans.325,4.9,18.12,0
697673,oncoming_sedans.325,4.9,18.08,0
697674,oncoming_sedans.325,4.9,18.12,0
697675,oncoming_sedans.325,4.9,18.24,0
697676,oncoming_sedans.325,4.9,18.45,0
697677,oncoming_sedans.325,4.8,18.74,0
697678,oncoming_sedans.325,4.7,19.12,0
697679,oncoming_sedans.325,4.6,19.59,0
697680,oncoming_sedans.325,4.4,20.17,0
697681,oncoming_sedans.325,4.3,20.85,0
697757,oncoming_trucks.122,0.3,307.69,0
697787,oncoming_sedans.327,9.7,9.2,0
697788,oncoming_sedans.327,9.5,9.41,0
697789,oncoming_sedans.327,9.3,9.67,0
697790,oncoming_sedans.327,9.0,9.99,0
697791,oncoming_sedans.327,8.6,10.38,0
697792,oncoming_sedans.327,8.2,10.85,0
697793,oncoming_sedans.327,7.9,11.39,0
697794,oncoming_sedans.327,7.4,12.02,0
697795,oncoming_sedans.327,7.0,12.76,0
697796,oncoming_sedans.327,6.6,13.6,0
697797,oncoming_sedans.327,6.1,14.58,0
697798,oncoming_sedans.327,5.7,15.7,0
697799,oncoming_sedans.327,5.3,16.98,0
697800,oncoming_sedans.327,4.8,18.46,0
697801,oncoming_sedans.327,4.4,20.16,0
697802,oncoming_sedans.327,4.0,22.12,0
700712,oncoming_sedans.326,0.2,369.06,0
700713,oncoming_sedans.326,0.3,288.94,0
700714,oncoming_sedans.326,0.4,231.42,0
700715,oncoming_sedans.326,0.5,188.96,0
700716,oncoming_sedans.326,0.6,156.87,0
700717,oncoming_sedans.326,0.7,132.13,0
700718,oncoming_sedans.326,0.8,112.72,0
700719,oncoming_sedans.326,0.9,97.27,0
700720,oncoming_sedans.326,1.1,84.8,0
700721,oncoming_sedans.326,1.2,74.63,0
700722,oncoming_sedans.326,1.4,66.24,0
700723,oncoming_sedans.326,1.5,59.26,0
700724,oncoming_sedans.326,1.7,53.4,0
700725,oncoming_sedans.326,1.8,48.45,0
700726,oncoming_sedans.326,2.0,44.24,0
700727,oncoming_sedans.326,2.2,40.63,0
700728,oncoming_sedans.326,2.4,37.54,0
700729,oncoming_sedans.326,2.6,34.86,0
700730,oncoming_sedans.326,2.7,32.55,0
700731,oncoming_sedans.326,2.9,30.54,0
700732,oncoming_sedans.326,3.1,28.79,0
700733,oncoming_sedans.326,3.3,27.27,0
700734,oncoming_sedans.326,3.4,25.95,0
700735,oncoming_sedans.326,3.6,24.81,0
700736,oncoming_sedans.326,3.8,23.82,0
700737,oncoming_sedans.326,3.9,22.98,0
700738,oncoming_sedans.326,4.0,22.26,0
700739,oncoming_sedans.326,4.1,21.66,0
700740,oncoming_sedans.326,4.2,21.17,0
700741,oncoming_sedans.326,4.3,20.79,0
700742,oncoming_sedans.326,4.4,20.5,0
700743,oncoming_sedans.326,4.4,20.31,0
700744,oncoming_sedans.326,4.4,20.21,0
700745,oncoming_sedans.326,4.4,20.21,0
700746,oncoming_sedans.326,4.4,20.3,0
700747,oncoming_sedans.326,4.4,20.48,0
700748,oncoming_sedans.326,4.3,20.76,0
700749,oncoming_sedans.326,4.2,21.14,0
700750,oncoming_sedans.326,4.1,21.62,0
700751,oncoming_sedans.326,4.0,22.22,0
700804,oncoming_trucks.123,2.2,41.47,0
700805,oncoming_trucks.123,2.3,38.67,0
700806,oncoming_trucks.123,2.5,36.23,0
700807,oncoming_trucks.123,2.6,34.09,0
700808,oncoming_trucks.123,2.8,32.21,0
700809,oncoming_trucks.123,2.9,30.54,0
700810,oncoming_trucks.123,3.1,29.07,0
700811,oncoming_trucks.123,3.2,27.77,0
700812,oncoming_trucks.123,3.4,26.62,0
700813,oncoming_trucks.123,3.5,25.6,0
700814,oncoming_trucks.123,3.6,24.7,0
700815,oncoming_trucks.123,3.7,23.91,0
700816,oncoming_trucks.123,3.9,23.22,0
700817,oncoming_trucks.123,4.0,22.63,0
700818,oncoming_trucks.123,4.0,22.13,0
700819,oncoming_trucks.123,4.1,21.7,0
700820,oncoming_trucks.123,4.2,21.36,0
700821,oncoming_trucks.123,4.2,21.1,0
700822,oncoming_trucks.123,4.3,20.91,0
700823,oncoming_trucks.123,4.3,20.81,0
700824,oncoming_trucks.123,4.3,20.78,0
700825,oncoming_trucks.123,4.3,20.83,0
700826,oncoming_trucks.123,4.3,20.97,0
700827,oncoming_trucks.123,4.2,21.19,0
700828,oncoming_trucks.123,4.2,21.51,0
700829,oncoming_trucks.123,4.1,21.93,0
700830,oncoming_trucks.123,4.0,22.46,0
700831,oncoming_trucks.123,3.9,23.12,0
700832,oncoming_trucks.123,3.7,23.9,0
700833,oncoming_trucks.123,3.6,24.84,0
700834,oncoming_trucks.123,3.4,25.95,0
700835,oncoming_trucks.123,3.3,27.24,0
700836,oncoming_trucks.123,3.1,28.76,0
700837,oncoming_trucks.123,2.9,30.54,0
700838,oncoming_trucks.123,2.7,32.6,0
700839,oncoming_trucks.123,2.6,35.02,0
700840,oncoming_trucks.123,2.4,37.84,0
700841,oncoming_trucks.123,2.2,41.16,0
703780,oncoming_sedans.328,0.2,371.33,0
703781,oncoming_sedans.328,0.3,290.52,0
703782,oncoming_sedans.328,0.4,232.55,0
703783,oncoming_sedans.328,0.5,189.79,0
703784,oncoming_sedans.328,0.6,157.48,0
703785,oncoming_sedans.328,0.7,132.59,0
703786,oncoming_sedans.328,0.8,113.08,0
703787,oncoming_sedans.328,0.9,97.54,0
703788,oncoming_sedans.328,1.1,85.02,0
703789,oncoming_sedans.328,1.2,74.8,0
703790,oncoming_sedans.328,1.3,66.38,0
703791,oncoming_sedans.328,1.5,59.37,0
703792,oncoming_sedans.328,1.7,53.49,0
703793,oncoming_sedans.328,1.8,48.52,0
703794,oncoming_sedans.328,2.0,44.29,0
703795,oncoming_sedans.328,2.2,40.68,0
703796,oncoming_sedans.328,2.4,37.57,0
703797,oncoming_sedans.328,2.6,34.89,0
703798,oncoming_sedans.328,2.7,32.57,0
703799,oncoming_sedans.328,2.9,30.56,0
703800,oncoming_sedans.328,3.1,28.8,0
703801,oncoming_sedans.328,3.3,27.28,0
703802,oncoming_sedans.328,3.4,25.96,0
703803,oncoming_sedans.328,3.6,24.81,0
703804,oncoming_sedans.328,3.8,23.82,0
703805,oncoming_sedans.328,3.9,22.98,0
703806,oncoming_sedans.328,4.0,22.26,0
703807,oncoming_sedans.328,4.1,21.66,0
703808,oncoming_sedans.328,4.2,21.17,0
703809,oncoming_sedans.328,4.3,20.78,0
703810,oncoming_sedans.328,4.4,20.49,0
703811,oncoming_sedans.328,4.4,20.3,0
703812,oncoming_sedans.328,4.4,20.2,0
703813,oncoming_sedans.328,4.4,20.19,0
703814,oncoming_sedans.328,4.4,20.28,0
703815,oncoming_sedans.328,4.4,20.46,0
703816,oncoming_sedans.328,4.3,20.73,0
703817,oncoming_sedans.328,4.2,21.11,0
703818,oncoming_sedans.328,4.1,21.59,0
703819,oncoming_sedans.328,4.0,22.19,0
703855,oncoming_trucks.124,0.9,94.47,0
703856,oncoming_trucks.124,0.8,110.87,0
703857,oncoming_trucks.124,0.7,132.35,0
703858,oncoming_trucks.124,0.6,161.38,0
703859,oncoming_trucks.124,0.4,202.32,0
703860,oncoming_trucks.124,0.3,263.6,0
703861,oncoming_trucks.124,0.2,363.89,0
703887,oncoming_sedans.329,3.5,25.29,0
703888,oncoming_sedans.329,3.7,24.2,0
703889,oncoming_sedans.329,3.9,23.23,0
703890,oncoming_sedans.329,4.0,22.38,0
703891,oncoming_sedans.329,4.1,21.62,0
703892,oncoming_sedans.329,4.3,20.96,0
703893,oncoming_sedans.329,4.4,20.39,0
703894,oncoming_sedans.329,4.5,19.9,0
703895,oncoming_sedans.329,4.6,19.49,0
703896,oncoming_sedans.329,4.7,19.15,0
703897,oncoming_sedans.329,4.7,18.88,0
703898,oncoming_sedans.329,4.8,18.68,0
703899,oncoming_sedans.329,4.8,18.56,0
703900,oncoming_sedans.329,4.8,18.5,0
703901,oncoming_sedans.329,4.8,18.52,0
703902,oncoming_sedans.329,4.8,18.61,0
703903,oncoming_sedans.329,4.8,18.78,0
703904,oncoming_sedans.329,4.7,19.04,0
703905,oncoming_sedans.329,4.6,19.38,0
703906,oncoming_sedans.329,4.5,19.81,0
703907,oncoming_sedans.329,4.4,20.35,0
703908,oncoming_sedans.329,4.3,20.99,0
703909,oncoming_sedans.329,4.1,21.76,0
703910,oncoming_sedans.329,3.9,22.66,0
703911,oncoming_sedans.329,3.8,23.72,0
703912,oncoming_sedans.329,3.6,24.94,0
706855,oncoming_trucks.124,0.2,380.39,0
706856,oncoming_trucks.124,0.3,285.99,0
706857,oncoming_trucks.124,0.4,223.45,0
706858,oncoming_trucks.124,0.5,179.88,0
706859,oncoming_trucks.124,0.6,148.31,0
706860,oncoming_trucks.124,0.7,124.7,0
706861,oncoming_trucks.124,0.8,106.58,0
706862,oncoming_trucks.124,1.0,92.37,0
706863,oncoming_trucks.124,1.1,81.03,0
706864,oncoming_trucks.124,1.2,71.82,0
706865,oncoming_trucks.124,1.4,64.26,0
706866,oncoming_trucks.124,1.5,57.96,0
706867,oncoming_trucks.124,1.7,52.67,0
706868,oncoming_trucks.124,1.9,48.19,0
706869,oncoming_trucks.124,2.0,44.35,0
706870,oncoming_trucks.124,2.2,41.05,0
706871,oncoming_trucks.124,2.3,38.19,0
706872,oncoming_trucks.124,2.5,35.71,0
706873,oncoming_trucks.124,2.7,33.53,0
706874,oncoming_trucks.124,2.8,31.62,0
706875,oncoming_trucks.124,3.0,29.94,0
706876,oncoming_trucks.124,3.1,28.46,0
706877,oncoming_trucks.124,3.3,27.16,0
706878,oncoming_trucks.124,3.4,26.01,0
706879,oncoming_trucks.124,3.6,24.99,0
706880,oncoming_trucks.124,3.7,24.1,0
706881,oncoming_trucks.124,3.8,23.31,0
706882,oncoming_trucks.124,4.0,22.64,0
706883,oncoming_trucks.124,4.1,22.05,0
706884,oncoming_trucks.124,4.2,21.55,0
706885,oncoming_trucks.124,4.2,21.14,0
706886,oncoming_trucks.124,4.3,20.81,0
706887,oncoming_trucks.124,4.4,20.56,0
706888,oncoming_trucks.124,4.4,20.39,0
706889,oncoming_trucks.124,4.4,20.3,0
706890,oncoming_trucks.124,4.4,20.28,0
706891,oncoming_trucks.124,4.4,20.35,0
706892,oncoming_trucks.124,4.4,20.5,0
706893,oncoming_trucks.124,4.3,20.75,0
706894,oncoming_trucks.124,4.2,21.09,0
706895,oncoming_trucks.124,4.2,21.54,0
706896,oncoming_trucks.124,4.0,22.1,0
706897,oncoming_trucks.124,3.9,22.78,0
706898,oncoming_trucks.124,3.8,23.61,0
706899,oncoming_trucks.124,3.6,24.59,0
706952,oncoming_sedans.331,2.1,43.08,0
706953,oncoming_sedans.331,2.2,40.08,0
706954,oncoming_sedans.331,2.4,37.45,0
706955,oncoming_sedans.331,2.5,35.15,0
706956,oncoming_sedans.331,2.7,33.12,0
706957,oncoming_sedans.331,2.9,31.33,0
706958,oncoming_sedans.331,3.0,29.74,0
706959,oncoming_sedans.331,3.2,28.35,0
706960,oncoming_sedans.331,3.3,27.11,0
706961,oncoming_sedans.331,3.4,26.03,0
706962,oncoming_sedans.331,3.6,25.07,0
706963,oncoming_sedans.331,3.7,24.24,0
706964,oncoming_sedans.331,3.8,23.52,0
706965,oncoming_sedans.331,3.9,22.9,0
706966,oncoming_sedans.331,4.0,22.38,0
706967,oncoming_sedans.331,4.1,21.95,0
706968,oncoming_sedans.331,4.1,21.61,0
706969,oncoming_sedans.331,4.2,21.35,0
706970,oncoming_sedans.331,4.2,21.18,0
706971,oncoming_sedans.331,4.2,21.09,0
706972,oncoming_sedans.331,4.2,21.09,0
706973,oncoming_sedans.331,4.2,21.17,0
706974,oncoming_sedans.331,4.2,21.34,0
706975,oncoming_sedans.331,4.1,21.61,0
706976,oncoming_sedans.331,4.1,21.97,0
706977,oncoming_sedans.331,4.0,22.43,0
706978,oncoming_sedans.331,3.9,23.0,0
706979,oncoming_sedans.331,3.8,23.69,0
706980,oncoming_sedans.331,3.7,24.51,0
706981,oncoming_sedans.331,3.5,25.47,0
706982,oncoming_sedans.331,3.4,26.59,0
709939,oncoming_sedans.330,2.3,39.43,0
709940,oncoming_sedans.330,2.4,36.82,0
709941,oncoming_sedans.330,2.6,34.53,0
709942,oncoming_sedans.330,2.8,32.52,0
709943,oncoming_sedans.330,2.9,30.75,0
709944,oncoming_sedans.330,3.1,29.19,0
709945,oncoming_sedans.330,3.2,27.81,0
709946,oncoming_sedans.330,3.4,26.59,0
709947,oncoming_sedans.330,3.5,25.52,0
709948,oncoming_sedans.330,3.6,24.57,0
709949,oncoming_sedans.330,3.8,23.75,0
709950,oncoming_sedans.330,3.9,23.04,0
709951,oncoming_sedans.330,4.0,22.42,0
709952,oncoming_sedans.330,4.1,21.9,0
709953,oncoming_sedans.330,4.2,21.47,0
709954,oncoming_sedans.330,4.2,21.13,0
709955,oncoming_sedans.330,4.3,20.87,0
709956,oncoming_sedans.330,4.3,20.69,0
709957,oncoming_sedans.330,4.3,20.6,0
709958,oncoming_sedans.330,4.3,20.59,0
709959,oncoming_sedans.330,4.3,20.67,0
709960,oncoming_sedans.330,4.3,20.83,0
709961,oncoming_sedans.330,4.2,21.09,0
709962,oncoming_sedans.330,4.2,21.44,0
709963,oncoming_sedans.330,4.1,21.9,0
709964,oncoming_sedans.330,4.0,22.47,0
709965,oncoming_sedans.330,3.9,23.17,0
709966,oncoming_sedans.330,3.7,24.0,0
709967,oncoming_sedans.330,3.6,24.98,0
709968,oncoming_sedans.330,3.4,26.13,0
710020,oncoming_sedans.333,2.2,40.17,0
710021,oncoming_sedans.333,2.4,37.48,0
710022,oncoming_sedans.333,2.5,35.13,0
710023,oncoming_sedans.333,2.7,33.07,0
710024,oncoming_sedans.333,2.9,31.26,0
710025,oncoming_sedans.333,3.0,29.67,0
710026,oncoming_sedans.333,3.2,28.27,0
710027,oncoming_sedans.333,3.3,27.05,0
710028,oncoming_sedans.333,3.4,25.99,0
710029,oncoming_sedans.333,3.6,25.06,0
710030,oncoming_sedans.333,3.7,24.27,0
710031,oncoming_sedans.333,3.8,23.59,0
710032,oncoming_sedans.333,3.9,23.03,0
710033,oncoming_sedans.333,4.0,22.57,0
710034,oncoming_sedans.333,4.0,22.21,0
710035,oncoming_sedans.333,4.1,21.94,0
710036,oncoming_sedans.333,4.1,21.77,0
710037,oncoming_sedans.333,4.1,21.7,0
710038,oncoming_sedans.333,4.1,21.71,0
710039,oncoming_sedans.333,4.1,21.81,0
710040,oncoming_sedans.333,4.1,22.01,0
710041,oncoming_sedans.333,4.0,22.31,0
710042,oncoming_sedans.333,3.9,22.71,0
710043,oncoming_sedans.333,3.9,23.21,0
710044,oncoming_sedans.333,3.8,23.83,0
710045,oncoming_sedans.333,3.6,24.56,0
710046,oncoming_sedans.333,3.5,25.42,0
710047,oncoming_sedans.333,3.4,26.43,0
710048,oncoming_sedans.333,3.2,27.58,0
710049,oncoming_sedans.333,3.1,28.91,0
710050,oncoming_sedans.333,2.9,30.42,0
713006,oncoming_sedans.332,2.1,43.01,0
713007,oncoming_sedans.332,2.2,40.02,0
713008,oncoming_sedans.332,2.4,37.41,0
713009,oncoming_sedans.332,2.5,35.1,0
713010,oncoming_sedans.332,2.7,33.08,0
713011,oncoming_sedans.332,2.9,31.29,0
713012,oncoming_sedans.332,3.0,29.71,0
713013,oncoming_sedans.332,3.2,28.32,0
713014,oncoming_sedans.332,3.3,27.09,0
713015,oncoming_sedans.332,3.4,26.0,0
713016,oncoming_sedans.332,3.6,25.05,0
713017,oncoming_sedans.332,3.7,24.22,0
713018,oncoming_sedans.332,3.8,23.49,0
713019,oncoming_sedans.332,3.9,22.88,0
713020,oncoming_sedans.332,4.0,22.36,0
713021,oncoming_sedans.332,4.1,21.93,0
713022,oncoming_sedans.332,4.1,21.58,0
713023,oncoming_sedans.332,4.2,21.33,0
713024,oncoming_sedans.332,4.2,21.16,0
713025,oncoming_sedans.332,4.2,21.07,0
713026,oncoming_sedans.332,4.2,21.07,0
713027,oncoming_sedans.332,4.2,21.15,0
713028,oncoming_sedans.332,4.2,21.32,0
713029,oncoming_sedans.332,4.1,21.58,0
713030,oncoming_sedans.332,4.1,21.94,0
713031,oncoming_sedans.332,4.0,22.4,0
713032,oncoming_sedans.332,3.9,22.97,0
713033,oncoming_sedans.332,3.8,23.66,0
713034,oncoming_sedans.332,3.7,24.47,0
713035,oncoming_sedans.332,3.5,25.43,0
713036,oncoming_sedans.332,3.4,26.55,0
713101,oncoming_trucks.125,2.3,39.49,0
713102,oncoming_trucks.125,2.4,36.7,0
713103,oncoming_trucks.125,2.6,34.27,0
713104,oncoming_trucks.125,2.8,32.14,0
713105,oncoming_trucks.125,3.0,30.26,0
713106,oncoming_trucks.125,3.1,28.6,0
713107,oncoming_trucks.125,3.3,27.14,0
713108,oncoming_trucks.125,3.5,25.83,0
713109,oncoming_trucks.125,3.6,24.68,0
713110,oncoming_trucks.125,3.8,23.65,0
713111,oncoming_trucks.125,3.9,22.74,0
713112,oncoming_trucks.125,4.1,21.93,0
713113,oncoming_trucks.125,4.2,21.22,0
713114,oncoming_trucks.125,4.3,20.6,0
713115,oncoming_trucks.125,4.5,20.05,0
713116,oncoming_trucks.125,4.6,19.59,0
713117,oncoming_trucks.125,4.7,19.19,0
713118,oncoming_trucks.125,4.7,18.87,0
713119,oncoming_trucks.125,4.8,18.61,0
713120,oncoming_trucks.125,4.9,18.42,0
713121,oncoming_trucks.125,4.9,18.3,0
713122,oncoming_trucks.125,4.9,18.24,0
713123,oncoming_trucks.125,4.9,18.26,0
713124,oncoming_trucks.125,4.9,18.34,0
713125,oncoming_trucks.125,4.8,18.5,0
713126,oncoming_trucks.125,4.8,18.75,0
713127,oncoming_trucks.125,4.7,19.08,0
713128,oncoming_trucks.125,4.6,19.5,0
713129,oncoming_trucks.125,4.5,20.03,0
713130,oncoming_trucks.125,4.3,20.66,0
713131,oncoming_trucks.125,4.2,21.43,0
713132,oncoming_trucks.125,4.0,22.34,0
713133,oncoming_trucks.125,3.8,23.41,0
716074,oncoming_sedans.334,2.2,40.17,0
716075,oncoming_sedans.334,2.4,37.48,0
716076,oncoming_sedans.334,2.5,35.13,0
716077,oncoming_sedans.334,2.7,33.07,0
716078,oncoming_sedans.334,2.9,31.26,0
716079,oncoming_sedans.334,3.0,29.67,0
716080,oncoming_sedans.334,3.2,28.27,0
716081,oncoming_sedans.334,3.3,27.05,0
716082,oncoming_sedans.334,3.4,25.98,0
716083,oncoming_sedans.334,3.6,25.06,0
716084,oncoming_sedans.334,3.7,24.27,0
716085,oncoming_sedans.334,3.8,23.59,0
716086,oncoming_sedans.334,3.9,23.03,0
716087,oncoming_sedans.334,4.0,22.57,0
716088,oncoming_sedans.334,4.0,22.21,0
716089,oncoming_sedans.334,4.1,21.94,0
716090,oncoming_sedans.334,4.1,21.77,0
716091,oncoming_sedans.334,4.1,21.7,0
716092,oncoming_sedans.334,4.1,21.71,0
716093,oncoming_sedans.334,4.1,21.81,0
716094,oncoming_sedans.334,4.1,22.01,0
716095,oncoming_sedans.334,4.0,22.31,0
716096,oncoming_sedans.334,3.9,22.71,0
716097,oncoming_sedans.334,3.9,23.21,0
716098,oncoming_sedans.334,3.8,23.83,0
716099,oncoming_sedans.334,3.6,24.56,0
716100,oncoming_sedans.334,3.5,25.42,0
716101,oncoming_sedans.334,3.4,26.43,0
716102,oncoming_sedans.334,3.2,27.58,0
716103,oncoming_sedans.334,3.1,28.91,0
716104,oncoming_sedans.334,2.9,30.42,0
716178,school_buses.25,1.8,50.28,0
716179,school_buses.25,1.9,46.44,0
716180,school_buses.25,2.1,43.12,0
716181,school_buses.25,2.2,40.21,0
716182,school_buses.25,2.4,37.67,0
716183,school_buses.25,2.5,35.43,0
716184,school_buses.25,2.7,33.45,0
716185,school_buses.25,2.8,31.69,0
716186,school_buses.25,3.0,30.13,0
716187,school_buses.25,3.1,28.73,0
716188,school_buses.25,3.3,27.49,0
716189,school_buses.25,3.4,26.38,0
716190,school_buses.25,3.5,25.39,0
716191,school_buses.25,3.6,24.52,0
716192,school_buses.25,3.8,23.74,0
716193,school_buses.25,3.9,23.05,0
716194,school_buses.25,4.0,22.46,0
716195,school_buses.25,4.1,21.94,0
716196,school_buses.25,4.2,21.5,0
716197,school_buses.25,4.2,21.14,0
716198,school_buses.25,4.3,20.85,0
716199,school_buses.25,4.3,20.64,0
716200,school_buses.25,4.4,20.5,0
716201,school_buses.25,4.4,20.44,0
716202,school_buses.25,4.4,20.46,0
716203,school_buses.25,4.4,20.56,0
716204,school_buses.25,4.3,20.75,0
716205,school_buses.25,4.3,21.04,0
716206,school_buses.25,4.2,21.43,0
716207,school_buses.25,4.1,21.94,0
716208,school_buses.25,4.0,22.57,0
716209,school_buses.25,3.8,23.36,0
716210,school_buses.25,3.7,24.3,0
716211,school_buses.25,3.5,25.44,0
716212,school_buses.25,3.3,26.8,0
716213,school_buses.25,3.1,28.43,0
716214,school_buses.25,2.9,30.36,0
716215,school_buses.25,2.7,32.67,0
716216,school_buses.25,2.5,35.43,0
716217,school_buses.25,2.3,38.75,0
716218,school_buses.25,2.1,42.73,0
716219,school_buses.25,1.9,47.52,0
716220,school_buses.25,1.7,53.35,0
716221,school_buses.25,1.5,60.52,0
716222,school_buses.25,1.3,69.45,0
716223,school_buses.25,1.1,80.76,0
716224,school_buses.25,0.9,95.39,0
716225,school_buses.25,0.8,114.84,0
716226,school_buses.25,0.6,141.61,0
716227,school_buses.25,0.5,180.32,0
716228,school_buses.25,0.4,240.37,0
716229,school_buses.25,0.3,344.36,0
719152,oncoming_sedans.335,2.7,33.63,0
719153,oncoming_sedans.335,2.9,31.31,0
719154,oncoming_sedans.335,3.1,29.29,0
719155,oncoming_sedans.335,3.3,27.53,0
719156,oncoming_sedans.335,3.4,25.99,0
719157,oncoming_sedans.335,3.6,24.64,0
719158,oncoming_sedans.335,3.8,23.47,0
719159,oncoming_sedans.335,4.0,22.44,0
719160,oncoming_sedans.335,4.2,21.55,0
719161,oncoming_sedans.335,4.3,20.78,0
719162,oncoming_sedans.335,4.4,20.12,0
719163,oncoming_sedans.335,4.6,19.57,0
719164,oncoming_sedans.335,4.7,19.1,0
719165,oncoming_sedans.335,4.8,18.73,0
719166,oncoming_sedans.335,4.8,18.45,0
719167,oncoming_sedans.335,4.9,18.25,0
719168,oncoming_sedans.335,4.9,18.13,0
719169,oncoming_sedans.335,4.9,18.09,0
719170,oncoming_sedans.335,4.9,18.13,0
719171,oncoming_sedans.335,4.9,18.25,0
719172,oncoming_sedans.335,4.8,18.46,0
719173,oncoming_sedans.335,4.8,18.75,0
719174,oncoming_sedans.335,4.7,19.13,0
719175,oncoming_sedans.335,4.6,19.61,0
719176,oncoming_sedans.335,4.4,20.18,0
719177,oncoming_sedans.335,4.3,20.87,0
719223,school_buses.25,0.2,366.63,0
719224,school_buses.25,0.3,274.79,0
719225,school_buses.25,0.4,214.63,0
719226,school_buses.25,0.5,173.02,0
719227,school_buses.25,0.6,143.02,0
719228,school_buses.25,0.7,120.64,0
719229,school_buses.25,0.9,103.5,0
719230,school_buses.25,1.0,90.06,0
719231,school_buses.25,1.1,79.32,0
719232,school_buses.25,1.3,70.59,0
719233,school_buses.25,1.4,63.41,0
719234,school_buses.25,1.6,57.41,0
719235,school_buses.25,1.7,52.36,0
719236,school_buses.25,1.9,48.06,0
719237,school_buses.25,2.0,44.37,0
719238,school_buses.25,2.2,41.18,0
719239,school_buses.25,2.3,38.41,0
719240,school_buses.25,2.5,35.98,0
719241,school_buses.25,2.6,33.85,0
719242,school_buses.25,2.8,31.97,0
719243,school_buses.25,3.0,30.31,0
719244,school_buses.25,3.1,28.84,0
719245,school_buses.25,3.3,27.53,0
719246,school_buses.25,3.4,26.36,0
719247,school_buses.25,3.5,25.33,0
719248,school_buses.25,3.7,24.41,0
719249,school_buses.25,3.8,23.6,0
719250,school_buses.25,3.9,22.88,0
719251,school_buses.25,4.0,22.26,0
719252,school_buses.25,4.1,21.72,0
719253,school_buses.25,4.2,21.26,0
719254,school_buses.25,4.3,20.88,0
719255,school_buses.25,4.3,20.58,0
719256,school_buses.25,4.4,20.35,0
719257,school_buses.25,4.4,20.19,0
719258,school_buses.25,4.4,20.12,0
719259,school_buses.25,4.4,20.12,0
719260,school_buses.25,4.4,20.2,0
719261,school_buses.25,4.4,20.38,0
719262,school_buses.25,4.3,20.65,0
719263,school_buses.25,4.3,21.02,0
719264,school_buses.25,4.2,21.5,0
719265,school_buses.25,4.0,22.11,0
722208,oncoming_sedans.336,0.2,369.0,0
722209,oncoming_sedans.336,0.3,288.9,0
722210,oncoming_sedans.336,0.4,231.4,0
722211,oncoming_sedans.336,0.5,188.95,0
722212,oncoming_sedans.336,0.6,156.86,0
722213,oncoming_sedans.336,0.7,132.12,0
722214,oncoming_sedans.336,0.8,112.72,0
722215,oncoming_sedans.336,0.9,97.27,0
722216,oncoming_sedans.336,1.1,84.8,0
722217,oncoming_sedans.336,1.2,74.63,0
722218,oncoming_sedans.336,1.4,66.24,0
722219,oncoming_sedans.336,1.5,59.26,0
722220,oncoming_sedans.336,1.7,53.4,0
722221,oncoming_sedans.336,1.8,48.45,0
722222,oncoming_sedans.336,2.0,44.24,0
722223,oncoming_sedans.336,2.2,40.63,0
722224,oncoming_sedans.336,2.4,37.53,0
722225,oncoming_sedans.336,2.6,34.86,0
722226,oncoming_sedans.336,2.7,32.55,0
722227,oncoming_sedans.336,2.9,30.54,0
722228,oncoming_sedans.336,3.1,28.79,0
722229,oncoming_sedans.336,3.3,27.27,0
722230,oncoming_sedans.336,3.4,25.95,0
722231,oncoming_sedans.336,3.6,24.81,0
722232,oncoming_sedans.336,3.8,23.82,0
722233,oncoming_sedans.336,3.9,22.98,0
722234,oncoming_sedans.336,4.0,22.26,0
722235,oncoming_sedans.336,4.1,21.66,0
722236,oncoming_sedans.336,4.2,21.17,0
722237,oncoming_sedans.336,4.3,20.79,0
722238,oncoming_sedans.336,4.4,20.5,0
722239,oncoming_sedans.336,4.4,20.31,0
722240,oncoming_sedans.336,4.4,20.21,0
722241,oncoming_sedans.336,4.4,20.21,0
722242,oncoming_sedans.336,4.4,20.3,0
722243,oncoming_sedans.336,4.4,20.48,0
722244,oncoming_sedans.336,4.3,20.76,0
722245,oncoming_sedans.336,4.2,21.14,0
722246,oncoming_sedans.336,4.1,21.62,0
722247,oncoming_sedans.336,4.0,22.22,0
722303,oncoming_trucks.126,1.1,81.92,0
722304,oncoming_trucks.126,1.2,73.1,0
722305,oncoming_trucks.126,1.4,65.79,0
722306,oncoming_trucks.126,1.5,59.66,0
722307,oncoming_trucks.126,1.6,54.47,0
722308,oncoming_trucks.126,1.8,50.04,0
722309,oncoming_trucks.126,1.9,46.22,0
722310,oncoming_trucks.126,2.1,42.91,0
722311,oncoming_trucks.126,2.2,40.03,0
722312,oncoming_trucks.126,2.4,37.51,0
722313,oncoming_trucks.126,2.5,35.28,0
722314,oncoming_trucks.126,2.7,33.32,0
722315,oncoming_trucks.126,2.8,31.58,0
722316,oncoming_trucks.126,3.0,30.04,0
722317,oncoming_trucks.126,3.1,28.67,0
722318,oncoming_trucks.126,3.3,27.45,0
722319,oncoming_trucks.126,3.4,26.36,0
722320,oncoming_trucks.126,3.5,25.4,0
722321,oncoming_trucks.126,3.6,24.55,0
722322,oncoming_trucks.126,3.8,23.8,0
722323,oncoming_trucks.126,3.9,23.14,0
722324,oncoming_trucks.126,4.0,22.58,0
722325,oncoming_trucks.126,4.0,22.09,0
722326,oncoming_trucks.126,4.1,21.69,0
722327,oncoming_trucks.126,4.2,21.37,0
722328,oncoming_trucks.126,4.2,21.13,0
722329,oncoming_trucks.126,4.3,20.96,0
722330,oncoming_trucks.126,4.3,20.88,0
722331,oncoming_trucks.126,4.3,20.88,0
722332,oncoming_trucks.126,4.3,20.96,0
722333,oncoming_trucks.126,4.2,21.13,0
722334,oncoming_trucks.126,4.2,21.41,0
722335,oncoming_trucks.126,4.1,21.78,0
722336,oncoming_trucks.126,4.0,22.28,0
722337,oncoming_trucks.126,3.9,22.9,0
722338,oncoming_trucks.126,3.8,23.66,0
722339,oncoming_trucks.126,3.6,24.59,0
722340,oncoming_trucks.126,3.5,25.71,0
722341,oncoming_trucks.126,3.3,27.05,0
722342,oncoming_trucks.126,3.1,28.64,0
722343,oncoming_trucks.126,2.9,30.53,0
725276,oncoming_sedans.337,0.2,371.56,0
725277,oncoming_sedans.337,0.3,290.66,0
725278,oncoming_sedans.337,0.4,232.65,0
725279,oncoming_sedans.337,0.5,189.85,0
725280,oncoming_sedans.337,0.6,157.53,0
725281,oncoming_sedans.337,0.7,132.62,0
725282,oncoming_sedans.337,0.8,113.1,0
725283,oncoming_sedans.337,0.9,97.56,0
725284,oncoming_sedans.337,1.1,85.03,0
725285,oncoming_sedans.337,1.2,74.81,0
725286,oncoming_sedans.337,1.3,66.38,0
725287,oncoming_sedans.337,1.5,59.37,0
725288,oncoming_sedans.337,1.7,53.49,0
725289,oncoming_sedans.337,1.8,48.52,0
725290,oncoming_sedans.337,2.0,44.3,0
725291,oncoming_sedans.337,2.2,40.68,0
725292,oncoming_sedans.337,2.4,37.57,0
725293,oncoming_sedans.337,2.6,34.89,0
725294,oncoming_sedans.337,2.7,32.57,0
725295,oncoming_sedans.337,2.9,30.56,0
725296,oncoming_sedans.337,3.1,28.81,0
725297,oncoming_sedans.337,3.3,27.28,0
725298,oncoming_sedans.337,3.4,25.96,0
725299,oncoming_sedans.337,3.6,24.81,0
725300,oncoming_sedans.337,3.8,23.82,0
725301,oncoming_sedans.337,3.9,22.98,0
725302,oncoming_sedans.337,4.0,22.26,0
725303,oncoming_sedans.337,4.1,21.66,0
725304,oncoming_sedans.337,4.2,21.17,0
725305,oncoming_sedans.337,4.3,20.78,0
725306,oncoming_sedans.337,4.4,20.49,0
725307,oncoming_sedans.337,4.4,20.3,0
725308,oncoming_sedans.337,4.4,20.2,0
725309,oncoming_sedans.337,4.4,20.19,0
725310,oncoming_sedans.337,4.4,20.28,0
725311,oncoming_sedans.337,4.4,20.46,0
725312,oncoming_sedans.337,4.3,20.73,0
725313,oncoming_sedans.337,4.2,21.11,0
725314,oncoming_sedans.337,4.1,21.59,0
725315,oncoming_sedans.337,4.0,22.18,0
725407,oncoming_sedans.341,9.6,9.36,0
725408,oncoming_sedans.341,9.3,9.57,0
725409,oncoming_sedans.341,9.1,9.83,0
725410,oncoming_sedans.341,8.8,10.14,0
725411,oncoming_sedans.341,8.5,10.51,0
725412,oncoming_sedans.341,8.2,10.93,0
725413,oncoming_sedans.341,7.8,11.43,0
725414,oncoming_sedans.341,7.5,11.99,0
725415,oncoming_sedans.341,7.1,12.64,0
725416,oncoming_sedans.341,6.7,13.38,0
725417,oncoming_sedans.341,6.3,14.22,0
725418,oncoming_sedans.341,5.9,15.18,0
725419,oncoming_sedans.341,5.5,16.27,0
725420,oncoming_sedans.341,5.1,17.51,0
725421,oncoming_sedans.341,4.7,18.93,0
728344,oncoming_sedans.338,0.2,371.83,0
728345,oncoming_sedans.338,0.3,290.84,0
728346,oncoming_sedans.338,0.4,232.76,0
728347,oncoming_sedans.338,0.5,189.93,0
728348,oncoming_sedans.338,0.6,157.58,0
728349,oncoming_sedans.338,0.7,132.66,0
728350,oncoming_sedans.338,0.8,113.13,0
728351,oncoming_sedans.338,0.9,97.58,0
728352,oncoming_sedans.338,1.1,85.05,0
728353,oncoming_sedans.338,1.2,74.82,0
728354,oncoming_sedans.338,1.3,66.39,0
728355,oncoming_sedans.338,1.5,59.38,0
728356,oncoming_sedans.338,1.7,53.5,0
728357,oncoming_sedans.338,1.8,48.53,0
728358,oncoming_sedans.338,2.0,44.3,0
728359,oncoming_sedans.338,2.2,40.68,0
728360,oncoming_sedans.338,2.4,37.58,0
728361,oncoming_sedans.338,2.6,34.89,0
728362,oncoming_sedans.338,2.7,32.57,0
728363,oncoming_sedans.338,2.9,30.56,0
728364,oncoming_sedans.338,3.1,28.81,0
728365,oncoming_sedans.338,3.3,27.28,0
728366,oncoming_sedans.338,3.4,25.96,0
728367,oncoming_sedans.338,3.6,24.81,0
728368,oncoming_sedans.338,3.8,23.82,0
728369,oncoming_sedans.338,3.9,22.98,0
728370,oncoming_sedans.338,4.0,22.26,0
728371,oncoming_sedans.338,4.1,21.66,0
728372,oncoming_sedans.338,4.2,21.16,0
728373,oncoming_sedans.338,4.3,20.78,0
728374,oncoming_sedans.338,4.4,20.49,0
728375,oncoming_sedans.338,4.4,20.3,0
728376,oncoming_sedans.338,4.4,20.2,0
728377,oncoming_sedans.338,4.4,20.19,0
728378,oncoming_sedans.338,4.4,20.28,0
728379,oncoming_sedans.338,4.4,20.46,0
728380,oncoming_sedans.338,4.3,20.73,0
728381,oncoming_sedans.338,4.2,21.11,0
728382,oncoming_sedans.338,4.1,21.59,0
728383,oncoming_sedans.338,4.0,22.18,0
728464,oncoming_sedans.370,2.3,39.11,0
728465,oncoming_sedans.370,2.5,35.85,0
728466,oncoming_sedans.370,2.7,33.02,0
728467,oncoming_sedans.370,2.9,30.55,0
728468,oncoming_sedans.370,3.2,28.39,0
728469,oncoming_sedans.370,3.4,26.47,0
728470,oncoming_sedans.370,3.6,24.78,0
728471,oncoming_sedans.370,3.8,23.27,0
728472,oncoming_sedans.370,4.1,21.92,0
728473,oncoming_sedans.370,4.3,20.72,0
728474,oncoming_sedans.370,4.6,19.63,0
728475,oncoming_sedans.370,4.8,18.66,0
728476,oncoming_sedans.370,5.0,17.78,0
728477,oncoming_sedans.370,5.3,16.99,0
728478,oncoming_sedans.370,5.5,16.28,0
728479,oncoming_sedans.370,5.7,15.64,0
728480,oncoming_sedans.370,5.9,15.06,0
728481,oncoming_sedans.370,6.2,14.54,0
728482,oncoming_sedans.370,6.4,14.07,0
728483,oncoming_sedans.370,6.6,13.66,0
728484,oncoming_sedans.370,6.7,13.29,0
728485,oncoming_sedans.370,6.9,12.97,0
728486,oncoming_sedans.370,7.0,12.7,0
728505,oncoming_sedans.343,7.2,12.51,0
728506,oncoming_sedans.343,7.1,12.6,0
728507,oncoming_sedans.343,7.0,12.73,0
728508,oncoming_sedans.343,6.9,12.9,0
728509,oncoming_sedans.343,6.8,13.13,0
728510,oncoming_sedans.343,6.7,13.41,0
728511,oncoming_sedans.343,6.5,13.74,0
728512,oncoming_sedans.343,6.3,14.13,0
728513,oncoming_sedans.343,6.1,14.58,0
728514,oncoming_sedans.343,5.9,15.1,0
728515,oncoming_sedans.343,5.7,15.7,0
728516,oncoming_sedans.343,5.5,16.37,0
728517,oncoming_sedans.343,5.2,17.14,0
728518,oncoming_sedans.343,5.0,18.0,0
728519,oncoming_sedans.343,4.7,18.96,0
728520,oncoming_sedans.343,4.5,20.04,0
728521,oncoming_sedans.343,4.2,21.26,0
728522,oncoming_sedans.343,4.0,22.62,0
728523,oncoming_sedans.343,3.7,24.15,0
728524,oncoming_sedans.343,3.5,25.86,0
731412,oncoming_sedans.339,0.2,371.73,0
731413,oncoming_sedans.339,0.3,290.77,0
731414,oncoming_sedans.339,0.4,232.72,0
731415,oncoming_sedans.339,0.5,189.9,0
731416,oncoming_sedans.339,0.6,157.56,0
731417,oncoming_sedans.339,0.7,132.65,0
731418,oncoming_sedans.339,0.8,113.12,0
731419,oncoming_sedans.339,0.9,97.57,0
731420,oncoming_sedans.339,1.1,85.04,0
731421,oncoming_sedans.339,1.2,74.82,0
731422,oncoming_sedans.339,1.3,66.39,0
731423,oncoming_sedans.339,1.5,59.38,0
731424,oncoming_sedans.339,1.7,53.49,0
731425,oncoming_sedans.339,1.8,48.52,0
731426,oncoming_sedans.339,2.0,44.3,0
731427,oncoming_sedans.339,2.2,40.68,0
731428,oncoming_sedans.339,2.4,37.58,0
731429,oncoming_sedans.339,2.6,34.89,0
731430,oncoming_sedans.339,2.7,32.57,0
731431,oncoming_sedans.339,2.9,30.56,0
731432,oncoming_sedans.339,3.1,28.81,0
731433,oncoming_sedans.339,3.3,27.28,0
731434,oncoming_sedans.339,3.4,25.96,0
731435,oncoming_sedans.339,3.6,24.81,0
731436,oncoming_sedans.339,3.8,23.82,0
731437,oncoming_sedans.339,3.9,22.98,0
731438,oncoming_sedans.339,4.0,22.26,0
731439,oncoming_sedans.339,4.1,21.66,0
731440,oncoming_sedans.339,4.2,21.17,0
731441,oncoming_sedans.339,4.3,20.78,0
731442,oncoming_sedans.339,4.4,20.49,0
731443,oncoming_sedans.339,4.4,20.3,0
731444,oncoming_sedans.339,4.4,20.2,0
731445,oncoming_sedans.339,4.4,20.19,0
731446,oncoming_sedans.339,4.4,20.28,0
731447,oncoming_sedans.339,4.4,20.46,0
731448,oncoming_sedans.339,4.3,20.73,0
731449,oncoming_sedans.339,4.2,21.11,0
731450,oncoming_sedans.339,4.1,21.59,0
731451,oncoming_sedans.339,4.0,22.18,0
731588,oncoming_sedans.345,10.1,8.9,0
731589,oncoming_sedans.345,9.9,9.03,0
731590,oncoming_sedans.345,9.7,9.21,0
731591,oncoming_sedans.345,9.5,9.43,0
731592,oncoming_sedans.345,9.2,9.7,0
731593,oncoming_sedans.345,8.9,10.03,0
731594,oncoming_sedans.345,8.6,10.41,0
731595,oncoming_sedans.345,8.2,10.86,0
731596,oncoming_sedans.345,7.9,11.37,0
731597,oncoming_sedans.345,7.5,11.96,0
731598,oncoming_sedans.345,7.1,12.64,0
731599,oncoming_sedans.345,6.7,13.4,0
731600,oncoming_sedans.345,6.3,14.27,0
731601,oncoming_sedans.345,5.9,15.25,0
731638,oncoming_trucks.130,1.4,62.06,0
731639,oncoming_trucks.130,1.2,73.78,0
731640,oncoming_trucks.130,1.0,89.29,0
731641,oncoming_trucks.130,0.8,110.52,0
731642,oncoming_trucks.130,0.6,140.93,0
731643,oncoming_trucks.130,0.5,187.43,0
731644,oncoming_trucks.130,0.3,265.97,0
734480,oncoming_sedans.340,0.2,371.83,0
734481,oncoming_sedans.340,0.3,290.84,0
734482,oncoming_sedans.340,0.4,232.76,0
734483,oncoming_sedans.340,0.5,189.93,0
734484,oncoming_sedans.340,0.6,157.58,0
734485,oncoming_sedans.340,0.7,132.66,0
734486,oncoming_sedans.340,0.8,113.13,0
734487,oncoming_sedans.340,0.9,97.58,0
734488,oncoming_sedans.340,1.1,85.05,0
734489,oncoming_sedans.340,1.2,74.82,0
734490,oncoming_sedans.340,1.3,66.39,0
734491,oncoming_sedans.340,1.5,59.38,0
734492,oncoming_sedans.340,1.7,53.5,0
734493,oncoming_sedans.340,1.8,48.53,0
734494,oncoming_sedans.340,2.0,44.3,0
734495,oncoming_sedans.340,2.2,40.68,0
734496,oncoming_sedans.340,2.4,37.58,0
734497,oncoming_sedans.340,2.6,34.89,0
734498,oncoming_sedans.340,2.7,32.57,0
734499,oncoming_sedans.340,2.9,30.56,0
734500,oncoming_sedans.340,3.1,28.81,0
734501,oncoming_sedans.340,3.3,27.28,0
734502,oncoming_sedans.340,3.4,25.96,0
734503,oncoming_sedans.340,3.6,24.81,0
734504,oncoming_sedans.340,3.8,23.82,0
734505,oncoming_sedans.340,3.9,22.98,0
734506,oncoming_sedans.340,4.0,22.26,0
734507,oncoming_sedans.340,4.1,21.66,0
734508,oncoming_sedans.340,4.2,21.16,0
734509,oncoming_sedans.340,4.3,20.78,0
734510,oncoming_sedans.340,4.4,20.49,0
734511,oncoming_sedans.340,4.4,20.3,0
734512,oncoming_sedans.340,4.4,20.2,0
734513,oncoming_sedans.340,4.4,20.19,0
734514,oncoming_sedans.340,4.4,20.28,0
734515,oncoming_sedans.340,4.4,20.46,0
734516,oncoming_sedans.340,4.3,20.73,0
734517,oncoming_sedans.340,4.2,21.11,0
734518,oncoming_sedans.340,4.1,21.59,0
734519,oncoming_sedans.340,4.0,22.18,0
734555,oncoming_trucks.128,0.9,94.83,0
734556,oncoming_trucks.128,0.8,111.42,0
734557,oncoming_trucks.128,0.7,133.21,0
734558,oncoming_trucks.128,0.5,162.77,0
734559,oncoming_trucks.128,0.4,204.66,0
734560,oncoming_trucks.128,0.3,267.79,0
734561,oncoming_trucks.128,0.2,372.2,0
734633,oncoming_trucks.130,0.2,388.02,0
734634,oncoming_trucks.130,0.3,285.99,0
734635,oncoming_trucks.130,0.4,220.49,0
734636,oncoming_trucks.130,0.5,175.89,0
734637,oncoming_trucks.130,0.6,144.12,0
734638,oncoming_trucks.130,0.7,120.67,0
734639,oncoming_trucks.130,0.9,102.85,0
734640,oncoming_trucks.130,1.0,88.99,0
734641,oncoming_trucks.130,1.1,77.99,0
734642,oncoming_trucks.130,1.3,69.11,0
734643,oncoming_trucks.130,1.4,61.84,0
734644,oncoming_trucks.130,1.6,55.81,0
734645,oncoming_trucks.130,1.8,50.75,0
734646,oncoming_trucks.130,1.9,46.47,0
734647,oncoming_trucks.130,2.1,42.82,0
734648,oncoming_trucks.130,2.3,39.68,0
734649,oncoming_trucks.130,2.4,36.97,0
734650,oncoming_trucks.130,2.6,34.61,0
734651,oncoming_trucks.130,2.7,32.55,0
734652,oncoming_trucks.130,2.9,30.74,0
734653,oncoming_trucks.130,3.1,29.15,0
734654,oncoming_trucks.130,3.2,27.76,0
734655,oncoming_trucks.130,3.4,26.53,0
734656,oncoming_trucks.130,3.5,25.44,0
734657,oncoming_trucks.130,3.7,24.49,0
734658,oncoming_trucks.130,3.8,23.66,0
734659,oncoming_trucks.130,3.9,22.94,0
734660,oncoming_trucks.130,4.0,22.31,0
734661,oncoming_trucks.130,4.1,21.78,0
734662,oncoming_trucks.130,4.2,21.34,0
734663,oncoming_trucks.130,4.3,20.97,0
734664,oncoming_trucks.130,4.3,20.7,0
734665,oncoming_trucks.130,4.4,20.5,0
734666,oncoming_trucks.130,4.4,20.38,0
734667,oncoming_trucks.130,4.4,20.34,0
734668,oncoming_trucks.130,4.4,20.38,0
734669,oncoming_trucks.130,4.4,20.51,0
734670,oncoming_trucks.130,4.3,20.73,0
734671,oncoming_trucks.130,4.3,21.04,0
734672,oncoming_trucks.130,4.2,21.46,0
734673,oncoming_trucks.130,4.1,21.99,0
734674,oncoming_trucks.130,4.0,22.65,0
734675,oncoming_trucks.130,3.8,23.44,0
734676,oncoming_trucks.130,3.7,24.39,0
737553,oncoming_trucks.128,0.2,386.58,0
737554,oncoming_trucks.128,0.3,289.82,0
737555,oncoming_trucks.128,0.4,225.95,0
737556,oncoming_trucks.128,0.5,181.59,0
737557,oncoming_trucks.128,0.6,149.52,0
737558,oncoming_trucks.128,0.7,125.58,0
737559,oncoming_trucks.128,0.8,107.24,0
737560,oncoming_trucks.128,1.0,92.87,0
737561,oncoming_trucks.128,1.1,81.41,0
737562,oncoming_trucks.128,1.2,72.13,0
737563,oncoming_trucks.128,1.4,64.5,0
737564,oncoming_trucks.128,1.5,58.16,0
737565,oncoming_trucks.128,1.7,52.83,0
737566,oncoming_trucks.128,1.9,48.32,0
737567,oncoming_trucks.128,2.0,44.46,0
737568,oncoming_trucks.128,2.2,41.14,0
737569,oncoming_trucks.128,2.3,38.27,0
737570,oncoming_trucks.128,2.5,35.77,0
737571,oncoming_trucks.128,2.7,33.58,0
737572,oncoming_trucks.128,2.8,31.67,0
737573,oncoming_trucks.128,3.0,29.98,0
737574,oncoming_trucks.128,3.1,28.5,0
737575,oncoming_trucks.128,3.3,27.18,0
737576,oncoming_trucks.128,3.4,26.03,0
737577,oncoming_trucks.128,3.6,25.01,0
737578,oncoming_trucks.128,3.7,24.11,0
737579,oncoming_trucks.128,3.8,23.32,0
737580,oncoming_trucks.128,4.0,22.64,0
737581,oncoming_trucks.128,4.1,22.05,0
737582,oncoming_trucks.128,4.2,21.56,0
737583,oncoming_trucks.128,4.2,21.14,0
737584,oncoming_trucks.128,4.3,20.81,0
737585,oncoming_trucks.128,4.4,20.55,0
737586,oncoming_trucks.128,4.4,20.38,0
737587,oncoming_trucks.128,4.4,20.28,0
737588,oncoming_trucks.128,4.4,20.27,0
737589,oncoming_trucks.128,4.4,20.33,0
737590,oncoming_trucks.128,4.4,20.48,0
737591,oncoming_trucks.128,4.3,20.72,0
737592,oncoming_trucks.128,4.2,21.06,0
737593,oncoming_trucks.128,4.2,21.5,0
737594,oncoming_trucks.128,4.1,22.06,0
737595,oncoming_trucks.128,3.9,22.74,0
737596,oncoming_trucks.128,3.8,23.56,0
737597,oncoming_trucks.128,3.6,24.54,0
737716,oncoming_sedans.347,2.3,39.45,0
737717,oncoming_sedans.347,2.4,36.83,0
737718,oncoming_sedans.347,2.6,34.54,0
737719,oncoming_sedans.347,2.8,32.53,0
737720,oncoming_sedans.347,2.9,30.76,0
737721,oncoming_sedans.347,3.1,29.19,0
737722,oncoming_sedans.347,3.2,27.81,0
737723,oncoming_sedans.347,3.4,26.6,0
737724,oncoming_sedans.347,3.5,25.52,0
737725,oncoming_sedans.347,3.6,24.58,0
737726,oncoming_sedans.347,3.8,23.76,0
737727,oncoming_sedans.347,3.9,23.04,0
737728,oncoming_sedans.347,4.0,22.42,0
737729,oncoming_sedans.347,4.1,21.9,0
737730,oncoming_sedans.347,4.2,21.47,0
737731,oncoming_sedans.347,4.2,21.13,0
737732,oncoming_sedans.347,4.3,20.87,0
737733,oncoming_sedans.347,4.3,20.7,0
737734,oncoming_sedans.347,4.3,20.6,0
737735,oncoming_sedans.347,4.3,20.59,0
737736,oncoming_sedans.347,4.3,20.67,0
737737,oncoming_sedans.347,4.3,20.83,0
737738,oncoming_sedans.347,4.2,21.09,0
737739,oncoming_sedans.347,4.2,21.44,0
737740,oncoming_sedans.347,4.1,21.9,0
737741,oncoming_sedans.347,4.0,22.47,0
737742,oncoming_sedans.347,3.9,23.17,0
737743,oncoming_sedans.347,3.7,24.0,0
737744,oncoming_sedans.347,3.6,24.98,0
737745,oncoming_sedans.347,3.4,26.12,0
740637,oncoming_sedans.342,2.3,39.44,0
740638,oncoming_sedans.342,2.4,36.82,0
740639,oncoming_sedans.342,2.6,34.53,0
740640,oncoming_sedans.342,2.8,32.52,0
740641,oncoming_sedans.342,2.9,30.75,0
740642,oncoming_sedans.342,3.1,29.19,0
740643,oncoming_sedans.342,3.2,27.81,0
740644,oncoming_sedans.342,3.4,26.59,0
740645,oncoming_sedans.342,3.5,25.52,0
740646,oncoming_sedans.342,3.6,24.58,0
740647,oncoming_sedans.342,3.8,23.75,0
740648,oncoming_sedans.342,3.9,23.04,0
740649,oncoming_sedans.342,4.0,22.42,0
740650,oncoming_sedans.342,4.1,21.9,0
740651,oncoming_sedans.342,4.2,21.47,0
740652,oncoming_sedans.342,4.2,21.13,0
740653,oncoming_sedans.342,4.3,20.87,0
740654,oncoming_sedans.342,4.3,20.69,0
740655,oncoming_sedans.342,4.3,20.6,0
740656,oncoming_sedans.342,4.3,20.59,0
740657,oncoming_sedans.342,4.3,20.67,0
740658,oncoming_sedans.342,4.3,20.83,0
740659,oncoming_sedans.342,4.2,21.09,0
740660,oncoming_sedans.342,4.2,21.44,0
740661,oncoming_sedans.342,4.1,21.9,0
740662,oncoming_sedans.342,4.0,22.47,0
740663,oncoming_sedans.342,3.9,23.17,0
740664,oncoming_sedans.342,3.7,24.0,0
740665,oncoming_sedans.342,3.6,24.98,0
740666,oncoming_sedans.342,3.4,26.13,0
740786,oncoming_trucks.131,1.8,50.18,0
740787,oncoming_trucks.131,1.9,46.36,0
740788,oncoming_trucks.131,2.1,43.05,0
740789,oncoming_trucks.131,2.2,40.15,0
740790,oncoming_trucks.131,2.4,37.61,0
740791,oncoming_trucks.131,2.5,35.38,0
740792,oncoming_trucks.131,2.7,33.4,0
740793,oncoming_trucks.131,2.8,31.65,0
740794,oncoming_trucks.131,3.0,30.09,0
740795,oncoming_trucks.131,3.1,28.7,0
740796,oncoming_trucks.131,3.3,27.46,0
740797,oncoming_trucks.131,3.4,26.36,0
740798,oncoming_trucks.131,3.5,25.39,0
740799,oncoming_trucks.131,3.6,24.52,0
740800,oncoming_trucks.131,3.8,23.76,0
740801,oncoming_trucks.131,3.9,23.08,0
740802,oncoming_trucks.131,4.0,22.5,0
740803,oncoming_trucks.131,4.1,22.0,0
740804,oncoming_trucks.131,4.1,21.58,0
740805,oncoming_trucks.131,4.2,21.24,0
740806,oncoming_trucks.131,4.3,20.97,0
740807,oncoming_trucks.131,4.3,20.78,0
740808,oncoming_trucks.131,4.3,20.66,0
740809,oncoming_trucks.131,4.3,20.62,0
740810,oncoming_trucks.131,4.3,20.67,0
740811,oncoming_trucks.131,4.3,20.79,0
740812,oncoming_trucks.131,4.3,21.01,0
740813,oncoming_trucks.131,4.2,21.32,0
740814,oncoming_trucks.131,4.1,21.73,0
740815,oncoming_trucks.131,4.0,22.26,0
740816,oncoming_trucks.131,3.9,22.92,0
740817,oncoming_trucks.131,3.8,23.72,0
740818,oncoming_trucks.131,3.6,24.68,0
740819,oncoming_trucks.131,3.5,25.82,0
740820,oncoming_trucks.131,3.3,27.17,0
740821,oncoming_trucks.131,3.1,28.76,0
740822,oncoming_trucks.131,2.9,30.64,0
740823,oncoming_trucks.131,2.7,32.84,0
743704,oncoming_sedans.344,2.1,43.01,0
743705,oncoming_sedans.344,2.2,40.02,0
743706,oncoming_sedans.344,2.4,37.41,0
743707,oncoming_sedans.344,2.5,35.1,0
743708,oncoming_sedans.344,2.7,33.08,0
743709,oncoming_sedans.344,2.9,31.29,0
743710,oncoming_sedans.344,3.0,29.71,0
743711,oncoming_sedans.344,3.2,28.32,0
743712,oncoming_sedans.344,3.3,27.09,0
743713,oncoming_sedans.344,3.4,26.0,0
743714,oncoming_sedans.344,3.6,25.05,0
743715,oncoming_sedans.344,3.7,24.22,0
743716,oncoming_sedans.344,3.8,23.49,0
743717,oncoming_sedans.344,3.9,22.88,0
743718,oncoming_sedans.344,4.0,22.36,0
743719,oncoming_sedans.344,4.1,21.93,0
743720,oncoming_sedans.344,4.1,21.58,0
743721,oncoming_sedans.344,4.2,21.33,0
743722,oncoming_sedans.344,4.2,21.16,0
743723,oncoming_sedans.344,4.2,21.07,0
743724,oncoming_sedans.344,4.2,21.07,0
743725,oncoming_sedans.344,4.2,21.15,0
743726,oncoming_sedans.344,4.2,21.32,0
743727,oncoming_sedans.344,4.1,21.58,0
743728,oncoming_sedans.344,4.1,21.94,0
743729,oncoming_sedans.344,4.0,22.4,0
743730,oncoming_sedans.344,3.9,22.97,0
743731,oncoming_sedans.344,3.8,23.66,0
743732,oncoming_sedans.344,3.7,24.47,0
743733,oncoming_sedans.344,3.5,25.43,0
743734,oncoming_sedans.344,3.4,26.55,0
743862,oncoming_sedans.351,3.0,29.43,0
743863,oncoming_sedans.351,3.2,28.15,0
743864,oncoming_sedans.351,3.3,27.03,0
743865,oncoming_sedans.351,3.4,26.03,0
743866,oncoming_sedans.351,3.6,25.16,0
743867,oncoming_sedans.351,3.7,24.4,0
743868,oncoming_sedans.351,3.8,23.74,0
743869,oncoming_sedans.351,3.9,23.18,0
743870,oncoming_sedans.351,3.9,22.71,0
743871,oncoming_sedans.351,4.0,22.33,0
743872,oncoming_sedans.351,4.1,22.04,0
743873,oncoming_sedans.351,4.1,21.83,0
743874,oncoming_sedans.351,4.1,21.7,0
743875,oncoming_sedans.351,4.1,21.66,0
743876,oncoming_sedans.351,4.1,21.71,0
743877,oncoming_sedans.351,4.1,21.84,0
743878,oncoming_sedans.351,4.1,22.07,0
743879,oncoming_sedans.351,4.0,22.39,0
743880,oncoming_sedans.351,3.9,22.82,0
743881,oncoming_sedans.351,3.8,23.36,0
743882,oncoming_sedans.351,3.7,24.02,0
743883,oncoming_sedans.351,3.6,24.81,0
743884,oncoming_sedans.351,3.5,25.75,0
743885,oncoming_sedans.351,3.3,26.85,0
743886,oncoming_sedans.351,3.2,28.13,0
743887,oncoming_sedans.351,3.0,29.62,0
743888,oncoming_sedans.351,2.9,31.34,0
743889,oncoming_sedans.351,2.7,33.33,0
743890,oncoming_sedans.351,2.5,35.64,0
743891,oncoming_sedans.351,2.3,38.31,0
743892,oncoming_sedans.351,2.2,41.41,0
743893,oncoming_sedans.351,2.0,45.02,0
746771,oncoming_sedans.346,2.1,43.25,0
746772,oncoming_sedans.346,2.2,40.17,0
746773,oncoming_sedans.346,2.4,37.48,0
746774,oncoming_sedans.346,2.5,35.13,0
746775,oncoming_sedans.346,2.7,33.07,0
746776,oncoming_sedans.346,2.9,31.26,0
746777,oncoming_sedans.346,3.0,29.67,0
746778,oncoming_sedans.346,3.2,28.27,0
746779,oncoming_sedans.346,3.3,27.05,0
746780,oncoming_sedans.346,3.4,25.99,0
746781,oncoming_sedans.346,3.6,25.06,0
746782,oncoming_sedans.346,3.7,24.27,0
746783,oncoming_sedans.346,3.8,23.59,0
746784,oncoming_sedans.346,3.9,23.03,0
746785,oncoming_sedans.346,4.0,22.57,0
746786,oncoming_sedans.346,4.0,22.21,0
746787,oncoming_sedans.346,4.1,21.94,0
746788,oncoming_sedans.346,4.1,21.77,0
746789,oncoming_sedans.346,4.1,21.7,0
746790,oncoming_sedans.346,4.1,21.71,0
746791,oncoming_sedans.346,4.1,21.81,0
746792,oncoming_sedans.346,4.1,22.01,0
746793,oncoming_sedans.346,4.0,22.31,0
746794,oncoming_sedans.346,3.9,22.71,0
746795,oncoming_sedans.346,3.9,23.21,0
746796,oncoming_sedans.346,3.8,23.83,0
746797,oncoming_sedans.346,3.6,24.56,0
746798,oncoming_sedans.346,3.5,25.43,0
746799,oncoming_sedans.346,3.4,26.43,0
746800,oncoming_sedans.346,3.2,27.58,0
746801,oncoming_sedans.346,3.1,28.91,0
746802,oncoming_sedans.346,2.9,30.42,0
746944,oncoming_trucks.132,3.3,27.36,0
746945,oncoming_trucks.132,3.4,26.13,0
746946,oncoming_trucks.132,3.6,25.03,0
746947,oncoming_trucks.132,3.7,24.05,0
746948,oncoming_trucks.132,3.9,23.16,0
746949,oncoming_trucks.132,4.0,22.38,0
746950,oncoming_trucks.132,4.1,21.68,0
746951,oncoming_trucks.132,4.2,21.06,0
746952,oncoming_trucks.132,4.4,20.51,0
746953,oncoming_trucks.132,4.5,20.04,0
746954,oncoming_trucks.132,4.6,19.63,0
746955,oncoming_trucks.132,4.6,19.29,0
746956,oncoming_trucks.132,4.7,19.02,0
746957,oncoming_trucks.132,4.8,18.81,0
746958,oncoming_trucks.132,4.8,18.66,0
746959,oncoming_trucks.132,4.8,18.58,0
746960,oncoming_trucks.132,4.8,18.56,0
746961,oncoming_trucks.132,4.8,18.62,0
746962,oncoming_trucks.132,4.8,18.74,0
746963,oncoming_trucks.132,4.7,18.95,0
746964,oncoming_trucks.132,4.6,19.24,0
746965,oncoming_trucks.132,4.6,19.63,0
746966,oncoming_trucks.132,4.4,20.12,0
746967,oncoming_trucks.132,4.3,20.72,0
746968,oncoming_trucks.132,4.2,21.45,0
746969,oncoming_trucks.132,4.0,22.32,0
746970,oncoming_trucks.132,3.8,23.35,0
746971,oncoming_trucks.132,3.6,24.57,0
746972,oncoming_trucks.132,3.4,26.01,0
746973,oncoming_trucks.132,3.2,27.7,0
746974,oncoming_trucks.132,3.0,29.68,0
746975,oncoming_trucks.132,2.8,32.02,0
749850,oncoming_sedans.348,2.7,33.63,0
749851,oncoming_sedans.348,2.9,31.31,0
749852,oncoming_sedans.348,3.1,29.29,0
749853,oncoming_sedans.348,3.2,27.53,0
749854,oncoming_sedans.348,3.4,25.99,0
749855,oncoming_sedans.348,3.6,24.64,0
749856,oncoming_sedans.348,3.8,23.47,0
749857,oncoming_sedans.348,4.0,22.44,0
749858,oncoming_sedans.348,4.2,21.55,0
749859,oncoming_sedans.348,4.3,20.78,0
749860,oncoming_sedans.348,4.4,20.12,0
749861,oncoming_sedans.348,4.6,19.57,0
749862,oncoming_sedans.348,4.7,19.11,0
749863,oncoming_sedans.348,4.8,18.74,0
749864,oncoming_sedans.348,4.8,18.45,0
749865,oncoming_sedans.348,4.9,18.25,0
749866,oncoming_sedans.348,4.9,18.13,0
749867,oncoming_sedans.348,4.9,18.09,0
749868,oncoming_sedans.348,4.9,18.13,0
749869,oncoming_sedans.348,4.9,18.25,0
749870,oncoming_sedans.348,4.8,18.46,0
749871,oncoming_sedans.348,4.8,18.75,0
749872,oncoming_sedans.348,4.7,19.13,0
749873,oncoming_sedans.348,4.6,19.61,0
749874,oncoming_sedans.348,4.4,20.18,0
749875,oncoming_sedans.348,4.3,20.87,0
750016,oncoming_sedans.354,3.0,29.54,0
750017,oncoming_sedans.354,3.2,28.25,0
750018,oncoming_sedans.354,3.3,27.11,0
750019,oncoming_sedans.354,3.4,26.11,0
750020,oncoming_sedans.354,3.5,25.23,0
750021,oncoming_sedans.354,3.7,24.46,0
750022,oncoming_sedans.354,3.8,23.8,0
750023,oncoming_sedans.354,3.9,23.23,0
750024,oncoming_sedans.354,3.9,22.76,0
750025,oncoming_sedans.354,4.0,22.38,0
750026,oncoming_sedans.354,4.1,22.08,0
750027,oncoming_sedans.354,4.1,21.87,0
750028,oncoming_sedans.354,4.1,21.74,0
750029,oncoming_sedans.354,4.1,21.69,0
750030,oncoming_sedans.354,4.1,21.74,0
750031,oncoming_sedans.354,4.1,21.87,0
750032,oncoming_sedans.354,4.1,22.09,0
750033,oncoming_sedans.354,4.0,22.41,0
750034,oncoming_sedans.354,3.9,22.84,0
750035,oncoming_sedans.354,3.8,23.37,0
750036,oncoming_sedans.354,3.7,24.03,0
750037,oncoming_sedans.354,3.6,24.82,0
750038,oncoming_sedans.354,3.5,25.76,0
750039,oncoming_sedans.354,3.3,26.86,0
750040,oncoming_sedans.354,3.2,28.14,0
750041,oncoming_sedans.354,3.0,29.62,0
750042,oncoming_sedans.354,2.9,31.35,0
750043,oncoming_sedans.354,2.7,33.34,0
750044,oncoming_sedans.354,2.5,35.64,0
750045,oncoming_sedans.354,2.3,38.31,0
750046,oncoming_sedans.354,2.2,41.4,0
750047,oncoming_sedans.354,2.0,45.01,0
752906,oncoming_sedans.350,0.2,369.04,0
752907,oncoming_sedans.350,0.3,288.93,0
752908,oncoming_sedans.350,0.4,231.42,0
752909,oncoming_sedans.350,0.5,188.96,0
752910,oncoming_sedans.350,0.6,156.87,0
752911,oncoming_sedans.350,0.7,132.13,0
752912,oncoming_sedans.350,0.8,112.72,0
752913,oncoming_sedans.350,0.9,97.27,0
752914,oncoming_sedans.350,1.1,84.8,0
752915,oncoming_sedans.350,1.2,74.63,0
752916,oncoming_sedans.350,1.4,66.24,0
752917,oncoming_sedans.350,1.5,59.26,0
752918,oncoming_sedans.350,1.7,53.4,0
752919,oncoming_sedans.350,1.8,48.45,0
752920,oncoming_sedans.350,2.0,44.24,0
752921,oncoming_sedans.350,2.2,40.63,0
752922,oncoming_sedans.350,2.4,37.54,0
752923,oncoming_sedans.350,2.6,34.86,0
752924,oncoming_sedans.350,2.7,32.55,0
752925,oncoming_sedans.350,2.9,30.54,0
752926,oncoming_sedans.350,3.1,28.79,0
752927,oncoming_sedans.350,3.3,27.27,0
752928,oncoming_sedans.350,3.4,25.95,0
752929,oncoming_sedans.350,3.6,24.81,0
752930,oncoming_sedans.350,3.8,23.82,0
752931,oncoming_sedans.350,3.9,22.98,0
752932,oncoming_sedans.350,4.0,22.26,0
752933,oncoming_sedans.350,4.1,21.66,0
752934,oncoming_sedans.350,4.2,21.17,0
752935,oncoming_sedans.350,4.3,20.79,0
752936,oncoming_sedans.350,4.4,20.5,0
752937,oncoming_sedans.350,4.4,20.31,0
752938,oncoming_sedans.350,4.4,20.21,0
752939,oncoming_sedans.350,4.4,20.21,0
752940,oncoming_sedans.350,4.4,20.3,0
752941,oncoming_sedans.350,4.4,20.48,0
752942,oncoming_sedans.350,4.3,20.76,0
752943,oncoming_sedans.350,4.2,21.14,0
752944,oncoming_sedans.350,4.1,21.62,0
752945,oncoming_sedans.350,4.0,22.22,0
753098,oncoming_trucks.134,3.3,27.36,0
753099,oncoming_trucks.134,3.4,26.13,0
753100,oncoming_trucks.134,3.6,25.03,0
753101,oncoming_trucks.134,3.7,24.05,0
753102,oncoming_trucks.134,3.9,23.16,0
753103,oncoming_trucks.134,4.0,22.38,0
753104,oncoming_trucks.134,4.1,21.68,0
753105,oncoming_trucks.134,4.2,21.06,0
753106,oncoming_trucks.134,4.4,20.51,0
753107,oncoming_trucks.134,4.5,20.04,0
753108,oncoming_trucks.134,4.6,19.63,0
753109,oncoming_trucks.134,4.6,19.29,0
753110,oncoming_trucks.134,4.7,19.02,0
753111,oncoming_trucks.134,4.8,18.81,0
753112,oncoming_trucks.134,4.8,18.66,0
753113,oncoming_trucks.134,4.8,18.58,0
753114,oncoming_trucks.134,4.8,18.56,0
753115,oncoming_trucks.134,4.8,18.62,0
753116,oncoming_trucks.134,4.8,18.74,0
753117,oncoming_trucks.134,4.7,18.95,0
753118,oncoming_trucks.134,4.6,19.24,0
753119,oncoming_trucks.134,4.6,19.63,0
753120,oncoming_trucks.134,4.4,20.12,0
753121,oncoming_trucks.134,4.3,20.72,0
753122,oncoming_trucks.134,4.2,21.45,0
753123,oncoming_trucks.134,4.0,22.32,0
753124,oncoming_trucks.134,3.8,23.35,0
753125,oncoming_trucks.134,3.6,24.57,0
753126,oncoming_trucks.134,3.4,26.01,0
753127,oncoming_trucks.134,3.2,27.7,0
753128,oncoming_trucks.134,3.0,29.68,0
753129,oncoming_trucks.134,2.8,32.02,0
755974,oncoming_sedans.352,0.2,371.6,0
755975,oncoming_sedans.352,0.3,290.69,0
755976,oncoming_sedans.352,0.4,232.67,0
755977,oncoming_sedans.352,0.5,189.87,0
755978,oncoming_sedans.352,0.6,157.54,0
755979,oncoming_sedans.352,0.7,132.63,0
755980,oncoming_sedans.352,0.8,113.1,0
755981,oncoming_sedans.352,0.9,97.56,0
755982,oncoming_sedans.352,1.1,85.03,0
755983,oncoming_sedans.352,1.2,74.81,0
755984,oncoming_sedans.352,1.3,66.38,0
755985,oncoming_sedans.352,1.5,59.37,0
755986,oncoming_sedans.352,1.7,53.49,0
755987,oncoming_sedans.352,1.8,48.52,0
755988,oncoming_sedans.352,2.0,44.3,0
755989,oncoming_sedans.352,2.2,40.68,0
755990,oncoming_sedans.352,2.4,37.57,0
755991,oncoming_sedans.352,2.6,34.89,0
755992,oncoming_sedans.352,2.7,32.57,0
755993,oncoming_sedans.352,2.9,30.56,0
755994,oncoming_sedans.352,3.1,28.81,0
755995,oncoming_sedans.352,3.3,27.28,0
755996,oncoming_sedans.352,3.4,25.96,0
755997,oncoming_sedans.352,3.6,24.81,0
755998,oncoming_sedans.352,3.8,23.82,0
755999,oncoming_sedans.352,3.9,22.98,0
756000,oncoming_sedans.352,4.0,22.26,0
756001,oncoming_sedans.352,4.1,21.66,0
756002,oncoming_sedans.352,4.2,21.17,0
756003,oncoming_sedans.352,4.3,20.78,0
756004,oncoming_sedans.352,4.4,20.49,0
756005,oncoming_sedans.352,4.4,20.3,0
756006,oncoming_sedans.352,4.4,20.2,0
756007,oncoming_sedans.352,4.4,20.19,0
756008,oncoming_sedans.352,4.4,20.28,0
756009,oncoming_sedans.352,4.4,20.46,0
756010,oncoming_sedans.352,4.3,20.73,0
756011,oncoming_sedans.352,4.2,21.11,0
756012,oncoming_sedans.352,4.1,21.59,0
756013,oncoming_sedans.352,4.0,22.18,0
756170,oncoming_sedans.359,3.0,29.54,0
756171,oncoming_sedans.359,3.2,28.25,0
756172,oncoming_sedans.359,3.3,27.11,0
756173,oncoming_sedans.359,3.4,26.11,0
756174,oncoming_sedans.359,3.5,25.23,0
756175,oncoming_sedans.359,3.7,24.46,0
756176,oncoming_sedans.359,3.8,23.8,0
756177,oncoming_sedans.359,3.9,23.23,0
756178,oncoming_sedans.359,3.9,22.76,0
756179,oncoming_sedans.359,4.0,22.38,0
756180,oncoming_sedans.359,4.1,22.08,0
756181,oncoming_sedans.359,4.1,21.87,0
756182,oncoming_sedans.359,4.1,21.74,0
756183,oncoming_sedans.359,4.1,21.69,0
756184,oncoming_sedans.359,4.1,21.74,0
756185,oncoming_sedans.359,4.1,21.87,0
756186,oncoming_sedans.359,4.1,22.09,0
756187,oncoming_sedans.359,4.0,22.41,0
756188,oncoming_sedans.359,3.9,22.84,0
756189,oncoming_sedans.359,3.8,23.37,0
756190,oncoming_sedans.359,3.7,24.03,0
756191,oncoming_sedans.359,3.6,24.82,0
756192,oncoming_sedans.359,3.5,25.76,0
756193,oncoming_sedans.359,3.3,26.86,0
756194,oncoming_sedans.359,3.2,28.14,0
756195,oncoming_sedans.359,3.0,29.62,0
756196,oncoming_sedans.359,2.9,31.35,0
756197,oncoming_sedans.359,2.7,33.34,0
756198,oncoming_sedans.359,2.5,35.64,0
756199,oncoming_sedans.359,2.3,38.31,0
756200,oncoming_sedans.359,2.2,41.4,0
756201,oncoming_sedans.359,2.0,45.01,0
759042,oncoming_sedans.353,0.2,371.77,0
759043,oncoming_sedans.353,0.3,290.8,0
759044,oncoming_sedans.353,0.4,232.74,0
759045,oncoming_sedans.353,0.5,189.91,0
759046,oncoming_sedans.353,0.6,157.57,0
759047,oncoming_sedans.353,0.7,132.65,0
759048,oncoming_sedans.353,0.8,113.12,0
759049,oncoming_sedans.353,0.9,97.58,0
759050,oncoming_sedans.353,1.1,85.04,0
759051,oncoming_sedans.353,1.2,74.82,0
759052,oncoming_sedans.353,1.3,66.39,0
759053,oncoming_sedans.353,1.5,59.38,0
759054,oncoming_sedans.353,1.7,53.5,0
759055,oncoming_sedans.353,1.8,48.53,0
759056,oncoming_sedans.353,2.0,44.3,0
759057,oncoming_sedans.353,2.2,40.68,0
759058,oncoming_sedans.353,2.4,37.58,0
759059,oncoming_sedans.353,2.6,34.89,0
759060,oncoming_sedans.353,2.7,32.57,0
759061,oncoming_sedans.353,2.9,30.56,0
759062,oncoming_sedans.353,3.1,28.81,0
759063,oncoming_sedans.353,3.3,27.28,0
759064,oncoming_sedans.353,3.4,25.96,0
759065,oncoming_sedans.353,3.6,24.81,0
759066,oncoming_sedans.353,3.8,23.82,0
759067,oncoming_sedans.353,3.9,22.98,0
759068,oncoming_sedans.353,4.0,22.26,0
759069,oncoming_sedans.353,4.1,21.66,0
759070,oncoming_sedans.353,4.2,21.17,0
759071,oncoming_sedans.353,4.3,20.78,0
759072,oncoming_sedans.353,4.4,20.49,0
759073,oncoming_sedans.353,4.4,20.3,0
759074,oncoming_sedans.353,4.4,20.2,0
759075,oncoming_sedans.353,4.4,20.19,0
759076,oncoming_sedans.353,4.4,20.28,0
759077,oncoming_sedans.353,4.4,20.46,0
759078,oncoming_sedans.353,4.3,20.73,0
759079,oncoming_sedans.353,4.2,21.11,0
759080,oncoming_sedans.353,4.1,21.59,0
759081,oncoming_sedans.353,4.0,22.18,0
759252,school_buses.26,3.1,28.82,0
759253,school_buses.26,3.3,27.48,0
759254,school_buses.26,3.4,26.27,0
759255,school_buses.26,3.6,25.19,0
759256,school_buses.26,3.7,24.21,0
759257,school_buses.26,3.8,23.34,0
759258,school_buses.26,4.0,22.56,0
759259,school_buses.26,4.1,21.86,0
759260,school_buses.26,4.2,21.25,0
759261,school_buses.26,4.3,20.7,0
759262,school_buses.26,4.4,20.22,0
759263,school_buses.26,4.5,19.82,0
759264,school_buses.26,4.6,19.47,0
759265,school_buses.26,4.7,19.19,0
759266,school_buses.26,4.7,18.97,0
759267,school_buses.26,4.8,18.81,0
759268,school_buses.26,4.8,18.72,0
759269,school_buses.26,4.8,18.69,0
759270,school_buses.26,4.8,18.73,0
759271,school_buses.26,4.7,18.84,0
759272,school_buses.26,4.7,19.03,0
759273,school_buses.26,4.6,19.3,0
759274,school_buses.26,4.6,19.66,0
759275,school_buses.26,4.4,20.13,0
759276,school_buses.26,4.3,20.7,0
759277,school_buses.26,4.2,21.4,0
759278,school_buses.26,4.0,22.24,0
759279,school_buses.26,3.9,23.24,0
759280,school_buses.26,3.7,24.42,0
759281,school_buses.26,3.5,25.82,0
759282,school_buses.26,3.3,27.46,0
759283,school_buses.26,3.0,29.39,0
759284,school_buses.26,2.8,31.68,0
759285,school_buses.26,2.6,34.38,0
759286,school_buses.26,2.4,37.58,0
759287,school_buses.26,2.2,41.42,0
759288,school_buses.26,1.9,46.03,0
759289,school_buses.26,1.7,51.63,0
759290,school_buses.26,1.5,58.51,0
759291,school_buses.26,1.3,67.08,0
759292,school_buses.26,1.1,77.93,0
759293,school_buses.26,1.0,91.93,0
759294,school_buses.26,0.8,110.48,0
759295,school_buses.26,0.7,135.92,0
759296,school_buses.26,0.5,172.5,0
759297,school_buses.26,0.4,228.78,0
759298,school_buses.26,0.3,324.92,0
762110,oncoming_sedans.357,0.2,371.85,0
762111,oncoming_sedans.357,0.3,290.85,0
762112,oncoming_sedans.357,0.4,232.77,0
762113,oncoming_sedans.357,0.5,189.94,0
762114,oncoming_sedans.357,0.6,157.59,0
762115,oncoming_sedans.357,0.7,132.67,0
762116,oncoming_sedans.357,0.8,113.13,0
762117,oncoming_sedans.357,0.9,97.58,0
762118,oncoming_sedans.357,1.1,85.05,0
762119,oncoming_sedans.357,1.2,74.82,0
762120,oncoming_sedans.357,1.3,66.39,0
762121,oncoming_sedans.357,1.5,59.38,0
762122,oncoming_sedans.357,1.7,53.5,0
762123,oncoming_sedans.357,1.8,48.53,0
762124,oncoming_sedans.357,2.0,44.3,0
762125,oncoming_sedans.357,2.2,40.68,0
762126,oncoming_sedans.357,2.4,37.58,0
762127,oncoming_sedans.357,2.6,34.89,0
762128,oncoming_sedans.357,2.7,32.57,0
762129,oncoming_sedans.357,2.9,30.56,0
762130,oncoming_sedans.357,3.1,28.81,0
762131,oncoming_sedans.357,3.3,27.28,0
762132,oncoming_sedans.357,3.4,25.96,0
762133,oncoming_sedans.357,3.6,24.81,0
762134,oncoming_sedans.357,3.8,23.82,0
762135,oncoming_sedans.357,3.9,22.98,0
762136,oncoming_sedans.357,4.0,22.26,0
762137,oncoming_sedans.357,4.1,21.66,0
762138,oncoming_sedans.357,4.2,21.16,0
762139,oncoming_sedans.357,4.3,20.78,0
762140,oncoming_sedans.357,4.4,20.49,0
762141,oncoming_sedans.357,4.4,20.3,0
762142,oncoming_sedans.357,4.4,20.2,0
762143,oncoming_sedans.357,4.4,20.19,0
762144,oncoming_sedans.357,4.4,20.28,0
762145,oncoming_sedans.357,4.4,20.46,0
762146,oncoming_sedans.357,4.3,20.73,0
762147,oncoming_sedans.357,4.2,21.11,0
762148,oncoming_sedans.357,4.1,21.59,0
762149,oncoming_sedans.357,4.0,22.18,0
762294,school_buses.26,0.3,300.56,0
762295,school_buses.26,0.4,231.77,0
762296,school_buses.26,0.5,184.89,0
762297,school_buses.26,0.6,151.48,0
762298,school_buses.26,0.7,126.81,0
762299,school_buses.26,0.8,108.07,0
762300,school_buses.26,1.0,93.47,0
762301,school_buses.26,1.1,81.89,0
762302,school_buses.26,1.2,72.54,0
762303,school_buses.26,1.4,64.87,0
762304,school_buses.26,1.5,58.51,0
762305,school_buses.26,1.7,53.18,0
762306,school_buses.26,1.8,48.67,0
762307,school_buses.26,2.0,44.81,0
762308,school_buses.26,2.2,41.5,0
762309,school_buses.26,2.3,38.63,0
762310,school_buses.26,2.5,36.14,0
762311,school_buses.26,2.6,33.97,0
762312,school_buses.26,2.8,32.06,0
762313,school_buses.26,2.9,30.38,0
762314,school_buses.26,3.1,28.91,0
762315,school_buses.26,3.2,27.61,0
762316,school_buses.26,3.4,26.46,0
762317,school_buses.26,3.5,25.45,0
762318,school_buses.26,3.6,24.57,0
762319,school_buses.26,3.8,23.79,0
762320,school_buses.26,3.9,23.12,0
762321,school_buses.26,4.0,22.55,0
762322,school_buses.26,4.1,22.07,0
762323,school_buses.26,4.1,21.67,0
762324,school_buses.26,4.2,21.36,0
762325,school_buses.26,4.2,21.13,0
762326,school_buses.26,4.3,20.97,0
762327,school_buses.26,4.3,20.9,0
762328,school_buses.26,4.3,20.92,0
762329,school_buses.26,4.3,21.01,0
762330,school_buses.26,4.2,21.2,0
762331,school_buses.26,4.2,21.48,0
762332,school_buses.26,4.1,21.87,0
762333,school_buses.26,4.0,22.36,0
762334,school_buses.26,3.9,22.98,0
762335,school_buses.26,3.8,23.73,0
762336,school_buses.26,3.6,24.63,0
765178,oncoming_sedans.358,0.2,371.76,0
765179,oncoming_sedans.358,0.3,290.79,0
765180,oncoming_sedans.358,0.4,232.73,0
765181,oncoming_sedans.358,0.5,189.91,0
765182,oncoming_sedans.358,0.6,157.57,0
765183,oncoming_sedans.358,0.7,132.65,0
765184,oncoming_sedans.358,0.8,113.12,0
765185,oncoming_sedans.358,0.9,97.58,0
765186,oncoming_sedans.358,1.1,85.04,0
765187,oncoming_sedans.358,1.2,74.82,0
765188,oncoming_sedans.358,1.3,66.39,0
765189,oncoming_sedans.358,1.5,59.38,0
765190,oncoming_sedans.358,1.7,53.5,0
765191,oncoming_sedans.358,1.8,48.53,0
765192,oncoming_sedans.358,2.0,44.3,0
765193,oncoming_sedans.358,2.2,40.68,0
765194,oncoming_sedans.358,2.4,37.58,0
765195,oncoming_sedans.358,2.6,34.89,0
765196,oncoming_sedans.358,2.7,32.57,0
765197,oncoming_sedans.358,2.9,30.56,0
765198,oncoming_sedans.358,3.1,28.81,0
765199,oncoming_sedans.358,3.3,27.28,0
765200,oncoming_sedans.358,3.4,25.96,0
765201,oncoming_sedans.358,3.6,24.81,0
765202,oncoming_sedans.358,3.8,23.82,0
765203,oncoming_sedans.358,3.9,22.98,0
765204,oncoming_sedans.358,4.0,22.26,0
765205,oncoming_sedans.358,4.1,21.66,0
765206,oncoming_sedans.358,4.2,21.17,0
765207,oncoming_sedans.358,4.3,20.78,0
765208,oncoming_sedans.358,4.4,20.49,0
765209,oncoming_sedans.358,4.4,20.3,0
765210,oncoming_sedans.358,4.4,20.2,0
765211,oncoming_sedans.358,4.4,20.19,0
765212,oncoming_sedans.358,4.4,20.28,0
765213,oncoming_sedans.358,4.4,20.46,0
765214,oncoming_sedans.358,4.3,20.73,0
765215,oncoming_sedans.358,4.2,21.11,0
765216,oncoming_sedans.358,4.1,21.59,0
765217,oncoming_sedans.358,4.0,22.18,0
765403,oncoming_sedans.356,10.0,8.99,0
765404,oncoming_sedans.356,9.8,9.1,0
765405,oncoming_sedans.356,9.7,9.25,0
765406,oncoming_sedans.356,9.5,9.44,0
765407,oncoming_sedans.356,9.3,9.67,0
765408,oncoming_sedans.356,9.0,9.96,0
765409,oncoming_sedans.356,8.7,10.29,0
765410,oncoming_sedans.356,8.4,10.68,0
765411,oncoming_sedans.356,8.0,11.13,0
765412,oncoming_sedans.356,7.7,11.65,0
765413,oncoming_sedans.356,7.3,12.24,0
765414,oncoming_sedans.356,6.9,12.92,0
765415,oncoming_sedans.356,6.5,13.69,0
765444,oncoming_sedans.360,1.5,60.07,0
765445,oncoming_sedans.360,1.3,68.7,0
765446,oncoming_sedans.360,1.1,79.1,0
765447,oncoming_sedans.360,1.0,91.77,0
765448,oncoming_sedans.360,0.8,107.36,0
765449,oncoming_sedans.360,0.7,126.7,0
765450,oncoming_sedans.360,0.6,150.95,0
765451,oncoming_sedans.360,0.5,181.81,0
765452,oncoming_sedans.360,0.4,221.73,0
765453,oncoming_sedans.360,0.3,274.42,0
765454,oncoming_sedans.360,0.3,345.73,0
768246,oncoming_sedans.361,0.2,371.66,0
768247,oncoming_sedans.361,0.3,290.72,0
768248,oncoming_sedans.361,0.4,232.69,0
768249,oncoming_sedans.361,0.5,189.88,0
768250,oncoming_sedans.361,0.6,157.55,0
768251,oncoming_sedans.361,0.7,132.64,0
768252,oncoming_sedans.361,0.8,113.11,0
768253,oncoming_sedans.361,0.9,97.57,0
768254,oncoming_sedans.361,1.1,85.04,0
768255,oncoming_sedans.361,1.2,74.81,0
768256,oncoming_sedans.361,1.3,66.39,0
768257,oncoming_sedans.361,1.5,59.37,0
768258,oncoming_sedans.361,1.7,53.49,0
768259,oncoming_sedans.361,1.8,48.52,0
768260,oncoming_sedans.361,2.0,44.3,0
768261,oncoming_sedans.361,2.2,40.68,0
768262,oncoming_sedans.361,2.4,37.57,0
768263,oncoming_sedans.361,2.6,34.89,0
768264,oncoming_sedans.361,2.7,32.57,0
768265,oncoming_sedans.361,2.9,30.56,0
768266,oncoming_sedans.361,3.1,28.81,0
768267,oncoming_sedans.361,3.3,27.28,0
768268,oncoming_sedans.361,3.4,25.96,0
768269,oncoming_sedans.361,3.6,24.81,0
768270,oncoming_sedans.361,3.8,23.82,0
768271,oncoming_sedans.361,3.9,22.98,0
768272,oncoming_sedans.361,4.0,22.26,0
768273,oncoming_sedans.361,4.1,21.66,0
768274,oncoming_sedans.361,4.2,21.17,0
768275,oncoming_sedans.361,4.3,20.78,0
768276,oncoming_sedans.361,4.4,20.49,0
768277,oncoming_sedans.361,4.4,20.3,0
768278,oncoming_sedans.361,4.4,20.2,0
768279,oncoming_sedans.361,4.4,20.19,0
768280,oncoming_sedans.361,4.4,20.28,0
768281,oncoming_sedans.361,4.4,20.46,0
768282,oncoming_sedans.361,4.3,20.73,0
768283,oncoming_sedans.361,4.2,21.11,0
768284,oncoming_sedans.361,4.1,21.59,0
768285,oncoming_sedans.361,4.0,22.18,0
768321,oncoming_trucks.136,0.9,94.84,0
768322,oncoming_trucks.136,0.8,111.43,0
768323,oncoming_trucks.136,0.7,133.22,0
768324,oncoming_trucks.136,0.5,162.77,0
768325,oncoming_trucks.136,0.4,204.65,0
768326,oncoming_trucks.136,0.3,267.77,0
768327,oncoming_trucks.136,0.2,372.14,0
768442,oncoming_sedans.360,0.2,380.78,0
768443,oncoming_sedans.360,0.3,290.29,0
768444,oncoming_sedans.360,0.4,228.39,0
768445,oncoming_sedans.360,0.5,184.31,0
768446,oncoming_sedans.360,0.6,151.88,0
768447,oncoming_sedans.360,0.7,127.37,0
768448,oncoming_sedans.360,0.8,108.44,0
768449,oncoming_sedans.360,1.0,93.53,0
768450,oncoming_sedans.360,1.1,81.6,0
768451,oncoming_sedans.360,1.2,71.91,0
768452,oncoming_sedans.360,1.4,63.96,0
768453,oncoming_sedans.360,1.6,57.35,0
768454,oncoming_sedans.360,1.7,51.8,0
768455,oncoming_sedans.360,1.9,47.12,0
768456,oncoming_sedans.360,2.1,43.13,0
768457,oncoming_sedans.360,2.3,39.71,0
768458,oncoming_sedans.360,2.4,36.77,0
768459,oncoming_sedans.360,2.6,34.23,0
768460,oncoming_sedans.360,2.8,32.02,0
768461,oncoming_sedans.360,3.0,30.11,0
768462,oncoming_sedans.360,3.1,28.45,0
768463,oncoming_sedans.360,3.3,27.0,0
768464,oncoming_sedans.360,3.5,25.74,0
768465,oncoming_sedans.360,3.6,24.66,0
768466,oncoming_sedans.360,3.8,23.73,0
768467,oncoming_sedans.360,3.9,22.95,0
768468,oncoming_sedans.360,4.0,22.29,0
768469,oncoming_sedans.360,4.1,21.75,0
768470,oncoming_sedans.360,4.2,21.32,0
768471,oncoming_sedans.360,4.3,21.0,0
768472,oncoming_sedans.360,4.3,20.78,0
768473,oncoming_sedans.360,4.3,20.67,0
768474,oncoming_sedans.360,4.3,20.65,0
768475,oncoming_sedans.360,4.3,20.74,0
768476,oncoming_sedans.360,4.3,20.93,0
768477,oncoming_sedans.360,4.2,21.22,0
768478,oncoming_sedans.360,4.1,21.62,0
768479,oncoming_sedans.360,4.0,22.13,0
768515,school_buses.27,1.2,71.74,0
768516,school_buses.27,1.1,82.11,0
768517,school_buses.27,0.9,95.16,0
768518,school_buses.27,0.8,111.91,0
768519,school_buses.27,0.7,133.99,0
768520,school_buses.27,0.5,164.08,0
768521,school_buses.27,0.4,207.0,0
768522,school_buses.27,0.3,272.33,0
768523,school_buses.27,0.2,382.13,0
771319,oncoming_trucks.136,0.2,386.45,0
771320,oncoming_trucks.136,0.3,289.73,0
771321,oncoming_trucks.136,0.4,225.9,0
771322,oncoming_trucks.136,0.5,181.55,0
771323,oncoming_trucks.136,0.6,149.49,0
771324,oncoming_trucks.136,0.7,125.56,0
771325,oncoming_trucks.136,0.8,107.22,0
771326,oncoming_trucks.136,1.0,92.86,0
771327,oncoming_trucks.136,1.1,81.41,0
771328,oncoming_trucks.136,1.2,72.12,0
771329,oncoming_trucks.136,1.4,64.5,0
771330,oncoming_trucks.136,1.5,58.16,0
771331,oncoming_trucks.136,1.7,52.83,0
771332,oncoming_trucks.136,1.9,48.32,0
771333,oncoming_trucks.136,2.0,44.46,0
771334,oncoming_trucks.136,2.2,41.14,0
771335,oncoming_trucks.136,2.3,38.27,0
771336,oncoming_trucks.136,2.5,35.77,0
771337,oncoming_trucks.136,2.7,33.58,0
771338,oncoming_trucks.136,2.8,31.67,0
771339,oncoming_trucks.136,3.0,29.98,0
771340,oncoming_trucks.136,3.1,28.49,0
771341,oncoming_trucks.136,3.3,27.18,0
771342,oncoming_trucks.136,3.4,26.03,0
771343,oncoming_trucks.136,3.6,25.01,0
771344,oncoming_trucks.136,3.7,24.11,0
771345,oncoming_trucks.136,3.8,23.32,0
771346,oncoming_trucks.136,4.0,22.64,0
771347,oncoming_trucks.136,4.1,22.05,0
771348,oncoming_trucks.136,4.2,21.56,0
771349,oncoming_trucks.136,4.2,21.14,0
771350,oncoming_trucks.136,4.3,20.81,0
771351,oncoming_trucks.136,4.4,20.56,0
771352,oncoming_trucks.136,4.4,20.38,0
771353,oncoming_trucks.136,4.4,20.28,0
771354,oncoming_trucks.136,4.4,20.27,0
771355,oncoming_trucks.136,4.4,20.33,0
771356,oncoming_trucks.136,4.4,20.48,0
771357,oncoming_trucks.136,4.3,20.72,0
771358,oncoming_trucks.136,4.2,21.06,0
771359,oncoming_trucks.136,4.2,21.5,0
771360,oncoming_trucks.136,4.1,22.06,0
771361,oncoming_trucks.136,3.9,22.74,0
771362,oncoming_trucks.136,3.8,23.56,0
771363,oncoming_trucks.136,3.6,24.54,0
771525,school_buses.27,0.3,309.87,0
771526,school_buses.27,0.4,231.62,0
771527,school_buses.27,0.5,180.23,0
771528,school_buses.27,0.6,144.66,0
771529,school_buses.27,0.8,119.01,0
771530,school_buses.27,0.9,99.92,0
771531,school_buses.27,1.0,85.3,0
771532,school_buses.27,1.2,73.87,0
771533,school_buses.27,1.4,64.75,0
771534,school_buses.27,1.6,57.35,0
771535,school_buses.27,1.7,51.27,0
771536,school_buses.27,1.9,46.21,0
771537,school_buses.27,2.1,41.94,0
771538,school_buses.27,2.3,38.32,0
771539,school_buses.27,2.5,35.21,0
771540,school_buses.27,2.8,32.53,0
771541,school_buses.27,3.0,30.19,0
771542,school_buses.27,3.2,28.14,0
771543,school_buses.27,3.4,26.34,0
771544,school_buses.27,3.6,24.74,0
771545,school_buses.27,3.8,23.32,0
771546,school_buses.27,4.1,22.05,0
771547,school_buses.27,4.3,20.92,0
771548,school_buses.27,4.5,19.89,0
771549,school_buses.27,4.7,18.97,0
771550,school_buses.27,4.9,18.14,0
771551,school_buses.27,5.1,17.38,0
771552,school_buses.27,5.4,16.69,0
771553,school_buses.27,5.6,16.07,0
771554,school_buses.27,5.8,15.51,0
771555,school_buses.27,6.0,14.99,0
771556,school_buses.27,6.2,14.53,0
771557,school_buses.27,6.3,14.11,0
771558,school_buses.27,6.5,13.72,0
771559,school_buses.27,6.7,13.38,0
771560,school_buses.27,6.8,13.08,0
771561,school_buses.27,7.0,12.8,0
771562,school_buses.27,7.1,12.57,0
771563,school_buses.27,7.2,12.36,0
771564,school_buses.27,7.3,12.19,0
771565,school_buses.27,7.4,12.05,0
771566,school_buses.27,7.5,11.94,0
771567,school_buses.27,7.5,11.86,0
771568,school_buses.27,7.6,11.82,0
771569,school_buses.27,7.6,11.81,0
771570,school_buses.27,7.6,11.83,0
771571,school_buses.27,7.5,11.9,0
771572,school_buses.27,7.5,12.01,0
771573,school_buses.27,7.4,12.16,0
771574,school_buses.27,7.2,12.35,0
771575,school_buses.27,7.1,12.6,0
771576,school_buses.27,6.9,12.91,0
771577,school_buses.27,6.7,13.28,0
771578,school_buses.27,6.5,13.73,0
771579,school_buses.27,6.3,14.25,0
771580,school_buses.27,6.0,14.86,0
771607,oncoming_sedans.363,1.6,56.57,0
771608,oncoming_sedans.363,1.4,64.64,0
771609,oncoming_sedans.363,1.2,74.38,0
771610,oncoming_sedans.363,1.0,86.21,0
771611,oncoming_sedans.363,0.9,100.7,0
771612,oncoming_sedans.363,0.8,118.62,0
771613,oncoming_sedans.363,0.6,141.04,0
771614,oncoming_sedans.363,0.5,169.45,0
771615,oncoming_sedans.363,0.4,206.05,0
771616,oncoming_sedans.363,0.4,254.09,0
771617,oncoming_sedans.363,0.3,318.69,0
774403,oncoming_sedans.355,2.3,39.44,0
774404,oncoming_sedans.355,2.4,36.82,0
774405,oncoming_sedans.355,2.6,34.53,0
774406,oncoming_sedans.355,2.8,32.52,0
774407,oncoming_sedans.355,2.9,30.75,0
774408,oncoming_sedans.355,3.1,29.19,0
774409,oncoming_sedans.355,3.2,27.81,0
774410,oncoming_sedans.355,3.4,26.59,0
774411,oncoming_sedans.355,3.5,25.52,0
774412,oncoming_sedans.355,3.6,24.58,0
774413,oncoming_sedans.355,3.8,23.75,0
774414,oncoming_sedans.355,3.9,23.04,0
774415,oncoming_sedans.355,4.0,22.42,0
774416,oncoming_sedans.355,4.1,21.9,0
774417,oncoming_sedans.355,4.2,21.47,0
774418,oncoming_sedans.355,4.2,21.13,0
774419,oncoming_sedans.355,4.3,20.87,0
774420,oncoming_sedans.355,4.3,20.69,0
774421,oncoming_sedans.355,4.3,20.6,0
774422,oncoming_sedans.355,4.3,20.59,0
774423,oncoming_sedans.355,4.3,20.67,0
774424,oncoming_sedans.355,4.3,20.83,0
774425,oncoming_sedans.355,4.2,21.09,0
774426,oncoming_sedans.355,4.2,21.44,0
774427,oncoming_sedans.355,4.1,21.9,0
774428,oncoming_sedans.355,4.0,22.47,0
774429,oncoming_sedans.355,3.9,23.17,0
774430,oncoming_sedans.355,3.7,24.0,0
774431,oncoming_sedans.355,3.6,24.98,0
774432,oncoming_sedans.355,3.4,26.13,0
774609,oncoming_sedans.363,0.3,304.82,0
774610,oncoming_sedans.363,0.4,236.54,0
774611,oncoming_sedans.363,0.5,189.02,0
774612,oncoming_sedans.363,0.6,154.69,0
774613,oncoming_sedans.363,0.7,129.14,0
774614,oncoming_sedans.363,0.8,109.63,0
774615,oncoming_sedans.363,0.9,94.42,0
774616,oncoming_sedans.363,1.1,82.35,0
774617,oncoming_sedans.363,1.2,72.61,0
774618,oncoming_sedans.363,1.4,64.66,0
774619,oncoming_sedans.363,1.5,58.08,0
774620,oncoming_sedans.363,1.7,52.58,0
774621,oncoming_sedans.363,1.9,47.94,0
774622,oncoming_sedans.363,2.0,44.0,0
774623,oncoming_sedans.363,2.2,40.63,0
774624,oncoming_sedans.363,2.4,37.72,0
774625,oncoming_sedans.363,2.5,35.2,0
774626,oncoming_sedans.363,2.7,33.01,0
774627,oncoming_sedans.363,2.9,31.1,0
774628,oncoming_sedans.363,3.0,29.43,0
774629,oncoming_sedans.363,3.2,27.96,0
774630,oncoming_sedans.363,3.4,26.68,0
774631,oncoming_sedans.363,3.5,25.55,0
774632,oncoming_sedans.363,3.6,24.56,0
774633,oncoming_sedans.363,3.8,23.71,0
774634,oncoming_sedans.363,3.9,22.96,0
774635,oncoming_sedans.363,4.0,22.33,0
774636,oncoming_sedans.363,4.1,21.79,0
774637,oncoming_sedans.363,4.2,21.35,0
774638,oncoming_sedans.363,4.3,20.99,0
774639,oncoming_sedans.363,4.3,20.72,0
774640,oncoming_sedans.363,4.4,20.53,0
774641,oncoming_sedans.363,4.4,20.43,0
774642,oncoming_sedans.363,4.4,20.41,0
774643,oncoming_sedans.363,4.4,20.48,0
774644,oncoming_sedans.363,4.3,20.64,0
774645,oncoming_sedans.363,4.3,20.88,0
774677,oncoming_sedans.364,1.1,78.7,0
774678,oncoming_sedans.364,1.0,88.53,0
774679,oncoming_sedans.364,0.9,100.25,0
774680,oncoming_sedans.364,0.8,114.34,0
774681,oncoming_sedans.364,0.7,131.43,0
774682,oncoming_sedans.364,0.6,152.38,0
774683,oncoming_sedans.364,0.5,178.36,0
774684,oncoming_sedans.364,0.4,210.85,0
774685,oncoming_sedans.364,0.4,252.03,0
774686,oncoming_sedans.364,0.3,305.02,0
774687,oncoming_sedans.364,0.2,374.53,0
777473,oncoming_trucks.135,1.8,50.18,0
777474,oncoming_trucks.135,1.9,46.36,0
777475,oncoming_trucks.135,2.1,43.05,0
777476,oncoming_trucks.135,2.2,40.15,0
777477,oncoming_trucks.135,2.4,37.61,0
777478,oncoming_trucks.135,2.5,35.38,0
777479,oncoming_trucks.135,2.7,33.4,0
777480,oncoming_trucks.135,2.8,31.64,0
777481,oncoming_trucks.135,3.0,30.08,0
777482,oncoming_trucks.135,3.1,28.7,0
777483,oncoming_trucks.135,3.3,27.46,0
777484,oncoming_trucks.135,3.4,26.36,0
777485,oncoming_trucks.135,3.5,25.39,0
777486,oncoming_trucks.135,3.6,24.52,0
777487,oncoming_trucks.135,3.8,23.75,0
777488,oncoming_trucks.135,3.9,23.08,0
777489,oncoming_trucks.135,4.0,22.5,0
777490,oncoming_trucks.135,4.1,22.0,0
777491,oncoming_trucks.135,4.1,21.58,0
777492,oncoming_trucks.135,4.2,21.24,0
777493,oncoming_trucks.135,4.3,20.97,0
777494,oncoming_trucks.135,4.3,20.78,0
777495,oncoming_trucks.135,4.3,20.66,0
777496,oncoming_trucks.135,4.3,20.63,0
777497,oncoming_trucks.135,4.3,20.67,0
777498,oncoming_trucks.135,4.3,20.79,0
777499,oncoming_trucks.135,4.3,21.01,0
777500,oncoming_trucks.135,4.2,21.32,0
777501,oncoming_trucks.135,4.1,21.74,0
777502,oncoming_trucks.135,4.0,22.27,0
777503,oncoming_trucks.135,3.9,22.92,0
777504,oncoming_trucks.135,3.8,23.72,0
777505,oncoming_trucks.135,3.6,24.68,0
777506,oncoming_trucks.135,3.5,25.82,0
777507,oncoming_trucks.135,3.3,27.17,0
777508,oncoming_trucks.135,3.1,28.77,0
777509,oncoming_trucks.135,2.9,30.64,0
777510,oncoming_trucks.135,2.7,32.85,0
777675,oncoming_sedans.364,0.3,351.02,0
777676,oncoming_sedans.364,0.3,272.39,0
777677,oncoming_sedans.364,0.4,217.13,0
777678,oncoming_sedans.364,0.5,176.96,0
777679,oncoming_sedans.364,0.6,146.93,0
777680,oncoming_sedans.364,0.7,123.96,0
777681,oncoming_sedans.364,0.8,106.03,0
777682,oncoming_sedans.364,1.0,91.8,0
777683,oncoming_sedans.364,1.1,80.33,0
777684,oncoming_sedans.364,1.3,70.97,0
777685,oncoming_sedans.364,1.4,63.24,0
777686,oncoming_sedans.364,1.6,56.8,0
777687,oncoming_sedans.364,1.7,51.38,0
777688,oncoming_sedans.364,1.9,46.79,0
777689,oncoming_sedans.364,2.1,42.87,0
777690,oncoming_sedans.364,2.3,39.51,0
777691,oncoming_sedans.364,2.4,36.61,0
777692,oncoming_sedans.364,2.6,34.1,0
777693,oncoming_sedans.364,2.8,31.92,0
777694,oncoming_sedans.364,3.0,30.02,0
777695,oncoming_sedans.364,3.2,28.37,0
777696,oncoming_sedans.364,3.3,26.94,0
777697,oncoming_sedans.364,3.5,25.69,0
777698,oncoming_sedans.364,3.6,24.62,0
777699,oncoming_sedans.364,3.8,23.7,0
777700,oncoming_sedans.364,3.9,22.91,0
777701,oncoming_sedans.364,4.0,22.26,0
777702,oncoming_sedans.364,4.1,21.72,0
777703,oncoming_sedans.364,4.2,21.3,0
777704,oncoming_sedans.364,4.3,20.98,0
777705,oncoming_sedans.364,4.3,20.76,0
777706,oncoming_sedans.364,4.3,20.65,0
777707,oncoming_sedans.364,4.3,20.64,0
777708,oncoming_sedans.364,4.3,20.72,0
777709,oncoming_sedans.364,4.3,20.91,0
777710,oncoming_sedans.364,4.2,21.2,0
777711,oncoming_sedans.364,4.1,21.6,0
777712,oncoming_sedans.364,4.0,22.11,0
777754,oncoming_sedans.366,0.3,318.15,0
777755,oncoming_sedans.366,0.2,375.23,0
780549,oncoming_sedans.362,3.0,29.43,0
780550,oncoming_sedans.362,3.2,28.15,0
780551,oncoming_sedans.362,3.3,27.03,0
780552,oncoming_sedans.362,3.4,26.03,0
780553,oncoming_sedans.362,3.6,25.16,0
780554,oncoming_sedans.362,3.7,24.4,0
780555,oncoming_sedans.362,3.8,23.74,0
780556,oncoming_sedans.362,3.9,23.18,0
780557,oncoming_sedans.362,3.9,22.71,0
780558,oncoming_sedans.362,4.0,22.33,0
780559,oncoming_sedans.362,4.1,22.04,0
780560,oncoming_sedans.362,4.1,21.83,0
780561,oncoming_sedans.362,4.1,21.7,0
780562,oncoming_sedans.362,4.1,21.66,0
780563,oncoming_sedans.362,4.1,21.71,0
780564,oncoming_sedans.362,4.1,21.84,0
780565,oncoming_sedans.362,4.1,22.07,0
780566,oncoming_sedans.362,4.0,22.39,0
780567,oncoming_sedans.362,3.9,22.82,0
780568,oncoming_sedans.362,3.8,23.36,0
780569,oncoming_sedans.362,3.7,24.02,0
780570,oncoming_sedans.362,3.6,24.81,0
780571,oncoming_sedans.362,3.5,25.75,0
780572,oncoming_sedans.362,3.3,26.85,0
780573,oncoming_sedans.362,3.2,28.13,0
780574,oncoming_sedans.362,3.0,29.62,0
780575,oncoming_sedans.362,2.9,31.34,0
780576,oncoming_sedans.362,2.7,33.33,0
780577,oncoming_sedans.362,2.5,35.64,0
780578,oncoming_sedans.362,2.3,38.31,0
780579,oncoming_sedans.362,2.2,41.41,0
780580,oncoming_sedans.362,2.0,45.02,0
780753,oncoming_sedans.366,0.2,385.33,0
780754,oncoming_sedans.366,0.3,288.28,0
780755,oncoming_sedans.366,0.4,222.73,0
780756,oncoming_sedans.366,0.5,176.74,0
780757,oncoming_sedans.366,0.6,143.42,0
780758,oncoming_sedans.366,0.8,118.65,0
780759,oncoming_sedans.366,0.9,99.82,0
780760,oncoming_sedans.366,1.1,85.21,0
780761,oncoming_sedans.366,1.2,73.7,0
780762,oncoming_sedans.366,1.4,64.49,0
780763,oncoming_sedans.366,1.6,57.02,0
780764,oncoming_sedans.366,1.8,50.91,0
780765,oncoming_sedans.366,2.0,45.85,0
780766,oncoming_sedans.366,2.1,41.63,0
780767,oncoming_sedans.366,2.3,38.08,0
780768,oncoming_sedans.366,2.6,35.08,0
780769,oncoming_sedans.366,2.7,32.54,0
780770,oncoming_sedans.366,2.9,30.38,0
780771,oncoming_sedans.366,3.1,28.53,0
780772,oncoming_sedans.366,3.3,26.95,0
780773,oncoming_sedans.366,3.5,25.61,0
780774,oncoming_sedans.366,3.7,24.48,0
780775,oncoming_sedans.366,3.8,23.52,0
780776,oncoming_sedans.366,3.9,22.73,0
780777,oncoming_sedans.366,4.1,22.09,0
780778,oncoming_sedans.366,4.1,21.58,0
780779,oncoming_sedans.366,4.2,21.2,0
780780,oncoming_sedans.366,4.3,20.95,0
780781,oncoming_sedans.366,4.3,20.82,0
780782,oncoming_sedans.366,4.3,20.8,0
780783,oncoming_sedans.366,4.3,20.9,0
780784,oncoming_sedans.366,4.2,21.12,0
780785,oncoming_sedans.366,4.2,21.46,0
780786,oncoming_sedans.366,4.1,21.93,0
780787,oncoming_sedans.366,4.0,22.54,0
780788,oncoming_sedans.366,3.8,23.3,0
780789,oncoming_sedans.366,3.7,24.21,0
780789,oncoming_sedans.365,3.5,25.71,0
780790,oncoming_sedans.366,3.5,25.3,0
780790,oncoming_sedans.365,3.6,24.61,0
780791,oncoming_sedans.366,3.4,26.59,0
780791,oncoming_sedans.365,3.8,23.63,0
780792,oncoming_sedans.365,3.9,22.77,0
780793,oncoming_sedans.365,4.1,22.01,0
780794,oncoming_sedans.365,4.2,21.34,0
780795,oncoming_sedans.365,4.3,20.77,0
780796,oncoming_sedans.365,4.4,20.27,0
780797,oncoming_sedans.365,4.5,19.86,0
780798,oncoming_sedans.365,4.6,19.52,0
780799,oncoming_sedans.365,4.6,19.26,0
780800,oncoming_sedans.365,4.7,19.07,0
780801,oncoming_sedans.365,4.7,18.95,0
780802,oncoming_sedans.365,4.7,18.9,0
780803,oncoming_sedans.365,4.7,18.93,0
780804,oncoming_sedans.365,4.7,19.03,0
780805,oncoming_sedans.365,4.7,19.21,0
780806,oncoming_sedans.365,4.6,19.47,0
780807,oncoming_sedans.365,4.5,19.81,0
780808,oncoming_sedans.365,4.4,20.25,0
780809,oncoming_sedans.365,4.3,20.78,0
780810,oncoming_sedans.365,4.2,21.42,0
780811,oncoming_sedans.365,4.0,22.18,0
780812,oncoming_sedans.365,3.9,23.06,0
780813,oncoming_sedans.365,3.7,24.09,0
780814,oncoming_sedans.365,3.5,25.28,0
783616,oncoming_sedans.368,2.6,34.16,0
783617,oncoming_sedans.368,2.8,31.76,0
783618,oncoming_sedans.368,3.0,29.67,0
783619,oncoming_sedans.368,3.2,27.86,0
783620,oncoming_sedans.368,3.4,26.27,0
783621,oncoming_sedans.368,3.6,24.89,0
783622,oncoming_sedans.368,3.8,23.68,0
783623,oncoming_sedans.368,4.0,22.63,0
783624,oncoming_sedans.368,4.1,21.72,0
783625,oncoming_sedans.368,4.3,20.93,0
783626,oncoming_sedans.368,4.4,20.25,0
783627,oncoming_sedans.368,4.5,19.69,0
783628,oncoming_sedans.368,4.7,19.21,0
783629,oncoming_sedans.368,4.8,18.83,0
783630,oncoming_sedans.368,4.8,18.54,0
783631,oncoming_sedans.368,4.9,18.33,0
783632,oncoming_sedans.368,4.9,18.21,0
783633,oncoming_sedans.368,4.9,18.16,0
783634,oncoming_sedans.368,4.9,18.2,0
783635,oncoming_sedans.368,4.9,18.32,0
783636,oncoming_sedans.368,4.8,18.52,0
783637,oncoming_sedans.368,4.8,18.81,0
783638,oncoming_sedans.368,4.7,19.19,0
783639,oncoming_sedans.368,4.6,19.66,0
783640,oncoming_sedans.368,4.4,20.24,0
783641,oncoming_sedans.368,4.3,20.92,0
783676,oncoming_trucks.138,1.0,85.78,0
783677,oncoming_trucks.138,0.9,100.59,0
783678,oncoming_trucks.138,0.7,119.95,0
783679,oncoming_trucks.138,0.6,146.04,0
783680,oncoming_trucks.138,0.5,182.66,0
783681,oncoming_trucks.138,0.4,237.13,0
783682,oncoming_trucks.138,0.3,325.31,0
783856,oncoming_trucks.137,1.8,50.7,0
783857,oncoming_trucks.137,1.9,46.77,0
783858,oncoming_trucks.137,2.1,43.38,0
783859,oncoming_trucks.137,2.2,40.42,0
783860,oncoming_trucks.137,2.4,37.84,0
783861,oncoming_trucks.137,2.5,35.57,0
783862,oncoming_trucks.137,2.7,33.58,0
783863,oncoming_trucks.137,2.8,31.82,0
783864,oncoming_trucks.137,3.0,30.26,0
783865,oncoming_trucks.137,3.1,28.88,0
783866,oncoming_trucks.137,3.2,27.66,0
783867,oncoming_trucks.137,3.4,26.58,0
783868,oncoming_trucks.137,3.5,25.62,0
783869,oncoming_trucks.137,3.6,24.79,0
783870,oncoming_trucks.137,3.7,24.06,0
783871,oncoming_trucks.137,3.8,23.42,0
783872,oncoming_trucks.137,3.9,22.88,0
783873,oncoming_trucks.137,4.0,22.43,0
783874,oncoming_trucks.137,4.1,22.06,0
783875,oncoming_trucks.137,4.1,21.77,0
783876,oncoming_trucks.137,4.1,21.56,0
783877,oncoming_trucks.137,4.2,21.44,0
783878,oncoming_trucks.137,4.2,21.39,0
783879,oncoming_trucks.137,4.2,21.43,0
783880,oncoming_trucks.137,4.2,21.55,0
783881,oncoming_trucks.137,4.1,21.76,0
783882,oncoming_trucks.137,4.1,22.07,0
783883,oncoming_trucks.137,4.0,22.48,0
783884,oncoming_trucks.137,3.9,23.0,0
783885,oncoming_trucks.137,3.8,23.65,0
783886,oncoming_trucks.137,3.7,24.43,0
783887,oncoming_trucks.137,3.5,25.36,0
783888,oncoming_trucks.137,3.4,26.46,0
783889,oncoming_trucks.137,3.2,27.75,0
783890,oncoming_trucks.137,3.1,29.26,0
783891,oncoming_trucks.137,2.9,31.03,0
783892,oncoming_trucks.137,2.7,33.09,0
783893,oncoming_trucks.137,2.5,35.49,0
783894,oncoming_trucks.137,2.3,38.31,0
783895,oncoming_trucks.137,2.2,41.6,0
786676,oncoming_trucks.138,0.3,301.35,0
786677,oncoming_trucks.138,0.4,233.29,0
786678,oncoming_trucks.138,0.5,186.49,0
786679,oncoming_trucks.138,0.6,152.91,0
786680,oncoming_trucks.138,0.7,128.01,0
786681,oncoming_trucks.138,0.8,109.02,0
786682,oncoming_trucks.138,0.9,94.21,0
786683,oncoming_trucks.138,1.1,82.44,0
786684,oncoming_trucks.138,1.2,72.93,0
786685,oncoming_trucks.138,1.4,65.13,0
786686,oncoming_trucks.138,1.5,58.67,0
786687,oncoming_trucks.138,1.7,53.24,0
786688,oncoming_trucks.138,1.8,48.66,0
786689,oncoming_trucks.138,2.0,44.74,0
786690,oncoming_trucks.138,2.2,41.37,0
786691,oncoming_trucks.138,2.3,38.46,0
786692,oncoming_trucks.138,2.5,35.94,0
786693,oncoming_trucks.138,2.7,33.73,0
786694,oncoming_trucks.138,2.8,31.79,0
786695,oncoming_trucks.138,3.0,30.09,0
786696,oncoming_trucks.138,3.1,28.59,0
786697,oncoming_trucks.138,3.3,27.26,0
786698,oncoming_trucks.138,3.4,26.09,0
786699,oncoming_trucks.138,3.6,25.07,0
786700,oncoming_trucks.138,3.7,24.16,0
786701,oncoming_trucks.138,3.8,23.37,0
786702,oncoming_trucks.138,3.9,22.68,0
786703,oncoming_trucks.138,4.1,22.09,0
786704,oncoming_trucks.138,4.1,21.58,0
786705,oncoming_trucks.138,4.2,21.17,0
786706,oncoming_trucks.138,4.3,20.83,0
786707,oncoming_trucks.138,4.3,20.57,0
786708,oncoming_trucks.138,4.4,20.39,0
786709,oncoming_trucks.138,4.4,20.29,0
786710,oncoming_trucks.138,4.4,20.27,0
786711,oncoming_trucks.138,4.4,20.33,0
786712,oncoming_trucks.138,4.4,20.48,0
786713,oncoming_trucks.138,4.3,20.72,0
786714,oncoming_trucks.138,4.3,21.05,0
786715,oncoming_trucks.138,4.2,21.49,0
786716,oncoming_trucks.138,4.1,22.04,0
786717,oncoming_trucks.138,3.9,22.72,0
786718,oncoming_trucks.138,3.8,23.53,0
786719,oncoming_trucks.138,3.7,24.51,0
786943,oncoming_sedans.367,3.5,25.23,0
786944,oncoming_sedans.367,3.7,24.14,0
786945,oncoming_sedans.367,3.9,23.18,0
786946,oncoming_sedans.367,4.0,22.34,0
786947,oncoming_sedans.367,4.1,21.59,0
786948,oncoming_sedans.367,4.3,20.93,0
786949,oncoming_sedans.367,4.4,20.36,0
786950,oncoming_sedans.367,4.5,19.88,0
786951,oncoming_sedans.367,4.6,19.47,0
786952,oncoming_sedans.367,4.7,19.13,0
786953,oncoming_sedans.367,4.7,18.87,0
786954,oncoming_sedans.367,4.8,18.68,0
786955,oncoming_sedans.367,4.8,18.56,0
786956,oncoming_sedans.367,4.8,18.51,0
786957,oncoming_sedans.367,4.8,18.53,0
786958,oncoming_sedans.367,4.8,18.62,0
786959,oncoming_sedans.367,4.8,18.8,0
786960,oncoming_sedans.367,4.7,19.06,0
786961,oncoming_sedans.367,4.6,19.4,0
786962,oncoming_sedans.367,4.5,19.84,0
786963,oncoming_sedans.367,4.4,20.38,0
786964,oncoming_sedans.367,4.3,21.04,0
786965,oncoming_sedans.367,4.1,21.81,0
786966,oncoming_sedans.367,3.9,22.72,0
786967,oncoming_sedans.367,3.8,23.78,0
789758,oncoming_sedans.371,2.1,43.07,0
789759,oncoming_sedans.371,2.2,40.07,0
789760,oncoming_sedans.371,2.4,37.45,0
789761,oncoming_sedans.371,2.5,35.14,0
789762,oncoming_sedans.371,2.7,33.11,0
789763,oncoming_sedans.371,2.9,31.32,0
789764,oncoming_sedans.371,3.0,29.74,0
789765,oncoming_sedans.371,3.2,28.34,0
789766,oncoming_sedans.371,3.3,27.11,0
789767,oncoming_sedans.371,3.4,26.02,0
789768,oncoming_sedans.371,3.6,25.07,0
789769,oncoming_sedans.371,3.7,24.24,0
789770,oncoming_sedans.371,3.8,23.51,0
789771,oncoming_sedans.371,3.9,22.9,0
789772,oncoming_sedans.371,4.0,22.37,0
789773,oncoming_sedans.371,4.1,21.95,0
789774,oncoming_sedans.371,4.1,21.6,0
789775,oncoming_sedans.371,4.2,21.35,0
789776,oncoming_sedans.371,4.2,21.18,0
789777,oncoming_sedans.371,4.2,21.09,0
789778,oncoming_sedans.371,4.2,21.09,0
789779,oncoming_sedans.371,4.2,21.17,0
789780,oncoming_sedans.371,4.2,21.34,0
789781,oncoming_sedans.371,4.1,21.61,0
789782,oncoming_sedans.371,4.1,21.97,0
789783,oncoming_sedans.371,4.0,22.43,0
789784,oncoming_sedans.371,3.9,23.0,0
789785,oncoming_sedans.371,3.8,23.69,0
789786,oncoming_sedans.371,3.7,24.51,0
789787,oncoming_sedans.371,3.5,25.47,0
789788,oncoming_sedans.371,3.4,26.59,0
790009,oncoming_sedans.373,2.3,39.41,0
790010,oncoming_sedans.373,2.4,36.79,0
790011,oncoming_sedans.373,2.6,34.5,0
790012,oncoming_sedans.373,2.8,32.49,0
790013,oncoming_sedans.373,2.9,30.72,0
790014,oncoming_sedans.373,3.1,29.16,0
790015,oncoming_sedans.373,3.2,27.78,0
790016,oncoming_sedans.373,3.4,26.57,0
790017,oncoming_sedans.373,3.5,25.49,0
790018,oncoming_sedans.373,3.6,24.55,0
790019,oncoming_sedans.373,3.8,23.73,0
790020,oncoming_sedans.373,3.9,23.02,0
790021,oncoming_sedans.373,4.0,22.41,0
790022,oncoming_sedans.373,4.1,21.89,0
790023,oncoming_sedans.373,4.2,21.46,0
790024,oncoming_sedans.373,4.2,21.12,0
790025,oncoming_sedans.373,4.3,20.86,0
790026,oncoming_sedans.373,4.3,20.69,0
790027,oncoming_sedans.373,4.3,20.6,0
790028,oncoming_sedans.373,4.3,20.59,0
790029,oncoming_sedans.373,4.3,20.67,0
790030,oncoming_sedans.373,4.3,20.83,0
790031,oncoming_sedans.373,4.2,21.09,0
790032,oncoming_sedans.373,4.2,21.45,0
790033,oncoming_sedans.373,4.1,21.91,0
790034,oncoming_sedans.373,4.0,22.49,0
790035,oncoming_sedans.373,3.9,23.19,0
790036,oncoming_sedans.373,3.7,24.02,0
790037,oncoming_sedans.373,3.6,25.01,0
790038,oncoming_sedans.373,3.4,26.16,0
792826,oncoming_sedans.369,2.2,40.17,0
792827,oncoming_sedans.369,2.4,37.48,0
792828,oncoming_sedans.369,2.5,35.13,0
792829,oncoming_sedans.369,2.7,33.07,0
792830,oncoming_sedans.369,2.9,31.26,0
792831,oncoming_sedans.369,3.0,29.67,0
792832,oncoming_sedans.369,3.2,28.27,0
792833,oncoming_sedans.369,3.3,27.05,0
792834,oncoming_sedans.369,3.4,25.98,0
792835,oncoming_sedans.369,3.6,25.06,0
792836,oncoming_sedans.369,3.7,24.27,0
792837,oncoming_sedans.369,3.8,23.59,0
792838,oncoming_sedans.369,3.9,23.03,0
792839,oncoming_sedans.369,4.0,22.57,0
792840,oncoming_sedans.369,4.0,22.21,0
792841,oncoming_sedans.369,4.1,21.94,0
792842,oncoming_sedans.369,4.1,21.77,0
792843,oncoming_sedans.369,4.1,21.7,0
792844,oncoming_sedans.369,4.1,21.71,0
792845,oncoming_sedans.369,4.1,21.81,0
792846,oncoming_sedans.369,4.1,22.01,0
792847,oncoming_sedans.369,4.0,22.31,0
792848,oncoming_sedans.369,3.9,22.71,0
792849,oncoming_sedans.369,3.9,23.21,0
792850,oncoming_sedans.369,3.8,23.83,0
792851,oncoming_sedans.369,3.6,24.56,0
792852,oncoming_sedans.369,3.5,25.42,0
792853,oncoming_sedans.369,3.4,26.43,0
792854,oncoming_sedans.369,3.2,27.58,0
792855,oncoming_sedans.369,3.1,28.91,0
792856,oncoming_sedans.369,2.9,30.42,0
793079,school_buses.28,1.7,54.0,0
793080,school_buses.28,1.8,49.74,0
793081,school_buses.28,1.9,46.05,0
793082,school_buses.28,2.1,42.83,0
793083,school_buses.28,2.2,40.02,0
793084,school_buses.28,2.4,37.55,0
793085,school_buses.28,2.5,35.37,0
793086,school_buses.28,2.7,33.44,0
793087,school_buses.28,2.8,31.72,0
793088,school_buses.28,3.0,30.19,0
793089,school_buses.28,3.1,28.83,0
793090,school_buses.28,3.2,27.61,0
793091,school_buses.28,3.4,26.53,0
793092,school_buses.28,3.5,25.56,0
793093,school_buses.28,3.6,24.7,0
793094,school_buses.28,3.7,23.94,0
793095,school_buses.28,3.8,23.27,0
793096,school_buses.28,3.9,22.69,0
793097,school_buses.28,4.0,22.19,0
793098,school_buses.28,4.1,21.77,0
793099,school_buses.28,4.2,21.42,0
793100,school_buses.28,4.2,21.14,0
793101,school_buses.28,4.3,20.94,0
793102,school_buses.28,4.3,20.81,0
793103,school_buses.28,4.3,20.76,0
793104,school_buses.28,4.3,20.79,0
793105,school_buses.28,4.3,20.9,0
793106,school_buses.28,4.2,21.1,0
793107,school_buses.28,4.2,21.39,0
793108,school_buses.28,4.1,21.79,0
793109,school_buses.28,4.0,22.29,0
793110,school_buses.28,3.9,22.93,0
793111,school_buses.28,3.8,23.7,0
793112,school_buses.28,3.6,24.63,0
793113,school_buses.28,3.5,25.74,0
793114,school_buses.28,3.3,27.05,0
793115,school_buses.28,3.1,28.6,0
793116,school_buses.28,2.9,30.44,0
793117,school_buses.28,2.7,32.6,0
793118,school_buses.28,2.5,35.16,0
793119,school_buses.28,2.3,38.19,0
793120,school_buses.28,2.1,41.8,0
793121,school_buses.28,1.9,46.12,0
793122,school_buses.28,1.7,51.34,0
793123,school_buses.28,1.6,57.7,0
793124,school_buses.28,1.4,65.55,0
793125,school_buses.28,1.2,75.38,0
793126,school_buses.28,1.0,87.89,0
793127,school_buses.28,0.9,104.18,0
793128,school_buses.28,0.7,126.01,0
793129,school_buses.28,0.6,156.38,0
793130,school_buses.28,0.4,200.95,0
793131,school_buses.28,0.3,271.69,0
793132,school_buses.28,0.2,398.95,0
795904,oncoming_sedans.372,2.7,33.63,0
795905,oncoming_sedans.372,2.9,31.31,0
795906,oncoming_sedans.372,3.1,29.29,0
795907,oncoming_sedans.372,3.3,27.53,0
795908,oncoming_sedans.372,3.4,25.99,0
795909,oncoming_sedans.372,3.6,24.64,0
795910,oncoming_sedans.372,3.8,23.47,0
795911,oncoming_sedans.372,4.0,22.44,0
795912,oncoming_sedans.372,4.2,21.55,0
795913,oncoming_sedans.372,4.3,20.78,0
795914,oncoming_sedans.372,4.4,20.12,0
795915,oncoming_sedans.372,4.6,19.57,0
795916,oncoming_sedans.372,4.7,19.1,0
795917,oncoming_sedans.372,4.8,18.73,0
795918,oncoming_sedans.372,4.8,18.45,0
795919,oncoming_sedans.372,4.9,18.25,0
795920,oncoming_sedans.372,4.9,18.13,0
795921,oncoming_sedans.372,4.9,18.09,0
795922,oncoming_sedans.372,4.9,18.13,0
795923,oncoming_sedans.372,4.9,18.25,0
795924,oncoming_sedans.372,4.8,18.46,0
795925,oncoming_sedans.372,4.8,18.75,0
795926,oncoming_sedans.372,4.7,19.13,0
795927,oncoming_sedans.372,4.6,19.61,0
795928,oncoming_sedans.372,4.4,20.18,0
795929,oncoming_sedans.372,4.3,20.87,0
795964,oncoming_trucks.140,1.0,86.32,0
795965,oncoming_trucks.140,0.9,101.21,0
795966,oncoming_trucks.140,0.7,120.64,0
795967,oncoming_trucks.140,0.6,146.79,0
795968,oncoming_trucks.140,0.5,183.42,0
795969,oncoming_trucks.140,0.4,237.74,0
795970,oncoming_trucks.140,0.3,325.35,0
796124,school_buses.28,0.2,388.32,0
796125,school_buses.28,0.3,289.13,0
796126,school_buses.28,0.4,224.52,0
796127,school_buses.28,0.5,180.06,0
796128,school_buses.28,0.6,148.13,0
796129,school_buses.28,0.7,124.4,0
796130,school_buses.28,0.8,106.29,0
796131,school_buses.28,1.0,92.13,0
796132,school_buses.28,1.1,80.85,0
796133,school_buses.28,1.2,71.72,0
796134,school_buses.28,1.4,64.22,0
796135,school_buses.28,1.5,57.98,0
796136,school_buses.28,1.7,52.75,0
796137,school_buses.28,1.9,48.31,0
796138,school_buses.28,2.0,44.51,0
796139,school_buses.28,2.2,41.24,0
796140,school_buses.28,2.3,38.42,0
796141,school_buses.28,2.5,35.95,0
796142,school_buses.28,2.6,33.8,0
796143,school_buses.28,2.8,31.92,0
796144,school_buses.28,3.0,30.26,0
796145,school_buses.28,3.1,28.8,0
796146,school_buses.28,3.3,27.51,0
796147,school_buses.28,3.4,26.37,0
796148,school_buses.28,3.5,25.37,0
796149,school_buses.28,3.7,24.49,0
796150,school_buses.28,3.8,23.73,0
796151,school_buses.28,3.9,23.07,0
796152,school_buses.28,4.0,22.5,0
796153,school_buses.28,4.1,22.02,0
796154,school_buses.28,4.1,21.63,0
796155,school_buses.28,4.2,21.32,0
796156,school_buses.28,4.2,21.09,0
796157,school_buses.28,4.3,20.94,0
796158,school_buses.28,4.3,20.87,0
796159,school_buses.28,4.3,20.89,0
796160,school_buses.28,4.3,20.99,0
796161,school_buses.28,4.2,21.18,0
796162,school_buses.28,4.2,21.46,0
796163,school_buses.28,4.1,21.85,0
796164,school_buses.28,4.0,22.34,0
796165,school_buses.28,3.9,22.96,0
796166,school_buses.28,3.8,23.72,0
796167,school_buses.28,3.6,24.62,0
798965,oncoming_trucks.140,0.2,397.8,0
798966,oncoming_trucks.140,0.3,296.48,0
798967,oncoming_trucks.140,0.4,230.16,0
798968,oncoming_trucks.140,0.5,184.37,0
798969,oncoming_trucks.140,0.6,151.43,0
798970,oncoming_trucks.140,0.7,126.93,0
798971,oncoming_trucks.140,0.8,108.22,0
798972,oncoming_trucks.140,1.0,93.61,0
798973,oncoming_trucks.140,1.1,81.97,0
798974,oncoming_trucks.140,1.2,72.56,0
798975,oncoming_trucks.140,1.4,64.84,0
798976,oncoming_trucks.140,1.5,58.43,0
798977,oncoming_trucks.140,1.7,53.05,0
798978,oncoming_trucks.140,1.8,48.5,0
798979,oncoming_trucks.140,2.0,44.61,0
798980,oncoming_trucks.140,2.2,41.27,0
798981,oncoming_trucks.140,2.3,38.37,0
798982,oncoming_trucks.140,2.5,35.86,0
798983,oncoming_trucks.140,2.7,33.66,0
798984,oncoming_trucks.140,2.8,31.74,0
798985,oncoming_trucks.140,3.0,30.04,0
798986,oncoming_trucks.140,3.1,28.55,0
798987,oncoming_trucks.140,3.3,27.23,0
798988,oncoming_trucks.140,3.4,26.07,0
798989,oncoming_trucks.140,3.6,25.04,0
798990,oncoming_trucks.140,3.7,24.14,0
798991,oncoming_trucks.140,3.8,23.36,0
798992,oncoming_trucks.140,3.9,22.67,0
798993,oncoming_trucks.140,4.1,22.08,0
798994,oncoming_trucks.140,4.1,21.58,0
798995,oncoming_trucks.140,4.2,21.17,0
798996,oncoming_trucks.140,4.3,20.83,0
798997,oncoming_trucks.140,4.3,20.58,0
798998,oncoming_trucks.140,4.4,20.4,0
798999,oncoming_trucks.140,4.4,20.3,0
799000,oncoming_trucks.140,4.4,20.29,0
799001,oncoming_trucks.140,4.4,20.35,0
799002,oncoming_trucks.140,4.4,20.5,0
799003,oncoming_trucks.140,4.3,20.74,0
799004,oncoming_trucks.140,4.2,21.08,0
799005,oncoming_trucks.140,4.2,21.52,0
799006,oncoming_trucks.140,4.1,22.08,0
799007,oncoming_trucks.140,3.9,22.76,0
799008,oncoming_trucks.140,3.8,23.58,0
799009,oncoming_trucks.140,3.6,24.56,0
799215,oncoming_sedans.375,2.1,41.72,0
799216,oncoming_sedans.375,2.3,38.53,0
799217,oncoming_sedans.375,2.5,35.77,0
799218,oncoming_sedans.375,2.7,33.37,0
799219,oncoming_sedans.375,2.9,31.28,0
799220,oncoming_sedans.375,3.0,29.44,0
799221,oncoming_sedans.375,3.2,27.82,0
799222,oncoming_sedans.375,3.4,26.39,0
799223,oncoming_sedans.375,3.6,25.13,0
799224,oncoming_sedans.375,3.7,24.02,0
799225,oncoming_sedans.375,3.9,23.03,0
799226,oncoming_sedans.375,4.0,22.17,0
799227,oncoming_sedans.375,4.2,21.41,0
799228,oncoming_sedans.375,4.3,20.75,0
799229,oncoming_sedans.375,4.4,20.17,0
799230,oncoming_sedans.375,4.5,19.68,0
799231,oncoming_sedans.375,4.6,19.27,0
799232,oncoming_sedans.375,4.7,18.93,0
799233,oncoming_sedans.375,4.8,18.66,0
799234,oncoming_sedans.375,4.8,18.47,0
799235,oncoming_sedans.375,4.9,18.34,0
799236,oncoming_sedans.375,4.9,18.29,0
799237,oncoming_sedans.375,4.9,18.31,0
799238,oncoming_sedans.375,4.9,18.4,0
799239,oncoming_sedans.375,4.8,18.57,0
799240,oncoming_sedans.375,4.8,18.82,0
799241,oncoming_sedans.375,4.7,19.15,0
799242,oncoming_sedans.375,4.6,19.58,0
799272,oncoming_sedans.376,1.3,70.93,0
799273,oncoming_sedans.376,1.1,79.68,0
799274,oncoming_sedans.376,1.0,90.08,0
799275,oncoming_sedans.376,0.9,102.54,0
799276,oncoming_sedans.376,0.8,117.59,0
799277,oncoming_sedans.376,0.7,135.97,0
799278,oncoming_sedans.376,0.6,158.67,0
799279,oncoming_sedans.376,0.5,186.95,0
799280,oncoming_sedans.376,0.4,222.6,0
799281,oncoming_sedans.376,0.3,268.2,0
799282,oncoming_sedans.376,0.3,327.54,0
802049,oncoming_sedans.374,2.3,39.44,0
802050,oncoming_sedans.374,2.4,36.82,0
802051,oncoming_sedans.374,2.6,34.53,0
802052,oncoming_sedans.374,2.8,32.52,0
802053,oncoming_sedans.374,2.9,30.75,0
802054,oncoming_sedans.374,3.1,29.19,0
802055,oncoming_sedans.374,3.2,27.81,0
802056,oncoming_sedans.374,3.4,26.59,0
802057,oncoming_sedans.374,3.5,25.52,0
802058,oncoming_sedans.374,3.6,24.58,0
802059,oncoming_sedans.374,3.8,23.75,0
802060,oncoming_sedans.374,3.9,23.04,0
802061,oncoming_sedans.374,4.0,22.42,0
802062,oncoming_sedans.374,4.1,21.9,0
802063,oncoming_sedans.374,4.2,21.47,0
802064,oncoming_sedans.374,4.2,21.13,0
802065,oncoming_sedans.374,4.3,20.87,0
802066,oncoming_sedans.374,4.3,20.69,0
802067,oncoming_sedans.374,4.3,20.6,0
802068,oncoming_sedans.374,4.3,20.59,0
802069,oncoming_sedans.374,4.3,20.67,0
802070,oncoming_sedans.374,4.3,20.83,0
802071,oncoming_sedans.374,4.2,21.09,0
802072,oncoming_sedans.374,4.2,21.44,0
802073,oncoming_sedans.374,4.1,21.9,0
802074,oncoming_sedans.374,4.0,22.47,0
802075,oncoming_sedans.374,3.9,23.17,0
802076,oncoming_sedans.374,3.7,24.0,0
802077,oncoming_sedans.374,3.6,24.98,0
802078,oncoming_sedans.374,3.4,26.13,0
802273,oncoming_sedans.376,0.3,354.75,0
802274,oncoming_sedans.376,0.3,274.67,0
802275,oncoming_sedans.376,0.4,218.58,0
802276,oncoming_sedans.376,0.5,177.92,0
802277,oncoming_sedans.376,0.6,147.59,0
802278,oncoming_sedans.376,0.7,124.42,0
802279,oncoming_sedans.376,0.8,106.36,0
802280,oncoming_sedans.376,1.0,92.03,0
802281,oncoming_sedans.376,1.1,80.51,0
802282,oncoming_sedans.376,1.3,71.1,0
802283,oncoming_sedans.376,1.4,63.35,0
802284,oncoming_sedans.376,1.6,56.88,0
802285,oncoming_sedans.376,1.7,51.45,0
802286,oncoming_sedans.376,1.9,46.84,0
802287,oncoming_sedans.376,2.1,42.91,0
802288,oncoming_sedans.376,2.3,39.54,0
802289,oncoming_sedans.376,2.4,36.64,0
802290,oncoming_sedans.376,2.6,34.12,0
802291,oncoming_sedans.376,2.8,31.94,0
802292,oncoming_sedans.376,3.0,30.04,0
802293,oncoming_sedans.376,3.2,28.39,0
802294,oncoming_sedans.376,3.3,26.96,0
802295,oncoming_sedans.376,3.5,25.71,0
802296,oncoming_sedans.376,3.6,24.64,0
802297,oncoming_sedans.376,3.8,23.71,0
802298,oncoming_sedans.376,3.9,22.93,0
802299,oncoming_sedans.376,4.0,22.27,0
802300,oncoming_sedans.376,4.1,21.74,0
802301,oncoming_sedans.376,4.2,21.32,0
802302,oncoming_sedans.376,4.3,21.0,0
802303,oncoming_sedans.376,4.3,20.78,0
802304,oncoming_sedans.376,4.3,20.67,0
802305,oncoming_sedans.376,4.3,20.66,0
802306,oncoming_sedans.376,4.3,20.75,0
802307,oncoming_sedans.376,4.3,20.94,0
802308,oncoming_sedans.376,4.2,21.23,0
802309,oncoming_sedans.376,4.1,21.63,0
802310,oncoming_sedans.376,4.0,22.14,0
802345,oncoming_trucks.141,1.2,74.06,0
802346,oncoming_trucks.141,1.1,84.69,0
802347,oncoming_trucks.141,0.9,97.97,0
802348,oncoming_trucks.141,0.8,114.9,0
802349,oncoming_trucks.141,0.7,136.99,0
802350,oncoming_trucks.141,0.5,166.69,0
802351,oncoming_trucks.141,0.4,208.25,0
802352,oncoming_trucks.141,0.3,269.76,0
802353,oncoming_trucks.141,0.2,368.64,0
805116,oncoming_sedans.377,2.1,43.01,0
805117,oncoming_sedans.377,2.2,40.02,0
805118,oncoming_sedans.377,2.4,37.4,0
805119,oncoming_sedans.377,2.5,35.1,0
805120,oncoming_sedans.377,2.7,33.08,0
805121,oncoming_sedans.377,2.9,31.29,0
805122,oncoming_sedans.377,3.0,29.71,0
805123,oncoming_sedans.377,3.2,28.32,0
805124,oncoming_sedans.377,3.3,27.08,0
805125,oncoming_sedans.377,3.4,26.0,0
805126,oncoming_sedans.377,3.6,25.05,0
805127,oncoming_sedans.377,3.7,24.22,0
805128,oncoming_sedans.377,3.8,23.49,0
805129,oncoming_sedans.377,3.9,22.88,0
805130,oncoming_sedans.377,4.0,22.36,0
805131,oncoming_sedans.377,4.1,21.93,0
805132,oncoming_sedans.377,4.1,21.58,0
805133,oncoming_sedans.377,4.2,21.33,0
805134,oncoming_sedans.377,4.2,21.16,0
805135,oncoming_sedans.377,4.2,21.07,0
805136,oncoming_sedans.377,4.2,21.07,0
805137,oncoming_sedans.377,4.2,21.15,0
805138,oncoming_sedans.377,4.2,21.32,0
805139,oncoming_sedans.377,4.1,21.58,0
805140,oncoming_sedans.377,4.1,21.94,0
805141,oncoming_sedans.377,4.0,22.4,0
805142,oncoming_sedans.377,3.9,22.97,0
805143,oncoming_sedans.377,3.8,23.66,0
805144,oncoming_sedans.377,3.7,24.48,0
805145,oncoming_sedans.377,3.5,25.44,0
805146,oncoming_sedans.377,3.4,26.55,0
805355,oncoming_trucks.141,0.3,355.23,0
805356,oncoming_trucks.141,0.3,259.58,0
805357,oncoming_trucks.141,0.5,198.43,0
805358,oncoming_trucks.141,0.6,156.98,0
805359,oncoming_trucks.141,0.7,127.6,0
805360,oncoming_trucks.141,0.8,106.03,0
805361,oncoming_trucks.141,1.0,89.72,0
805362,oncoming_trucks.141,1.2,77.08,0
805363,oncoming_trucks.141,1.3,67.1,0
805364,oncoming_trucks.141,1.5,59.06,0
805365,oncoming_trucks.141,1.7,52.51,0
805366,oncoming_trucks.141,1.9,47.08,0
805367,oncoming_trucks.141,2.1,42.54,0
805368,oncoming_trucks.141,2.3,38.7,0
805369,oncoming_trucks.141,2.5,35.42,0
805370,oncoming_trucks.141,2.7,32.6,0
805371,oncoming_trucks.141,3.0,30.16,0
805372,oncoming_trucks.141,3.2,28.03,0
805373,oncoming_trucks.141,3.4,26.16,0
805374,oncoming_trucks.141,3.7,24.51,0
805375,oncoming_trucks.141,3.9,23.05,0
805376,oncoming_trucks.141,4.1,21.74,0
805377,oncoming_trucks.141,4.3,20.58,0
805378,oncoming_trucks.141,4.6,19.54,0
805379,oncoming_trucks.141,4.8,18.6,0
805380,oncoming_trucks.141,5.0,17.75,0
805381,oncoming_trucks.141,5.3,16.99,0
805382,oncoming_trucks.141,5.5,16.3,0
805383,oncoming_trucks.141,5.7,15.67,0
805384,oncoming_trucks.141,5.9,15.1,0
805385,oncoming_trucks.141,6.1,14.59,0
805386,oncoming_trucks.141,6.3,14.13,0
805387,oncoming_trucks.141,6.5,13.71,0
805388,oncoming_trucks.141,6.7,13.34,0
805389,oncoming_trucks.141,6.9,13.0,0
805390,oncoming_trucks.141,7.0,12.7,0
805391,oncoming_trucks.141,7.2,12.44,0
805409,oncoming_sedans.378,7.5,11.96,0
805410,oncoming_sedans.378,7.5,11.98,0
805411,oncoming_sedans.378,7.4,12.03,0
805412,oncoming_sedans.378,7.4,12.13,0
805413,oncoming_sedans.378,7.3,12.27,0
805414,oncoming_sedans.378,7.2,12.46,0
805415,oncoming_sedans.378,7.0,12.7,0
805416,oncoming_sedans.378,6.9,13.0,0
805417,oncoming_sedans.378,6.7,13.35,0
805418,oncoming_sedans.378,6.5,13.77,0
805419,oncoming_sedans.378,6.3,14.27,0
805420,oncoming_sedans.378,6.0,14.84,0
805421,oncoming_sedans.378,5.8,15.51,0
805422,oncoming_sedans.378,5.5,16.27,0
805423,oncoming_sedans.378,5.2,17.15,0
805424,oncoming_sedans.378,4.9,18.15,0
805425,oncoming_sedans.378,4.6,19.3,0
805426,oncoming_sedans.378,4.3,20.61,0
808184,oncoming_sedans.380,2.2,40.17,0
808185,oncoming_sedans.380,2.4,37.48,0
808186,oncoming_sedans.380,2.5,35.13,0
808187,oncoming_sedans.380,2.7,33.07,0
808188,oncoming_sedans.380,2.9,31.26,0
808189,oncoming_sedans.380,3.0,29.67,0
808190,oncoming_sedans.380,3.2,28.27,0
808191,oncoming_sedans.380,3.3,27.05,0
808192,oncoming_sedans.380,3.4,25.98,0
808193,oncoming_sedans.380,3.6,25.06,0
808194,oncoming_sedans.380,3.7,24.27,0
808195,oncoming_sedans.380,3.8,23.59,0
808196,oncoming_sedans.380,3.9,23.03,0
808197,oncoming_sedans.380,4.0,22.57,0
808198,oncoming_sedans.380,4.0,22.21,0
808199,oncoming_sedans.380,4.1,21.94,0
808200,oncoming_sedans.380,4.1,21.77,0
808201,oncoming_sedans.380,4.1,21.7,0
808202,oncoming_sedans.380,4.1,21.71,0
808203,oncoming_sedans.380,4.1,21.81,0
808204,oncoming_sedans.380,4.1,22.01,0
808205,oncoming_sedans.380,4.0,22.31,0
808206,oncoming_sedans.380,3.9,22.71,0
808207,oncoming_sedans.380,3.9,23.21,0
808208,oncoming_sedans.380,3.8,23.83,0
808209,oncoming_sedans.380,3.6,24.56,0
808210,oncoming_sedans.380,3.5,25.42,0
808211,oncoming_sedans.380,3.4,26.43,0
808212,oncoming_sedans.380,3.2,27.58,0
808213,oncoming_sedans.380,3.1,28.91,0
808214,oncoming_sedans.380,2.9,30.42,0
808466,oncoming_trucks.142,1.7,52.81,0
808467,oncoming_trucks.142,1.8,48.57,0
808468,oncoming_trucks.142,2.0,44.92,0
808469,oncoming_trucks.142,2.1,41.76,0
808470,oncoming_trucks.142,2.3,38.99,0
808471,oncoming_trucks.142,2.4,36.57,0
808472,oncoming_trucks.142,2.6,34.44,0
808473,oncoming_trucks.142,2.7,32.55,0
808474,oncoming_trucks.142,2.9,30.88,0
808475,oncoming_trucks.142,3.0,29.4,0
808476,oncoming_trucks.142,3.2,28.09,0
808477,oncoming_trucks.142,3.3,26.92,0
808478,oncoming_trucks.142,3.5,25.88,0
808479,oncoming_trucks.142,3.6,24.96,0
808480,oncoming_trucks.142,3.7,24.15,0
808481,oncoming_trucks.142,3.8,23.43,0
808482,oncoming_trucks.142,3.9,22.81,0
808483,oncoming_trucks.142,4.0,22.28,0
808484,oncoming_trucks.142,4.1,21.83,0
808485,oncoming_trucks.142,4.2,21.46,0
808486,oncoming_trucks.142,4.2,21.16,0
808487,oncoming_trucks.142,4.3,20.95,0
808488,oncoming_trucks.142,4.3,20.81,0
808489,oncoming_trucks.142,4.3,20.74,0
808490,oncoming_trucks.142,4.3,20.76,0
808491,oncoming_trucks.142,4.3,20.87,0
808492,oncoming_trucks.142,4.2,21.06,0
808493,oncoming_trucks.142,4.2,21.35,0
808494,oncoming_trucks.142,4.1,21.74,0
808495,oncoming_trucks.142,4.0,22.25,0
808496,oncoming_trucks.142,3.9,22.88,0
808497,oncoming_trucks.142,3.8,23.65,0
808498,oncoming_trucks.142,3.6,24.58,0
808499,oncoming_trucks.142,3.5,25.68,0
808500,oncoming_trucks.142,3.3,27.0,0
808501,oncoming_trucks.142,3.1,28.54,0
808502,oncoming_trucks.142,2.9,30.37,0
808503,oncoming_trucks.142,2.8,32.52,0
811262,oncoming_sedans.382,2.7,33.63,0
811263,oncoming_sedans.382,2.9,31.31,0
811264,oncoming_sedans.382,3.1,29.29,0
811265,oncoming_sedans.382,3.3,27.53,0
811266,oncoming_sedans.382,3.4,25.99,0
811267,oncoming_sedans.382,3.6,24.64,0
811268,oncoming_sedans.382,3.8,23.47,0
811269,oncoming_sedans.382,4.0,22.44,0
811270,oncoming_sedans.382,4.2,21.55,0
811271,oncoming_sedans.382,4.3,20.78,0
811272,oncoming_sedans.382,4.4,20.12,0
811273,oncoming_sedans.382,4.6,19.56,0
811274,oncoming_sedans.382,4.7,19.1,0
811275,oncoming_sedans.382,4.8,18.73,0
811276,oncoming_sedans.382,4.8,18.45,0
811277,oncoming_sedans.382,4.9,18.25,0
811278,oncoming_sedans.382,4.9,18.13,0
811279,oncoming_sedans.382,4.9,18.09,0
811280,oncoming_sedans.382,4.9,18.13,0
811281,oncoming_sedans.382,4.9,18.25,0
811282,oncoming_sedans.382,4.8,18.46,0
811283,oncoming_sedans.382,4.8,18.75,0
811284,oncoming_sedans.382,4.7,19.13,0
811285,oncoming_sedans.382,4.6,19.61,0
811286,oncoming_sedans.382,4.4,20.18,0
811287,oncoming_sedans.382,4.3,20.87,0
811542,oncoming_sedans.379,3.0,29.43,0
811543,oncoming_sedans.379,3.2,28.15,0
811544,oncoming_sedans.379,3.3,27.03,0
811545,oncoming_sedans.379,3.4,26.03,0
811546,oncoming_sedans.379,3.6,25.16,0
811547,oncoming_sedans.379,3.7,24.4,0
811548,oncoming_sedans.379,3.8,23.74,0
811549,oncoming_sedans.379,3.9,23.18,0
811550,oncoming_sedans.379,3.9,22.71,0
811551,oncoming_sedans.379,4.0,22.33,0
811552,oncoming_sedans.379,4.1,22.04,0
811553,oncoming_sedans.379,4.1,21.83,0
811554,oncoming_sedans.379,4.1,21.7,0
811555,oncoming_sedans.379,4.1,21.66,0
811556,oncoming_sedans.379,4.1,21.71,0
811557,oncoming_sedans.379,4.1,21.84,0
811558,oncoming_sedans.379,4.1,22.07,0
811559,oncoming_sedans.379,4.0,22.39,0
811560,oncoming_sedans.379,3.9,22.82,0
811561,oncoming_sedans.379,3.8,23.36,0
811562,oncoming_sedans.379,3.7,24.02,0
811563,oncoming_sedans.379,3.6,24.81,0
811564,oncoming_sedans.379,3.5,25.75,0
811565,oncoming_sedans.379,3.3,26.85,0
811566,oncoming_sedans.379,3.2,28.13,0
811567,oncoming_sedans.379,3.0,29.62,0
811568,oncoming_sedans.379,2.9,31.34,0
811569,oncoming_sedans.379,2.7,33.33,0
811570,oncoming_sedans.379,2.5,35.64,0
811571,oncoming_sedans.379,2.3,38.31,0
811572,oncoming_sedans.379,2.2,41.41,0
811573,oncoming_sedans.379,2.0,45.02,0
814318,oncoming_sedans.383,0.2,369.07,0
814319,oncoming_sedans.383,0.3,288.94,0
814320,oncoming_sedans.383,0.4,231.43,0
814321,oncoming_sedans.383,0.5,188.97,0
814322,oncoming_sedans.383,0.6,156.88,0
814323,oncoming_sedans.383,0.7,132.13,0
814324,oncoming_sedans.383,0.8,112.73,0
814325,oncoming_sedans.383,0.9,97.27,0
814326,oncoming_sedans.383,1.1,84.81,0
814327,oncoming_sedans.383,1.2,74.63,0
814328,oncoming_sedans.383,1.4,66.24,0
814329,oncoming_sedans.383,1.5,59.26,0
814330,oncoming_sedans.383,1.7,53.4,0
814331,oncoming_sedans.383,1.8,48.45,0
814332,oncoming_sedans.383,2.0,44.24,0
814333,oncoming_sedans.383,2.2,40.63,0
814334,oncoming_sedans.383,2.4,37.54,0
814335,oncoming_sedans.383,2.6,34.86,0
814336,oncoming_sedans.383,2.7,32.55,0
814337,oncoming_sedans.383,2.9,30.54,0
814338,oncoming_sedans.383,3.1,28.79,0
814339,oncoming_sedans.383,3.3,27.27,0
814340,oncoming_sedans.383,3.4,25.95,0
814341,oncoming_sedans.383,3.6,24.81,0
814342,oncoming_sedans.383,3.8,23.82,0
814343,oncoming_sedans.383,3.9,22.98,0
814344,oncoming_sedans.383,4.0,22.26,0
814345,oncoming_sedans.383,4.1,21.66,0
814346,oncoming_sedans.383,4.2,21.17,0
814347,oncoming_sedans.383,4.3,20.79,0
814348,oncoming_sedans.383,4.4,20.5,0
814349,oncoming_sedans.383,4.4,20.31,0
814350,oncoming_sedans.383,4.4,20.21,0
814351,oncoming_sedans.383,4.4,20.21,0
814352,oncoming_sedans.383,4.4,20.3,0
814353,oncoming_sedans.383,4.4,20.48,0
814354,oncoming_sedans.383,4.3,20.76,0
814355,oncoming_sedans.383,4.2,21.14,0
814356,oncoming_sedans.383,4.1,21.62,0
814357,oncoming_sedans.383,4.0,22.22,0
814393,oncoming_trucks.143,0.9,94.97,0
814394,oncoming_trucks.143,0.8,111.61,0
814395,oncoming_trucks.143,0.7,133.45,0
814396,oncoming_trucks.143,0.5,163.09,0
814397,oncoming_trucks.143,0.4,205.11,0
814398,oncoming_trucks.143,0.3,268.48,0
814399,oncoming_trucks.143,0.2,373.37,0
814620,oncoming_sedans.381,3.5,25.71,0
814621,oncoming_sedans.381,3.6,24.61,0
814622,oncoming_sedans.381,3.8,23.63,0
814623,oncoming_sedans.381,3.9,22.77,0
814624,oncoming_sedans.381,4.1,22.01,0
814625,oncoming_sedans.381,4.2,21.34,0
814626,oncoming_sedans.381,4.3,20.77,0
814627,oncoming_sedans.381,4.4,20.27,0
814628,oncoming_sedans.381,4.5,19.86,0
814629,oncoming_sedans.381,4.6,19.52,0
814630,oncoming_sedans.381,4.6,19.26,0
814631,oncoming_sedans.381,4.7,19.07,0
814632,oncoming_sedans.381,4.7,18.95,0
814633,oncoming_sedans.381,4.7,18.9,0
814634,oncoming_sedans.381,4.7,18.93,0
814635,oncoming_sedans.381,4.7,19.03,0
814636,oncoming_sedans.381,4.7,19.21,0
814637,oncoming_sedans.381,4.6,19.47,0
814638,oncoming_sedans.381,4.5,19.81,0
814639,oncoming_sedans.381,4.4,20.25,0
814640,oncoming_sedans.381,4.3,20.78,0
814641,oncoming_sedans.381,4.2,21.42,0
814642,oncoming_sedans.381,4.0,22.18,0
814643,oncoming_sedans.381,3.9,23.06,0
814644,oncoming_sedans.381,3.7,24.09,0
814645,oncoming_sedans.381,3.5,25.28,0
817391,oncoming_trucks.143,0.2,386.32,0
817392,oncoming_trucks.143,0.3,289.66,0
817393,oncoming_trucks.143,0.4,225.85,0
817394,oncoming_trucks.143,0.5,181.52,0
817395,oncoming_trucks.143,0.6,149.47,0
817396,oncoming_trucks.143,0.7,125.54,0
817397,oncoming_trucks.143,0.8,107.21,0
817398,oncoming_trucks.143,1.0,92.85,0
817399,oncoming_trucks.143,1.1,81.4,0
817400,oncoming_trucks.143,1.2,72.12,0
817401,oncoming_trucks.143,1.4,64.49,0
817402,oncoming_trucks.143,1.5,58.15,0
817403,oncoming_trucks.143,1.7,52.83,0
817404,oncoming_trucks.143,1.9,48.31,0
817405,oncoming_trucks.143,2.0,44.46,0
817406,oncoming_trucks.143,2.2,41.14,0
817407,oncoming_trucks.143,2.3,38.27,0
817408,oncoming_trucks.143,2.5,35.77,0
817409,oncoming_trucks.143,2.7,33.58,0
817410,oncoming_trucks.143,2.8,31.67,0
817411,oncoming_trucks.143,3.0,29.98,0
817412,oncoming_trucks.143,3.1,28.49,0
817413,oncoming_trucks.143,3.3,27.18,0
817414,oncoming_trucks.143,3.4,26.03,0
817415,oncoming_trucks.143,3.6,25.01,0
817416,oncoming_trucks.143,3.7,24.11,0
817417,oncoming_trucks.143,3.8,23.32,0
817418,oncoming_trucks.143,4.0,22.64,0
817419,oncoming_trucks.143,4.1,22.05,0
817420,oncoming_trucks.143,4.2,21.56,0
817421,oncoming_trucks.143,4.2,21.14,0
817422,oncoming_trucks.143,4.3,20.81,0
817423,oncoming_trucks.143,4.4,20.56,0
817424,oncoming_trucks.143,4.4,20.38,0
817425,oncoming_trucks.143,4.4,20.28,0
817426,oncoming_trucks.143,4.4,20.27,0
817427,oncoming_trucks.143,4.4,20.33,0
817428,oncoming_trucks.143,4.4,20.48,0
817429,oncoming_trucks.143,4.3,20.72,0
817430,oncoming_trucks.143,4.2,21.06,0
817431,oncoming_trucks.143,4.2,21.5,0
817432,oncoming_trucks.143,4.1,22.06,0
817433,oncoming_trucks.143,3.9,22.74,0
817434,oncoming_trucks.143,3.8,23.56,0
817435,oncoming_trucks.143,3.6,24.54,0
817684,oncoming_sedans.388,2.1,43.31,0
817685,oncoming_sedans.388,2.2,40.22,0
817686,oncoming_sedans.388,2.4,37.52,0
817687,oncoming_sedans.388,2.5,35.17,0
817688,oncoming_sedans.388,2.7,33.1,0
817689,oncoming_sedans.388,2.9,31.28,0
817690,oncoming_sedans.388,3.0,29.69,0
817691,oncoming_sedans.388,3.2,28.29,0
817692,oncoming_sedans.388,3.3,27.07,0
817693,oncoming_sedans.388,3.4,26.0,0
817694,oncoming_sedans.388,3.6,25.08,0
817695,oncoming_sedans.388,3.7,24.29,0
817696,oncoming_sedans.388,3.8,23.61,0
817697,oncoming_sedans.388,3.9,23.05,0
817698,oncoming_sedans.388,4.0,22.59,0
817699,oncoming_sedans.388,4.0,22.23,0
817700,oncoming_sedans.388,4.1,21.96,0
817701,oncoming_sedans.388,4.1,21.79,0
817702,oncoming_sedans.388,4.1,21.72,0
817703,oncoming_sedans.388,4.1,21.73,0
817704,oncoming_sedans.388,4.1,21.84,0
817705,oncoming_sedans.388,4.1,22.04,0
817706,oncoming_sedans.388,4.0,22.33,0
817707,oncoming_sedans.388,3.9,22.73,0
817708,oncoming_sedans.388,3.9,23.24,0
817709,oncoming_sedans.388,3.8,23.85,0
817710,oncoming_sedans.388,3.6,24.59,0
817711,oncoming_sedans.388,3.5,25.46,0
817712,oncoming_sedans.388,3.4,26.46,0
817713,oncoming_sedans.388,3.2,27.62,0
817714,oncoming_sedans.388,3.1,28.95,0
817715,oncoming_sedans.388,2.9,30.46,0
820475,oncoming_sedans.384,2.3,39.44,0
820476,oncoming_sedans.384,2.4,36.82,0
820477,oncoming_sedans.384,2.6,34.54,0
820478,oncoming_sedans.384,2.8,32.52,0
820479,oncoming_sedans.384,2.9,30.75,0
820480,oncoming_sedans.384,3.1,29.19,0
820481,oncoming_sedans.384,3.2,27.81,0
820482,oncoming_sedans.384,3.4,26.59,0
820483,oncoming_sedans.384,3.5,25.52,0
820484,oncoming_sedans.384,3.6,24.58,0
820485,oncoming_sedans.384,3.8,23.75,0
820486,oncoming_sedans.384,3.9,23.04,0
820487,oncoming_sedans.384,4.0,22.42,0
820488,oncoming_sedans.384,4.1,21.9,0
820489,oncoming_sedans.384,4.2,21.47,0
820490,oncoming_sedans.384,4.2,21.13,0
820491,oncoming_sedans.384,4.3,20.87,0
820492,oncoming_sedans.384,4.3,20.69,0
820493,oncoming_sedans.384,4.3,20.6,0
820494,oncoming_sedans.384,4.3,20.59,0
820495,oncoming_sedans.384,4.3,20.67,0
820496,oncoming_sedans.384,4.3,20.83,0
820497,oncoming_sedans.384,4.2,21.09,0
820498,oncoming_sedans.384,4.2,21.44,0
820499,oncoming_sedans.384,4.1,21.9,0
820500,oncoming_sedans.384,4.0,22.47,0
820501,oncoming_sedans.384,3.9,23.17,0
820502,oncoming_sedans.384,3.7,24.0,0
820503,oncoming_sedans.384,3.6,24.98,0
820504,oncoming_sedans.384,3.4,26.13,0
820763,oncoming_sedans.385,2.7,33.63,0
820764,oncoming_sedans.385,2.9,31.31,0
820765,oncoming_sedans.385,3.1,29.3,0
820766,oncoming_sedans.385,3.2,27.53,0
820767,oncoming_sedans.385,3.4,25.99,0
820768,oncoming_sedans.385,3.6,24.65,0
820769,oncoming_sedans.385,3.8,23.47,0
820770,oncoming_sedans.385,4.0,22.44,0
820771,oncoming_sedans.385,4.2,21.55,0
820772,oncoming_sedans.385,4.3,20.78,0
820773,oncoming_sedans.385,4.4,20.12,0
820774,oncoming_sedans.385,4.6,19.57,0
820775,oncoming_sedans.385,4.7,19.11,0
820776,oncoming_sedans.385,4.8,18.74,0
820777,oncoming_sedans.385,4.8,18.45,0
820778,oncoming_sedans.385,4.9,18.25,0
820779,oncoming_sedans.385,4.9,18.13,0
820780,oncoming_sedans.385,4.9,18.09,0
820781,oncoming_sedans.385,4.9,18.13,0
820782,oncoming_sedans.385,4.9,18.25,0
820783,oncoming_sedans.385,4.8,18.46,0
820784,oncoming_sedans.385,4.8,18.75,0
820785,oncoming_sedans.385,4.7,19.13,0
820786,oncoming_sedans.385,4.6,19.61,0
820787,oncoming_sedans.385,4.4,20.19,0
820788,oncoming_sedans.385,4.3,20.87,0
823545,oncoming_trucks.144,1.8,50.19,0
823546,oncoming_trucks.144,1.9,46.37,0
823547,oncoming_trucks.144,2.1,43.05,0
823548,oncoming_trucks.144,2.2,40.16,0
823549,oncoming_trucks.144,2.4,37.62,0
823550,oncoming_trucks.144,2.5,35.38,0
823551,oncoming_trucks.144,2.7,33.4,0
823552,oncoming_trucks.144,2.8,31.65,0
823553,oncoming_trucks.144,3.0,30.09,0
823554,oncoming_trucks.144,3.1,28.7,0
823555,oncoming_trucks.144,3.3,27.46,0
823556,oncoming_trucks.144,3.4,26.37,0
823557,oncoming_trucks.144,3.5,25.39,0
823558,oncoming_trucks.144,3.6,24.52,0
823559,oncoming_trucks.144,3.8,23.76,0
823560,oncoming_trucks.144,3.9,23.08,0
823561,oncoming_trucks.144,4.0,22.5,0
823562,oncoming_trucks.144,4.1,22.0,0
823563,oncoming_trucks.144,4.1,21.58,0
823564,oncoming_trucks.144,4.2,21.24,0
823565,oncoming_trucks.144,4.3,20.97,0
823566,oncoming_trucks.144,4.3,20.78,0
823567,oncoming_trucks.144,4.3,20.66,0
823568,oncoming_trucks.144,4.3,20.62,0
823569,oncoming_trucks.144,4.3,20.67,0
823570,oncoming_trucks.144,4.3,20.79,0
823571,oncoming_trucks.144,4.3,21.01,0
823572,oncoming_trucks.144,4.2,21.32,0
823573,oncoming_trucks.144,4.1,21.73,0
823574,oncoming_trucks.144,4.0,22.26,0
823575,oncoming_trucks.144,3.9,22.92,0
823576,oncoming_trucks.144,3.8,23.72,0
823577,oncoming_trucks.144,3.6,24.68,0
823578,oncoming_trucks.144,3.5,25.82,0
823579,oncoming_trucks.144,3.3,27.17,0
823580,oncoming_trucks.144,3.1,28.76,0
823581,oncoming_trucks.144,2.9,30.63,0
823582,oncoming_trucks.144,2.7,32.84,0
823819,oncoming_sedans.386,0.2,369.09,0
823820,oncoming_sedans.386,0.3,288.96,0
823821,oncoming_sedans.386,0.4,231.44,0
823822,oncoming_sedans.386,0.5,188.98,0
823823,oncoming_sedans.386,0.6,156.88,0
823824,oncoming_sedans.386,0.7,132.14,0
823825,oncoming_sedans.386,0.8,112.73,0
823826,oncoming_sedans.386,0.9,97.28,0
823827,oncoming_sedans.386,1.1,84.81,0
823828,oncoming_sedans.386,1.2,74.64,0
823829,oncoming_sedans.386,1.4,66.25,0
823830,oncoming_sedans.386,1.5,59.26,0
823831,oncoming_sedans.386,1.7,53.4,0
823832,oncoming_sedans.386,1.8,48.45,0
823833,oncoming_sedans.386,2.0,44.24,0
823834,oncoming_sedans.386,2.2,40.64,0
823835,oncoming_sedans.386,2.4,37.54,0
823836,oncoming_sedans.386,2.6,34.86,0
823837,oncoming_sedans.386,2.7,32.55,0
823838,oncoming_sedans.386,2.9,30.54,0
823839,oncoming_sedans.386,3.1,28.79,0
823840,oncoming_sedans.386,3.3,27.27,0
823841,oncoming_sedans.386,3.4,25.95,0
823842,oncoming_sedans.386,3.6,24.81,0
823843,oncoming_sedans.386,3.8,23.82,0
823844,oncoming_sedans.386,3.9,22.98,0
823845,oncoming_sedans.386,4.0,22.26,0
823846,oncoming_sedans.386,4.1,21.66,0
823847,oncoming_sedans.386,4.2,21.17,0
823848,oncoming_sedans.386,4.3,20.79,0
823849,oncoming_sedans.386,4.4,20.5,0
823850,oncoming_sedans.386,4.4,20.31,0
823851,oncoming_sedans.386,4.4,20.21,0
823852,oncoming_sedans.386,4.4,20.21,0
823853,oncoming_sedans.386,4.4,20.3,0
823854,oncoming_sedans.386,4.4,20.48,0
823855,oncoming_sedans.386,4.3,20.76,0
823856,oncoming_sedans.386,4.2,21.14,0
823857,oncoming_sedans.386,4.1,21.62,0
823858,oncoming_sedans.386,4.0,22.22,0
823894,oncoming_trucks.145,0.9,94.98,0
823895,oncoming_trucks.145,0.8,111.61,0
823896,oncoming_trucks.145,0.7,133.46,0
823897,oncoming_trucks.145,0.5,163.12,0
823898,oncoming_trucks.145,0.4,205.16,0
823899,oncoming_trucks.145,0.3,268.58,0
823900,oncoming_trucks.145,0.2,373.58,0
826621,oncoming_sedans.390,3.0,29.43,0
826622,oncoming_sedans.390,3.2,28.15,0
826623,oncoming_sedans.390,3.3,27.03,0
826624,oncoming_sedans.390,3.4,26.03,0
826625,oncoming_sedans.390,3.6,25.16,0
826626,oncoming_sedans.390,3.7,24.4,0
826627,oncoming_sedans.390,3.8,23.74,0
826628,oncoming_sedans.390,3.9,23.18,0
826629,oncoming_sedans.390,3.9,22.71,0
826630,oncoming_sedans.390,4.0,22.33,0
826631,oncoming_sedans.390,4.1,22.04,0
826632,oncoming_sedans.390,4.1,21.83,0
826633,oncoming_sedans.390,4.1,21.7,0
826634,oncoming_sedans.390,4.1,21.66,0
826635,oncoming_sedans.390,4.1,21.71,0
826636,oncoming_sedans.390,4.1,21.84,0
826637,oncoming_sedans.390,4.1,22.07,0
826638,oncoming_sedans.390,4.0,22.39,0
826639,oncoming_sedans.390,3.9,22.82,0
826640,oncoming_sedans.390,3.8,23.36,0
826641,oncoming_sedans.390,3.7,24.02,0
826642,oncoming_sedans.390,3.6,24.81,0
826643,oncoming_sedans.390,3.5,25.75,0
826644,oncoming_sedans.390,3.3,26.85,0
826645,oncoming_sedans.390,3.2,28.13,0
826646,oncoming_sedans.390,3.0,29.62,0
826647,oncoming_sedans.390,2.9,31.34,0
826648,oncoming_sedans.390,2.7,33.33,0
826649,oncoming_sedans.390,2.5,35.64,0
826650,oncoming_sedans.390,2.3,38.31,0
826651,oncoming_sedans.390,2.2,41.41,0
826652,oncoming_sedans.390,2.0,45.02,0
826892,oncoming_trucks.145,0.2,386.52,0
826893,oncoming_trucks.145,0.3,289.78,0
826894,oncoming_trucks.145,0.4,225.93,0
826895,oncoming_trucks.145,0.5,181.57,0
826896,oncoming_trucks.145,0.6,149.51,0
826897,oncoming_trucks.145,0.7,125.57,0
826898,oncoming_trucks.145,0.8,107.23,0
826899,oncoming_trucks.145,1.0,92.87,0
826900,oncoming_trucks.145,1.1,81.41,0
826901,oncoming_trucks.145,1.2,72.13,0
826902,oncoming_trucks.145,1.4,64.5,0
826903,oncoming_trucks.145,1.5,58.16,0
826904,oncoming_trucks.145,1.7,52.83,0
826905,oncoming_trucks.145,1.9,48.32,0
826906,oncoming_trucks.145,2.0,44.46,0
826907,oncoming_trucks.145,2.2,41.14,0
826908,oncoming_trucks.145,2.3,38.27,0
826909,oncoming_trucks.145,2.5,35.77,0
826910,oncoming_trucks.145,2.7,33.58,0
826911,oncoming_trucks.145,2.8,31.67,0
826912,oncoming_trucks.145,3.0,29.98,0
826913,oncoming_trucks.145,3.1,28.5,0
826914,oncoming_trucks.145,3.3,27.18,0
826915,oncoming_trucks.145,3.4,26.03,0
826916,oncoming_trucks.145,3.6,25.01,0
826917,oncoming_trucks.145,3.7,24.11,0
826918,oncoming_trucks.145,3.8,23.32,0
826919,oncoming_trucks.145,4.0,22.64,0
826920,oncoming_trucks.145,4.1,22.05,0
826921,oncoming_trucks.145,4.2,21.56,0
826922,oncoming_trucks.145,4.2,21.14,0
826923,oncoming_trucks.145,4.3,20.81,0
826924,oncoming_trucks.145,4.4,20.56,0
826925,oncoming_trucks.145,4.4,20.38,0
826926,oncoming_trucks.145,4.4,20.28,0
826927,oncoming_trucks.145,4.4,20.27,0
826928,oncoming_trucks.145,4.4,20.33,0
826929,oncoming_trucks.145,4.4,20.48,0
826930,oncoming_trucks.145,4.3,20.72,0
826931,oncoming_trucks.145,4.2,21.06,0
826932,oncoming_trucks.145,4.2,21.5,0
826933,oncoming_trucks.145,4.1,22.06,0
826934,oncoming_trucks.145,3.9,22.74,0
826935,oncoming_trucks.145,3.8,23.56,0
826936,oncoming_trucks.145,3.6,24.54,0
829703,oncoming_trucks.147,3.3,27.36,0
829704,oncoming_trucks.147,3.4,26.13,0
829705,oncoming_trucks.147,3.6,25.03,0
829706,oncoming_trucks.147,3.7,24.05,0
829707,oncoming_trucks.147,3.9,23.16,0
829708,oncoming_trucks.147,4.0,22.38,0
829709,oncoming_trucks.147,4.1,21.68,0
829710,oncoming_trucks.147,4.2,21.06,0
829711,oncoming_trucks.147,4.4,20.51,0
829712,oncoming_trucks.147,4.5,20.04,0
829713,oncoming_trucks.147,4.6,19.63,0
829714,oncoming_trucks.147,4.6,19.29,0
829715,oncoming_trucks.147,4.7,19.02,0
829716,oncoming_trucks.147,4.8,18.81,0
829717,oncoming_trucks.147,4.8,18.66,0
829718,oncoming_trucks.147,4.8,18.58,0
829719,oncoming_trucks.147,4.8,18.56,0
829720,oncoming_trucks.147,4.8,18.62,0
829721,oncoming_trucks.147,4.8,18.74,0
829722,oncoming_trucks.147,4.7,18.95,0
829723,oncoming_trucks.147,4.6,19.24,0
829724,oncoming_trucks.147,4.6,19.63,0
829725,oncoming_trucks.147,4.4,20.12,0
829726,oncoming_trucks.147,4.3,20.72,0
829727,oncoming_trucks.147,4.2,21.45,0
829728,oncoming_trucks.147,4.0,22.32,0
829729,oncoming_trucks.147,3.8,23.35,0
829730,oncoming_trucks.147,3.6,24.57,0
829731,oncoming_trucks.147,3.4,26.01,0
829732,oncoming_trucks.147,3.2,27.7,0
829733,oncoming_trucks.147,3.0,29.68,0
829734,oncoming_trucks.147,2.8,32.01,0
829981,school_buses.29,1.8,49.66,0
829982,school_buses.29,1.9,45.92,0
829983,school_buses.29,2.1,42.67,0
829984,school_buses.29,2.2,39.83,0
829985,school_buses.29,2.4,37.34,0
829986,school_buses.29,2.5,35.14,0
829987,school_buses.29,2.7,33.2,0
829988,school_buses.29,2.8,31.47,0
829989,school_buses.29,3.0,29.93,0
829990,school_buses.29,3.1,28.56,0
829991,school_buses.29,3.3,27.34,0
829992,school_buses.29,3.4,26.25,0
829993,school_buses.29,3.5,25.28,0
829994,school_buses.29,3.7,24.41,0
829995,school_buses.29,3.8,23.64,0
829996,school_buses.29,3.9,22.97,0
829997,school_buses.29,4.0,22.38,0
829998,school_buses.29,4.1,21.87,0
829999,school_buses.29,4.2,21.44,0
830000,school_buses.29,4.2,21.09,0
830001,school_buses.29,4.3,20.81,0
830002,school_buses.29,4.3,20.6,0
830003,school_buses.29,4.4,20.47,0
830004,school_buses.29,4.4,20.42,0
830005,school_buses.29,4.4,20.44,0
830006,school_buses.29,4.4,20.55,0
830007,school_buses.29,4.3,20.75,0
830008,school_buses.29,4.3,21.04,0
830009,school_buses.29,4.2,21.44,0
830010,school_buses.29,4.1,21.96,0
830011,school_buses.29,4.0,22.6,0
830012,school_buses.29,3.8,23.39,0
830013,school_buses.29,3.7,24.35,0
830014,school_buses.29,3.5,25.5,0
830015,school_buses.29,3.3,26.88,0
830016,school_buses.29,3.1,28.52,0
830017,school_buses.29,2.9,30.47,0
830018,school_buses.29,2.7,32.8,0
830019,school_buses.29,2.5,35.6,0
830020,school_buses.29,2.3,38.95,0
830021,school_buses.29,2.1,42.97,0
830022,school_buses.29,1.9,47.82,0
830023,school_buses.29,1.7,53.71,0
830024,school_buses.29,1.5,60.97,0
830025,school_buses.29,1.3,70.02,0
830026,school_buses.29,1.1,81.49,0
830027,school_buses.29,0.9,96.35,0
830028,school_buses.29,0.8,116.14,0
830029,school_buses.29,0.6,143.46,0
830030,school_buses.29,0.5,183.09,0
830031,school_buses.29,0.4,244.88,0
830032,school_buses.29,0.3,352.82,0
832775,oncoming_sedans.387,3.0,29.54,0
832776,oncoming_sedans.387,3.2,28.25,0
832777,oncoming_sedans.387,3.3,27.11,0
832778,oncoming_sedans.387,3.4,26.11,0
832779,oncoming_sedans.387,3.5,25.23,0
832780,oncoming_sedans.387,3.7,24.46,0
832781,oncoming_sedans.387,3.8,23.8,0
832782,oncoming_sedans.387,3.9,23.23,0
832783,oncoming_sedans.387,3.9,22.76,0
832784,oncoming_sedans.387,4.0,22.38,0
832785,oncoming_sedans.387,4.1,22.08,0
832786,oncoming_sedans.387,4.1,21.87,0
832787,oncoming_sedans.387,4.1,21.74,0
832788,oncoming_sedans.387,4.1,21.69,0
832789,oncoming_sedans.387,4.1,21.74,0
832790,oncoming_sedans.387,4.1,21.87,0
832791,oncoming_sedans.387,4.1,22.09,0
832792,oncoming_sedans.387,4.0,22.41,0
832793,oncoming_sedans.387,3.9,22.84,0
832794,oncoming_sedans.387,3.8,23.38,0
832795,oncoming_sedans.387,3.7,24.03,0
832796,oncoming_sedans.387,3.6,24.82,0
832797,oncoming_sedans.387,3.5,25.76,0
832798,oncoming_sedans.387,3.3,26.86,0
832799,oncoming_sedans.387,3.2,28.14,0
832800,oncoming_sedans.387,3.0,29.63,0
832801,oncoming_sedans.387,2.9,31.35,0
832802,oncoming_sedans.387,2.7,33.34,0
832803,oncoming_sedans.387,2.5,35.64,0
832804,oncoming_sedans.387,2.3,38.31,0
832805,oncoming_sedans.387,2.2,41.41,0
832806,oncoming_sedans.387,2.0,45.02,0
833026,school_buses.29,0.2,366.8,0
833027,school_buses.29,0.3,274.89,0
833028,school_buses.29,0.4,214.69,0
833029,school_buses.29,0.5,173.06,0
833030,school_buses.29,0.6,143.04,0
833031,school_buses.29,0.7,120.66,0
833032,school_buses.29,0.9,103.51,0
833033,school_buses.29,1.0,90.07,0
833034,school_buses.29,1.1,79.33,0
833035,school_buses.29,1.3,70.6,0
833036,school_buses.29,1.4,63.41,0
833037,school_buses.29,1.6,57.42,0
833038,school_buses.29,1.7,52.36,0
833039,school_buses.29,1.9,48.06,0
833040,school_buses.29,2.0,44.37,0
833041,school_buses.29,2.2,41.18,0
833042,school_buses.29,2.3,38.41,0
833043,school_buses.29,2.5,35.99,0
833044,school_buses.29,2.6,33.86,0
833045,school_buses.29,2.8,31.98,0
833046,school_buses.29,3.0,30.31,0
833047,school_buses.29,3.1,28.84,0
833048,school_buses.29,3.3,27.53,0
833049,school_buses.29,3.4,26.36,0
833050,school_buses.29,3.5,25.33,0
833051,school_buses.29,3.7,24.41,0
833052,school_buses.29,3.8,23.6,0
833053,school_buses.29,3.9,22.88,0
833054,school_buses.29,4.0,22.26,0
833055,school_buses.29,4.1,21.72,0
833056,school_buses.29,4.2,21.26,0
833057,school_buses.29,4.3,20.88,0
833058,school_buses.29,4.3,20.58,0
833059,school_buses.29,4.4,20.35,0
833060,school_buses.29,4.4,20.19,0
833061,school_buses.29,4.4,20.12,0
833062,school_buses.29,4.4,20.12,0
833063,school_buses.29,4.4,20.2,0
833064,school_buses.29,4.4,20.38,0
833065,school_buses.29,4.3,20.64,0
833066,school_buses.29,4.3,21.02,0
833067,school_buses.29,4.2,21.5,0
833068,school_buses.29,4.0,22.11,0
835853,oncoming_sedans.389,3.5,25.71,0
835854,oncoming_sedans.389,3.6,24.61,0
835855,oncoming_sedans.389,3.8,23.63,0
835856,oncoming_sedans.389,3.9,22.77,0
835857,oncoming_sedans.389,4.1,22.01,0
835858,oncoming_sedans.389,4.2,21.34,0
835859,oncoming_sedans.389,4.3,20.77,0
835860,oncoming_sedans.389,4.4,20.27,0
835861,oncoming_sedans.389,4.5,19.86,0
835862,oncoming_sedans.389,4.6,19.52,0
835863,oncoming_sedans.389,4.6,19.26,0
835864,oncoming_sedans.389,4.7,19.07,0
835865,oncoming_sedans.389,4.7,18.95,0
835866,oncoming_sedans.389,4.7,18.9,0
835867,oncoming_sedans.389,4.7,18.93,0
835868,oncoming_sedans.389,4.7,19.03,0
835869,oncoming_sedans.389,4.7,19.21,0
835870,oncoming_sedans.389,4.6,19.47,0
835871,oncoming_sedans.389,4.5,19.81,0
835872,oncoming_sedans.389,4.4,20.25,0
835873,oncoming_sedans.389,4.3,20.78,0
835874,oncoming_sedans.389,4.2,21.42,0
835875,oncoming_sedans.389,4.0,22.18,0
835876,oncoming_sedans.389,3.9,23.06,0
835877,oncoming_sedans.389,3.7,24.09,0
835878,oncoming_sedans.389,3.5,25.28,0
836106,oncoming_trucks.146,1.1,81.92,0
836107,oncoming_trucks.146,1.2,73.1,0
836108,oncoming_trucks.146,1.4,65.79,0
836109,oncoming_trucks.146,1.5,59.66,0
836110,oncoming_trucks.146,1.6,54.47,0
836111,oncoming_trucks.146,1.8,50.04,0
836112,oncoming_trucks.146,1.9,46.22,0
836113,oncoming_trucks.146,2.1,42.91,0
836114,oncoming_trucks.146,2.2,40.03,0
836115,oncoming_trucks.146,2.4,37.51,0
836116,oncoming_trucks.146,2.5,35.28,0
836117,oncoming_trucks.146,2.7,33.32,0
836118,oncoming_trucks.146,2.8,31.58,0
836119,oncoming_trucks.146,3.0,30.04,0
836120,oncoming_trucks.146,3.1,28.67,0
836121,oncoming_trucks.146,3.3,27.45,0
836122,oncoming_trucks.146,3.4,26.36,0
836123,oncoming_trucks.146,3.5,25.4,0
836124,oncoming_trucks.146,3.6,24.55,0
836125,oncoming_trucks.146,3.8,23.8,0
836126,oncoming_trucks.146,3.9,23.14,0
836127,oncoming_trucks.146,4.0,22.58,0
836128,oncoming_trucks.146,4.0,22.09,0
836129,oncoming_trucks.146,4.1,21.69,0
836130,oncoming_trucks.146,4.2,21.37,0
836131,oncoming_trucks.146,4.2,21.13,0
836132,oncoming_trucks.146,4.3,20.96,0
836133,oncoming_trucks.146,4.3,20.88,0
836134,oncoming_trucks.146,4.3,20.88,0
836135,oncoming_trucks.146,4.3,20.96,0
836136,oncoming_trucks.146,4.2,21.13,0
836137,oncoming_trucks.146,4.2,21.41,0
836138,oncoming_trucks.146,4.1,21.78,0
836139,oncoming_trucks.146,4.0,22.28,0
836140,oncoming_trucks.146,3.9,22.9,0
836141,oncoming_trucks.146,3.8,23.67,0
836142,oncoming_trucks.146,3.6,24.6,0
836143,oncoming_trucks.146,3.5,25.71,0
836144,oncoming_trucks.146,3.3,27.05,0
836145,oncoming_trucks.146,3.1,28.64,0
836146,oncoming_trucks.146,2.9,30.53,0
838917,oncoming_sedans.393,2.1,43.31,0
838918,oncoming_sedans.393,2.2,40.22,0
838919,oncoming_sedans.393,2.4,37.52,0
838920,oncoming_sedans.393,2.5,35.16,0
838921,oncoming_sedans.393,2.7,33.1,0
838922,oncoming_sedans.393,2.9,31.28,0
838923,oncoming_sedans.393,3.0,29.69,0
838924,oncoming_sedans.393,3.2,28.29,0
838925,oncoming_sedans.393,3.3,27.07,0
838926,oncoming_sedans.393,3.4,26.0,0
838927,oncoming_sedans.393,3.6,25.08,0
838928,oncoming_sedans.393,3.7,24.28,0
838929,oncoming_sedans.393,3.8,23.61,0
838930,oncoming_sedans.393,3.9,23.04,0
838931,oncoming_sedans.393,4.0,22.58,0
838932,oncoming_sedans.393,4.0,22.22,0
838933,oncoming_sedans.393,4.1,21.96,0
838934,oncoming_sedans.393,4.1,21.79,0
838935,oncoming_sedans.393,4.1,21.71,0
838936,oncoming_sedans.393,4.1,21.73,0
838937,oncoming_sedans.393,4.1,21.83,0
838938,oncoming_sedans.393,4.1,22.03,0
838939,oncoming_sedans.393,4.0,22.33,0
838940,oncoming_sedans.393,3.9,22.73,0
838941,oncoming_sedans.393,3.9,23.24,0
838942,oncoming_sedans.393,3.8,23.85,0
838943,oncoming_sedans.393,3.6,24.59,0
838944,oncoming_sedans.393,3.5,25.46,0
838945,oncoming_sedans.393,3.4,26.46,0
838946,oncoming_sedans.393,3.2,27.62,0
838947,oncoming_sedans.393,3.1,28.95,0
838948,oncoming_sedans.393,2.9,30.46,0
839195,oncoming_sedans.391,3.2,27.99,0
839196,oncoming_sedans.391,3.4,26.63,0
839197,oncoming_sedans.391,3.5,25.43,0
839198,oncoming_sedans.391,3.7,24.36,0
839199,oncoming_sedans.391,3.8,23.42,0
839200,oncoming_sedans.391,4.0,22.59,0
839201,oncoming_sedans.391,4.1,21.86,0
839202,oncoming_sedans.391,4.2,21.22,0
839203,oncoming_sedans.391,4.3,20.68,0
839204,oncoming_sedans.391,4.4,20.21,0
839205,oncoming_sedans.391,4.5,19.83,0
839206,oncoming_sedans.391,4.6,19.53,0
839207,oncoming_sedans.391,4.6,19.3,0
839208,oncoming_sedans.391,4.7,19.14,0
839209,oncoming_sedans.391,4.7,19.06,0
839210,oncoming_sedans.391,4.7,19.06,0
839211,oncoming_sedans.391,4.7,19.13,0
839212,oncoming_sedans.391,4.6,19.29,0
839213,oncoming_sedans.391,4.6,19.52,0
839214,oncoming_sedans.391,4.5,19.85,0
839215,oncoming_sedans.391,4.4,20.27,0
839216,oncoming_sedans.391,4.3,20.8,0
839217,oncoming_sedans.391,4.2,21.43,0
839218,oncoming_sedans.391,4.0,22.19,0
839219,oncoming_sedans.391,3.9,23.08,0
839220,oncoming_sedans.391,3.7,24.12,0
841996,oncoming_sedans.394,2.7,33.63,0
841997,oncoming_sedans.394,2.9,31.31,0
841998,oncoming_sedans.394,3.1,29.29,0
841999,oncoming_sedans.394,3.3,27.53,0
842000,oncoming_sedans.394,3.4,25.99,0
842001,oncoming_sedans.394,3.6,24.64,0
842002,oncoming_sedans.394,3.8,23.47,0
842003,oncoming_sedans.394,4.0,22.44,0
842004,oncoming_sedans.394,4.2,21.55,0
842005,oncoming_sedans.394,4.3,20.78,0
842006,oncoming_sedans.394,4.4,20.12,0
842007,oncoming_sedans.394,4.6,19.56,0
842008,oncoming_sedans.394,4.7,19.1,0
842009,oncoming_sedans.394,4.8,18.73,0
842010,oncoming_sedans.394,4.8,18.45,0
842011,oncoming_sedans.394,4.9,18.25,0
842012,oncoming_sedans.394,4.9,18.13,0
842013,oncoming_sedans.394,4.9,18.09,0
842014,oncoming_sedans.394,4.9,18.13,0
842015,oncoming_sedans.394,4.9,18.25,0
842016,oncoming_sedans.394,4.8,18.46,0
842017,oncoming_sedans.394,4.8,18.75,0
842018,oncoming_sedans.394,4.7,19.13,0
842019,oncoming_sedans.394,4.6,19.61,0
842020,oncoming_sedans.394,4.4,20.18,0
842021,oncoming_sedans.394,4.3,20.87,0
842056,oncoming_trucks.148,1.0,86.33,0
842057,oncoming_trucks.148,0.9,101.22,0
842058,oncoming_trucks.148,0.7,120.65,0
842059,oncoming_trucks.148,0.6,146.8,0
842060,oncoming_trucks.148,0.5,183.44,0
842061,oncoming_trucks.148,0.4,237.78,0
842062,oncoming_trucks.148,0.3,325.42,0
842263,oncoming_trucks.148,0.2,397.71,0
842264,oncoming_trucks.148,0.3,296.43,0
842265,oncoming_trucks.148,0.4,230.12,0
842266,oncoming_trucks.148,0.5,184.34,0
842267,oncoming_trucks.148,0.6,151.41,0
842268,oncoming_sedans.392,2.2,40.9,0
842268,oncoming_trucks.148,0.7,126.92,0
842269,oncoming_sedans.392,2.4,37.93,0
842269,oncoming_trucks.148,0.8,108.21,0
842270,oncoming_sedans.392,2.5,35.34,0
842270,oncoming_trucks.148,1.0,93.6,0
842271,oncoming_sedans.392,2.7,33.09,0
842271,oncoming_trucks.148,1.1,81.97,0
842272,oncoming_sedans.392,2.9,31.12,0
842272,oncoming_trucks.148,1.2,72.56,0
842273,oncoming_sedans.392,3.0,29.4,0
842273,oncoming_trucks.148,1.4,64.84,0
842274,oncoming_sedans.392,3.2,27.88,0
842274,oncoming_trucks.148,1.5,58.43,0
842275,oncoming_sedans.392,3.4,26.55,0
842275,oncoming_trucks.148,1.7,53.05,0
842276,oncoming_sedans.392,3.5,25.39,0
842276,oncoming_trucks.148,1.8,48.5,0
842277,oncoming_sedans.392,3.7,24.37,0
842277,oncoming_trucks.148,2.0,44.61,0
842278,oncoming_sedans.392,3.8,23.48,0
842278,oncoming_trucks.148,2.2,41.26,0
842279,oncoming_sedans.392,3.9,22.71,0
842279,oncoming_trucks.148,2.3,38.37,0
842280,oncoming_sedans.392,4.1,22.06,0
842280,oncoming_trucks.148,2.5,35.86,0
842281,oncoming_sedans.392,4.2,21.51,0
842281,oncoming_trucks.148,2.7,33.66,0
842282,oncoming_sedans.392,4.3,21.05,0
842282,oncoming_trucks.148,2.8,31.73,0
842283,oncoming_sedans.392,4.3,20.69,0
842283,oncoming_trucks.148,3.0,30.04,0
842284,oncoming_sedans.392,4.4,20.42,0
842284,oncoming_trucks.148,3.1,28.55,0
842285,oncoming_sedans.392,4.4,20.23,0
842285,oncoming_trucks.148,3.3,27.23,0
842286,oncoming_sedans.392,4.4,20.13,0
842286,oncoming_trucks.148,3.4,26.07,0
842287,oncoming_sedans.392,4.4,20.12,0
842287,oncoming_trucks.148,3.6,25.04,0
842288,oncoming_sedans.392,4.4,20.2,0
842288,oncoming_trucks.148,3.7,24.14,0
842289,oncoming_sedans.392,4.4,20.37,0
842289,oncoming_trucks.148,3.8,23.36,0
842290,oncoming_sedans.392,4.3,20.64,0
842290,oncoming_trucks.148,3.9,22.67,0
842291,oncoming_sedans.392,4.3,21.01,0
842291,oncoming_trucks.148,4.1,22.08,0
842292,oncoming_sedans.392,4.2,21.48,0
842292,oncoming_trucks.148,4.1,21.58,0
842293,oncoming_sedans.392,4.1,22.07,0
842293,oncoming_trucks.148,4.2,21.17,0
842294,oncoming_sedans.392,3.9,22.79,0
842294,oncoming_trucks.148,4.3,20.83,0
842295,oncoming_sedans.392,3.8,23.65,0
842295,oncoming_trucks.148,4.3,20.58,0
842296,oncoming_sedans.392,3.6,24.65,0
842296,oncoming_trucks.148,4.4,20.4,0
842297,oncoming_trucks.148,4.4,20.3,0
842298,oncoming_trucks.148,4.4,20.29,0
842299,oncoming_trucks.148,4.4,20.35,0
842300,oncoming_trucks.148,4.4,20.5,0
842301,oncoming_trucks.148,4.3,20.74,0
842302,oncoming_trucks.148,4.2,21.08,0
842303,oncoming_trucks.148,4.2,21.52,0
842304,oncoming_trucks.148,4.1,22.08,0
842305,oncoming_trucks.148,3.9,22.76,0
842306,oncoming_trucks.148,3.8,23.58,0
842307,oncoming_trucks.148,3.6,24.56,0
845071,oncoming_sedans.395,2.1,43.4,0
845072,oncoming_sedans.395,2.2,40.31,0
845073,oncoming_sedans.395,2.4,37.62,0
845074,oncoming_sedans.395,2.5,35.26,0
845075,oncoming_sedans.395,2.7,33.19,0
845076,oncoming_sedans.395,2.9,31.38,0
845077,oncoming_sedans.395,3.0,29.78,0
845078,oncoming_sedans.395,3.2,28.39,0
845079,oncoming_sedans.395,3.3,27.17,0
845080,oncoming_sedans.395,3.4,26.11,0
845081,oncoming_sedans.395,3.6,25.19,0
845082,oncoming_sedans.395,3.7,24.4,0
845083,oncoming_sedans.395,3.8,23.73,0
845084,oncoming_sedans.395,3.9,23.17,0
845085,oncoming_sedans.395,3.9,22.72,0
845086,oncoming_sedans.395,4.0,22.37,0
845087,oncoming_sedans.395,4.0,22.11,0
845088,oncoming_sedans.395,4.1,21.95,0
845089,oncoming_sedans.395,4.1,21.88,0
845090,oncoming_sedans.395,4.1,21.91,0
845091,oncoming_sedans.395,4.1,22.03,0
845092,oncoming_sedans.395,4.0,22.24,0
845093,oncoming_sedans.395,4.0,22.55,0
845094,oncoming_sedans.395,3.9,22.97,0
845095,oncoming_sedans.395,3.8,23.49,0
845096,oncoming_sedans.395,3.7,24.13,0
845097,oncoming_sedans.395,3.6,24.89,0
845098,oncoming_sedans.395,3.5,25.78,0
845099,oncoming_sedans.395,3.3,26.81,0
845100,oncoming_sedans.395,3.2,28.0,0
845101,oncoming_sedans.395,3.0,29.37,0
845102,oncoming_sedans.395,2.9,30.92,0
845347,oncoming_sedans.396,2.3,39.44,0
845348,oncoming_sedans.396,2.4,36.83,0
845349,oncoming_sedans.396,2.6,34.54,0
845350,oncoming_sedans.396,2.8,32.52,0
845351,oncoming_sedans.396,2.9,30.75,0
845352,oncoming_sedans.396,3.1,29.19,0
845353,oncoming_sedans.396,3.2,27.81,0
845354,oncoming_sedans.396,3.4,26.59,0
845355,oncoming_sedans.396,3.5,25.52,0
845356,oncoming_sedans.396,3.6,24.58,0
845357,oncoming_sedans.396,3.8,23.75,0
845358,oncoming_sedans.396,3.9,23.04,0
845359,oncoming_sedans.396,4.0,22.42,0
845360,oncoming_sedans.396,4.1,21.9,0
845361,oncoming_sedans.396,4.2,21.47,0
845362,oncoming_sedans.396,4.2,21.13,0
845363,oncoming_sedans.396,4.3,20.87,0
845364,oncoming_sedans.396,4.3,20.69,0
845365,oncoming_sedans.396,4.3,20.6,0
845366,oncoming_sedans.396,4.3,20.59,0
845367,oncoming_sedans.396,4.3,20.67,0
845368,oncoming_sedans.396,4.3,20.83,0
845369,oncoming_sedans.396,4.2,21.09,0
845370,oncoming_sedans.396,4.2,21.44,0
845371,oncoming_sedans.396,4.1,21.9,0
845372,oncoming_sedans.396,4.0,22.47,0
845373,oncoming_sedans.396,3.9,23.17,0
845374,oncoming_sedans.396,3.7,24.0,0
845375,oncoming_sedans.396,3.6,24.98,0
845376,oncoming_sedans.396,3.4,26.12,0
848148,oncoming_sedans.397,2.7,33.68,0
848149,oncoming_sedans.397,2.9,31.36,0
848150,oncoming_sedans.397,3.1,29.33,0
848151,oncoming_sedans.397,3.2,27.56,0
848152,oncoming_sedans.397,3.4,26.01,0
848153,oncoming_sedans.397,3.6,24.66,0
848154,oncoming_sedans.397,3.8,23.48,0
848155,oncoming_sedans.397,4.0,22.45,0
848156,oncoming_sedans.397,4.2,21.56,0
848157,oncoming_sedans.397,4.3,20.78,0
848158,oncoming_sedans.397,4.4,20.12,0
848159,oncoming_sedans.397,4.6,19.57,0
848160,oncoming_sedans.397,4.7,19.1,0
848161,oncoming_sedans.397,4.8,18.73,0
848162,oncoming_sedans.397,4.9,18.45,0
848163,oncoming_sedans.397,4.9,18.24,0
848164,oncoming_sedans.397,4.9,18.12,0
848165,oncoming_sedans.397,4.9,18.08,0
848166,oncoming_sedans.397,4.9,18.12,0
848167,oncoming_sedans.397,4.9,18.24,0
848168,oncoming_sedans.397,4.9,18.44,0
848169,oncoming_sedans.397,4.8,18.73,0
848170,oncoming_sedans.397,4.7,19.11,0
848171,oncoming_sedans.397,4.6,19.58,0
848172,oncoming_sedans.397,4.4,20.16,0
848173,oncoming_sedans.397,4.3,20.84,0
848208,oncoming_trucks.149,1.0,85.88,0
848209,oncoming_trucks.149,0.9,100.65,0
848210,oncoming_trucks.149,0.7,119.91,0
848211,oncoming_trucks.149,0.6,145.79,0
848212,oncoming_trucks.149,0.5,182.01,0
848213,oncoming_trucks.149,0.4,235.62,0
848214,oncoming_trucks.149,0.3,321.81,0
848414,oncoming_sedans.398,2.1,43.02,0
848415,oncoming_sedans.398,2.2,40.02,0
848416,oncoming_sedans.398,2.4,37.41,0
848417,oncoming_sedans.398,2.5,35.11,0
848418,oncoming_sedans.398,2.7,33.08,0
848419,oncoming_sedans.398,2.9,31.29,0
848420,oncoming_sedans.398,3.0,29.71,0
848421,oncoming_sedans.398,3.2,28.32,0
848422,oncoming_sedans.398,3.3,27.09,0
848423,oncoming_sedans.398,3.4,26.0,0
848424,oncoming_sedans.398,3.6,25.05,0
848425,oncoming_sedans.398,3.7,24.22,0
848426,oncoming_sedans.398,3.8,23.49,0
848427,oncoming_sedans.398,3.9,22.88,0
848428,oncoming_sedans.398,4.0,22.36,0
848429,oncoming_sedans.398,4.1,21.93,0
848430,oncoming_sedans.398,4.1,21.59,0
848431,oncoming_sedans.398,4.2,21.33,0
848432,oncoming_sedans.398,4.2,21.16,0
848433,oncoming_sedans.398,4.2,21.07,0
848434,oncoming_sedans.398,4.2,21.07,0
848435,oncoming_sedans.398,4.2,21.15,0
848436,oncoming_sedans.398,4.2,21.32,0
848437,oncoming_sedans.398,4.1,21.58,0
848438,oncoming_sedans.398,4.1,21.94,0
848439,oncoming_sedans.398,4.0,22.4,0
848440,oncoming_sedans.398,3.9,22.97,0
848441,oncoming_sedans.398,3.8,23.66,0
848442,oncoming_sedans.398,3.7,24.47,0
848443,oncoming_sedans.398,3.5,25.43,0
848444,oncoming_sedans.398,3.4,26.55,0
851209,oncoming_trucks.149,0.2,397.99,0
851210,oncoming_trucks.149,0.3,296.6,0
851211,oncoming_trucks.149,0.4,230.23,0
851212,oncoming_trucks.149,0.5,184.42,0
851213,oncoming_trucks.149,0.6,151.46,0
851214,oncoming_trucks.149,0.7,126.96,0
851215,oncoming_trucks.149,0.8,108.24,0
851216,oncoming_trucks.149,1.0,93.62,0
851217,oncoming_trucks.149,1.1,81.98,0
851218,oncoming_trucks.149,1.2,72.57,0
851219,oncoming_trucks.149,1.4,64.85,0
851220,oncoming_trucks.149,1.5,58.44,0
851221,oncoming_trucks.149,1.7,53.06,0
851222,oncoming_trucks.149,1.8,48.5,0
851223,oncoming_trucks.149,2.0,44.61,0
851224,oncoming_trucks.149,2.2,41.27,0
851225,oncoming_trucks.149,2.3,38.38,0
851226,oncoming_trucks.149,2.5,35.86,0
851227,oncoming_trucks.149,2.7,33.66,0
851228,oncoming_trucks.149,2.8,31.74,0
851229,oncoming_trucks.149,3.0,30.04,0
851230,oncoming_trucks.149,3.1,28.55,0
851231,oncoming_trucks.149,3.3,27.23,0
851232,oncoming_trucks.149,3.4,26.07,0
851233,oncoming_trucks.149,3.6,25.05,0
851234,oncoming_trucks.149,3.7,24.15,0
851235,oncoming_trucks.149,3.8,23.36,0
851236,oncoming_trucks.149,3.9,22.67,0
851237,oncoming_trucks.149,4.1,22.08,0
851238,oncoming_trucks.149,4.1,21.58,0
851239,oncoming_trucks.149,4.2,21.17,0
851240,oncoming_trucks.149,4.3,20.83,0
851241,oncoming_trucks.149,4.3,20.58,0
851242,oncoming_trucks.149,4.4,20.4,0
851243,oncoming_trucks.149,4.4,20.3,0
851244,oncoming_trucks.149,4.4,20.29,0
851245,oncoming_trucks.149,4.4,20.35,0
851246,oncoming_trucks.149,4.4,20.5,0
851247,oncoming_trucks.149,4.3,20.74,0
851248,oncoming_trucks.149,4.2,21.08,0
851249,oncoming_trucks.149,4.2,21.52,0
851250,oncoming_trucks.149,4.1,22.08,0
851251,oncoming_trucks.149,3.9,22.76,0
851252,oncoming_trucks.149,3.8,23.58,0
851253,oncoming_trucks.149,3.6,24.56,0
851481,oncoming_sedans.399,2.1,43.25,0
851482,oncoming_sedans.399,2.2,40.17,0
851483,oncoming_sedans.399,2.4,37.48,0
851484,oncoming_sedans.399,2.5,35.13,0
851485,oncoming_sedans.399,2.7,33.07,0
851486,oncoming_sedans.399,2.9,31.26,0
851487,oncoming_sedans.399,3.0,29.67,0
851488,oncoming_sedans.399,3.2,28.27,0
851489,oncoming_sedans.399,3.3,27.05,0
851490,oncoming_sedans.399,3.4,25.99,0
851491,oncoming_sedans.399,3.6,25.06,0
851492,oncoming_sedans.399,3.7,24.27,0
851493,oncoming_sedans.399,3.8,23.59,0
851494,oncoming_sedans.399,3.9,23.03,0
851495,oncoming_sedans.399,4.0,22.57,0
851496,oncoming_sedans.399,4.0,22.21,0
851497,oncoming_sedans.399,4.1,21.95,0
851498,oncoming_sedans.399,4.1,21.77,0
851499,oncoming_sedans.399,4.1,21.7,0
851500,oncoming_sedans.399,4.1,21.71,0
851501,oncoming_sedans.399,4.1,21.81,0
851502,oncoming_sedans.399,4.1,22.01,0
851503,oncoming_sedans.399,4.0,22.31,0
851504,oncoming_sedans.399,3.9,22.71,0
851505,oncoming_sedans.399,3.9,23.21,0
851506,oncoming_sedans.399,3.8,23.83,0
851507,oncoming_sedans.399,3.6,24.56,0
851508,oncoming_sedans.399,3.5,25.43,0
851509,oncoming_sedans.399,3.4,26.43,0
851510,oncoming_sedans.399,3.2,27.59,0
851511,oncoming_sedans.399,3.1,28.91,0
851512,oncoming_sedans.399,2.9,30.42,0
